season,week,home_team,away_team,home_score,away_score,neutral,spread_line,total_line
1999,1,PHI,ARI,24,25,0,-3.0,37.0
1999,1,LA,BAL,27,10,0,0.0,39.0
1999,1,IND,BUF,31,14,0,-3.0,45.5
1999,1,NO,CAR,19,10,0,3.5,38.0
1999,1,TEN,CIN,36,35,0,9.0,42.0
1999,1,WAS,DAL,35,41,0,2.5,42.0
1999,1,SEA,DET,20,28,0,9.5,42.0
1999,1,CHI,KC,20,17,0,-3.0,38.0
1999,1,ATL,MIN,14,17,0,-4.0,49.0
1999,1,NYJ,NE,28,30,0,7.0,44.5
1999,1,TB,NYG,13,17,0,5.5,37.5
1999,1,GB,LV,28,24,0,9.0,43.0
1999,1,CLE,PIT,0,43,0,-6.0,37.0
1999,1,JAX,SF,41,3,0,5.5,49.0
1999,1,DEN,MIA,21,38,0,6.0,43.0
1999,2,MIA,ARI,19,16,0,9.0,41.0
1999,2,TEN,CLE,26,9,0,16.0,40.0
1999,2,KC,DEN,26,10,0,-3.5,40.5
1999,2,DET,GB,23,15,0,-6.5,43.0
1999,2,NE,IND,31,28,0,4.5,45.0
1999,2,CAR,JAX,20,22,0,-9.5,44.0
1999,2,SF,NO,28,21,0,11.0,42.5
1999,2,BUF,NYJ,17,3,0,4.0,42.0
1999,2,MIN,LV,17,22,0,11.0,47.5
1999,2,BAL,PIT,20,23,0,-2.5,38.0
1999,2,CIN,LAC,7,34,0,1.0,40.5
1999,2,CHI,SEA,13,14,0,-3.5,39.0
1999,2,PHI,TB,5,19,0,-6.5,36.5
1999,2,NYG,WAS,21,50,0,2.5,41.0
1999,2,DAL,ATL,24,7,0,6.5,42.0
1999,3,LA,ATL,35,7,0,-1.5,40.5
1999,3,LV,CHI,24,17,0,7.0,38.0
1999,3,CAR,CIN,27,3,0,7.0,39.5
1999,3,BAL,CLE,17,10,0,12.0,36.5
1999,3,TB,DEN,13,10,0,2.5,38.0
1999,3,KC,DET,31,21,0,3.5,39.5
1999,3,LAC,IND,19,27,0,-1.0,44.0
1999,3,GB,MIN,23,20,0,0.0,47.5
1999,3,NE,NYG,16,14,0,6.0,43.5
1999,3,BUF,PHI,26,0,0,11.5,38.0
1999,3,PIT,SEA,10,29,0,4.0,38.0
1999,3,JAX,TEN,19,20,0,9.5,45.0
1999,3,NYJ,WAS,20,27,0,-1.0,43.5
1999,3,ARI,SF,10,24,0,-2.5,45.5
1999,4,DAL,ARI,35,7,0,7.0,42.5
1999,4,ATL,BAL,13,19,0,2.5,36.5
1999,4,WAS,CAR,38,36,0,8.5,45.5
1999,4,PIT,JAX,3,17,0,-3.0,42.0
1999,4,LAC,KC,21,14,0,1.0,38.5
1999,4,CLE,NE,7,19,0,-12.0,38.0
1999,4,CHI,NO,14,10,0,-1.0,37.0
1999,4,DEN,NYJ,13,21,0,5.5,40.0
1999,4,SEA,LV,22,21,0,3.5,40.5
1999,4,NYG,PHI,16,15,0,9.5,35.5
1999,4,CIN,LA,10,38,0,-3.5,44.0
1999,4,MIN,TB,21,14,0,7.0,40.5
1999,4,SF,TEN,24,22,0,1.5,40.5
1999,4,MIA,BUF,18,23,0,4.5,40.5
1999,5,NO,ATL,17,20,0,3.0,35.5
1999,5,TEN,BAL,14,11,0,7.0,38.5
1999,5,MIN,CHI,22,24,0,13.0,43.5
1999,5,CLE,CIN,17,18,0,-3.0,36.0
1999,5,PHI,DAL,13,10,0,-9.5,37.0
1999,5,LV,DEN,13,16,0,7.0,38.0
1999,5,IND,MIA,31,34,0,-1.5,44.5
1999,5,KC,NE,16,14,0,2.5,41.0
1999,5,ARI,NYG,14,3,0,3.0,37.5
1999,5,BUF,PIT,24,21,0,6.5,38.0
1999,5,DET,LAC,10,20,0,3.5,40.0
1999,5,LA,SF,42,20,0,3.0,45.5
1999,5,GB,TB,26,23,0,6.0,40.5
1999,5,NYJ,JAX,6,16,0,-3.0,40.0
1999,6,SF,CAR,29,31,0,5.0,44.0
1999,6,JAX,CLE,24,7,0,17.5,37.5
1999,6,DEN,GB,31,10,0,-3.5,40.0
1999,6,NYJ,IND,13,16,0,-2.5,42.5
1999,6,NE,MIA,30,31,0,2.5,42.5
1999,6,DET,MIN,25,23,0,-3.5,45.0
1999,6,BUF,LV,14,20,0,3.5,40.5
1999,6,CHI,PHI,16,20,0,6.5,35.0
1999,6,CIN,PIT,3,17,0,-5.0,37.5
1999,6,LAC,SEA,13,10,0,-1.5,37.5
1999,6,ATL,LA,13,41,0,-6.0,45.0
1999,6,NO,TEN,21,24,0,-3.0,36.5
1999,6,ARI,WAS,10,24,0,-3.5,45.5
1999,6,NYG,DAL,13,10,0,-3.0,37.0
1999,7,BAL,KC,8,35,0,-1.0,36.0
1999,7,SEA,BUF,26,16,0,2.5,38.0
1999,7,TB,CHI,6,3,0,8.0,36.5
1999,7,IND,CIN,31,10,0,11.0,44.0
1999,7,LA,CLE,34,3,0,18.5,43.5
1999,7,NE,DEN,24,23,0,3.5,40.5
1999,7,CAR,DET,9,24,0,4.5,43.5
1999,7,LAC,GB,3,31,0,-3.0,37.5
1999,7,NYG,NO,31,3,0,3.0,34.0
1999,7,LV,NYJ,24,23,0,6.5,37.0
1999,7,MIA,PHI,16,13,0,9.0,34.0
1999,7,MIN,SF,40,16,0,7.0,48.5
1999,7,DAL,WAS,38,20,0,2.0,44.0
1999,7,PIT,ATL,13,9,0,5.5,37.0
1999,8,BAL,BUF,10,13,0,-3.5,36.5
1999,8,ATL,CAR,27,20,0,2.0,40.0
1999,8,WAS,CHI,48,22,0,8.5,44.0
1999,8,NO,CLE,16,21,0,9.5,33.5
1999,8,IND,DAL,34,24,0,3.0,46.0
1999,8,CIN,JAX,10,41,0,-12.5,38.0
1999,8,LV,MIA,9,16,0,3.0,37.0
1999,8,DEN,MIN,20,23,0,-2.5,45.0
1999,8,ARI,NE,3,27,0,-3.0,40.5
1999,8,PHI,NYG,17,23,0,-2.5,33.5
1999,8,KC,LAC,34,0,0,6.0,35.0
1999,8,TEN,LA,24,21,0,-3.0,44.5
1999,8,DET,TB,20,3,0,-2.5,35.0
1999,8,GB,SEA,7,27,0,5.5,42.5
1999,9,NYJ,ARI,12,7,0,7.0,35.0
1999,9,CLE,BAL,9,41,0,-3.5,32.5
1999,9,WAS,BUF,17,34,0,4.0,47.0
1999,9,GB,CHI,13,14,0,9.0,40.5
1999,9,SEA,CIN,37,20,0,14.0,40.0
1999,9,LAC,DEN,17,33,0,0.0,35.5
1999,9,ATL,JAX,7,30,0,-6.0,41.0
1999,9,IND,KC,25,17,0,4.0,45.0
1999,9,CAR,PHI,33,7,0,5.0,36.0
1999,9,SF,PIT,6,27,0,2.5,41.5
1999,9,DET,LA,31,27,0,-4.0,45.0
1999,9,NO,TB,16,31,0,-3.5,33.5
1999,9,MIA,TEN,17,0,0,3.0,37.0
1999,9,MIN,DAL,27,17,0,6.5,47.5
1999,10,JAX,BAL,6,3,0,13.0,37.0
1999,10,LA,CAR,35,10,0,10.0,48.0
1999,10,PIT,CLE,15,16,0,14.5,34.5
1999,10,SEA,DEN,20,17,0,5.5,41.0
1999,10,ARI,DET,23,19,0,-5.5,35.5
1999,10,DAL,GB,27,13,0,-3.0,38.0
1999,10,NYG,IND,19,27,0,-3.0,41.5
1999,10,TB,KC,17,10,0,3.0,34.5
1999,10,BUF,MIA,23,3,0,3.0,37.0
1999,10,CHI,MIN,24,27,0,-6.5,43.0
1999,10,LV,LAC,28,9,0,7.0,36.0
1999,10,NO,SF,24,6,0,-1.0,38.5
1999,10,CIN,TEN,14,24,0,-10.0,41.0
1999,10,PHI,WAS,35,28,0,-6.0,42.0
1999,10,NE,NYJ,17,24,0,6.0,37.0
1999,11,TB,ATL,19,10,0,7.0,34.5
1999,11,CIN,BAL,31,34,0,-5.0,34.5
1999,11,NYJ,BUF,17,7,0,-2.5,36.0
1999,11,CLE,CAR,17,31,0,-5.5,35.5
1999,11,LAC,CHI,20,23,0,0.0,36.0
1999,11,ARI,DAL,13,9,0,-1.5,35.0
1999,11,GB,DET,26,17,0,4.0,39.0
1999,11,PHI,IND,17,44,0,-7.0,41.0
1999,11,MIA,NE,27,17,0,3.5,37.5
1999,11,JAX,NO,41,23,0,12.5,35.0
1999,11,WAS,NYG,23,13,0,5.5,44.5
1999,11,TEN,PIT,16,10,0,5.5,36.5
1999,11,KC,SEA,19,31,0,3.0,37.5
1999,11,SF,LA,7,23,0,-7.5,47.5
1999,11,DEN,LV,27,21,0,1.5,37.0
1999,12,DET,CHI,21,17,0,6.0,44.0
1999,12,DAL,MIA,20,0,0,1.5,38.0
1999,12,NYG,ARI,24,34,0,4.5,34.5
1999,12,CAR,ATL,34,28,0,4.5,40.0
1999,12,PIT,CIN,20,27,0,11.0,36.0
1999,12,BAL,JAX,23,30,0,-7.0,36.5
1999,12,LV,KC,34,37,0,3.5,37.0
1999,12,BUF,NE,17,7,0,4.0,38.0
1999,12,LA,NO,43,12,0,14.0,47.0
1999,12,IND,NYJ,13,6,0,7.0,44.0
1999,12,WAS,PHI,20,17,0,10.0,42.5
1999,12,MIN,LAC,35,27,0,13.5,43.5
1999,12,SEA,TB,3,16,0,6.0,37.0
1999,12,CLE,TEN,21,33,0,-10.5,35.5
1999,12,SF,GB,3,20,0,-6.0,40.5
1999,13,JAX,PIT,20,6,0,10.5,37.0
1999,13,LAC,CLE,23,10,0,7.5,36.0
1999,13,NE,DAL,13,6,0,2.0,38.0
1999,13,CHI,GB,19,35,0,-3.5,39.0
1999,13,MIA,IND,34,37,0,2.0,43.0
1999,13,DEN,KC,10,16,0,3.5,38.5
1999,13,ATL,NO,35,12,0,4.0,39.5
1999,13,NYG,NYJ,41,28,0,-2.5,34.0
1999,13,ARI,PHI,21,17,0,7.0,37.0
1999,13,LV,SEA,30,21,0,1.0,41.0
1999,13,CIN,SF,44,30,0,3.0,39.0
1999,13,CAR,LA,21,34,0,-7.0,49.0
1999,13,BAL,TEN,41,14,0,-3.5,36.5
1999,13,DET,WAS,33,17,0,3.5,49.5
1999,13,TB,MIN,24,17,0,-2.5,39.0
1999,14,TEN,LV,21,14,0,3.0,40.0
1999,14,WAS,ARI,28,3,0,5.5,46.5
1999,14,SF,ATL,26,7,0,-3.0,41.0
1999,14,PIT,BAL,24,31,0,1.5,36.0
1999,14,GB,CAR,31,33,0,8.0,42.0
1999,14,CIN,CLE,44,28,0,7.0,41.0
1999,14,TB,DET,23,16,0,4.0,36.0
1999,14,NYJ,MIA,28,20,0,-3.0,37.0
1999,14,KC,MIN,31,28,0,1.0,42.0
1999,14,IND,NE,20,15,0,7.0,46.5
1999,14,BUF,NYG,17,19,0,8.0,36.5
1999,14,DAL,PHI,20,10,0,9.0,36.5
1999,14,SEA,LAC,16,19,0,9.5,42.5
1999,14,NO,LA,14,30,0,-10.5,49.0
1999,14,JAX,DEN,27,24,0,9.0,37.5
1999,15,KC,PIT,35,19,0,8.5,37.0
1999,15,CAR,SF,41,24,0,7.5,46.0
1999,15,TEN,ATL,30,17,0,10.0,37.0
1999,15,ARI,BUF,21,31,0,-3.0,37.5
1999,15,CHI,DET,28,10,0,-3.0,37.0
1999,15,CLE,JAX,14,24,0,-14.5,39.0
1999,15,PHI,NE,24,9,0,-3.5,37.0
1999,15,BAL,NO,31,8,0,8.5,41.5
1999,15,LA,NYG,31,10,0,10.5,46.5
1999,15,DAL,NYJ,21,22,0,6.0,35.5
1999,15,MIA,LAC,12,9,0,7.5,37.0
1999,15,DEN,SEA,36,30,0,1.5,39.0
1999,15,LV,TB,45,0,0,-1.0,36.0
1999,15,IND,WAS,24,21,0,6.5,51.0
1999,15,MIN,GB,24,20,0,4.5,49.0
1999,16,NO,DAL,31,24,0,-8.5,38.5
1999,16,DET,DEN,7,17,0,4.5,43.5
1999,16,ATL,ARI,37,14,0,2.0,38.0
1999,16,NE,BUF,10,13,0,-3.0,37.5
1999,16,PIT,CAR,30,20,0,-3.5,42.5
1999,16,LA,CHI,34,12,0,10.0,46.5
1999,16,BAL,CIN,22,0,0,7.0,45.5
1999,16,TB,GB,29,10,0,3.5,37.0
1999,16,CLE,IND,28,29,0,-13.5,41.5
1999,16,TEN,JAX,41,14,0,-3.0,39.0
1999,16,SEA,KC,23,14,0,3.0,43.0
1999,16,NYG,MIN,17,34,0,-2.5,43.0
1999,16,LAC,LV,23,20,0,-3.0,38.0
1999,16,SF,WAS,20,26,0,-7.0,47.5
1999,16,MIA,NYJ,31,38,0,3.5,37.0
1999,17,GB,ARI,49,24,0,7.5,38.0
1999,17,NE,BAL,20,3,0,-1.0,37.5
1999,17,JAX,CIN,24,7,0,9.0,39.5
1999,17,MIN,DET,24,17,0,7.0,48.5
1999,17,BUF,IND,31,6,0,-1.5,42.0
1999,17,WAS,MIA,21,10,0,3.0,44.0
1999,17,CAR,NO,45,13,0,8.5,46.5
1999,17,DAL,NYG,26,18,0,6.5,37.5
1999,17,KC,LV,38,41,0,5.0,39.0
1999,17,DEN,LAC,6,12,0,7.0,37.5
1999,17,NYJ,SEA,19,9,0,1.0,38.0
1999,17,PHI,LA,38,31,0,-8.0,42.0
1999,17,CHI,TB,6,20,0,-3.5,34.0
1999,17,PIT,TEN,36,47,0,-4.0,38.0
1999,17,ATL,SF,34,29,0,6.5,46.5
1999,18,TEN,BUF,22,16,0,5.0,39.0
1999,18,WAS,DET,27,13,0,6.0,46.0
1999,18,MIN,DAL,27,10,0,7.0,46.5
1999,18,SEA,MIA,17,20,0,3.5,39.0
1999,19,JAX,MIA,62,7,0,8.0,37.5
1999,19,TB,WAS,14,13,0,4.5,38.0
1999,19,LA,MIN,49,37,0,7.0,52.0
1999,19,IND,TEN,16,19,0,5.5,46.5
1999,20,LA,TB,11,6,0,14.0,46.0
1999,20,JAX,TEN,14,33,0,7.0,39.5
1999,21,TEN,LA,16,23,1,-7.0,48.0
2000,1,NYG,ARI,21,16,0,6.5,40.0
2000,1,PIT,BAL,0,16,0,-2.5,37.0
2000,1,WAS,CAR,20,17,0,10.5,47.5
2000,1,MIN,CHI,30,27,0,4.5,46.5
2000,1,NO,DET,10,14,0,0.0,40.5
2000,1,KC,IND,14,27,0,-3.5,44.0
2000,1,CLE,JAX,7,27,0,-10.5,38.5
2000,1,GB,NYJ,16,20,0,2.5,44.0
2000,1,DAL,PHI,14,41,0,6.0,39.5
2000,1,LV,LAC,9,6,0,6.5,39.5
2000,1,MIA,SEA,23,0,0,2.0,36.0
2000,1,ATL,SF,36,28,0,6.5,46.5
2000,1,NE,TB,16,21,0,-3.0,36.0
2000,1,BUF,TEN,16,13,0,1.0,40.0
2000,1,LA,DEN,41,36,0,6.5,48.5
2000,2,DEN,ATL,42,14,0,4.5,47.0
2000,2,SF,CAR,22,38,0,-3.0,48.0
2000,2,TB,CHI,41,0,0,7.0,36.5
2000,2,CIN,CLE,7,24,0,6.0,40.5
2000,2,ARI,DAL,32,31,0,3.0,38.5
2000,2,BUF,GB,27,18,0,6.0,38.5
2000,2,BAL,JAX,39,36,0,3.0,36.5
2000,2,TEN,KC,17,14,0,8.5,38.5
2000,2,MIN,MIA,13,7,0,3.0,42.5
2000,2,LAC,NO,27,28,0,5.5,35.5
2000,2,PHI,NYG,18,33,0,3.0,39.5
2000,2,IND,LV,31,38,0,6.5,44.0
2000,2,SEA,LA,34,37,0,-7.5,46.0
2000,2,DET,WAS,15,10,0,-5.5,43.0
2000,2,NYJ,NE,20,19,0,6.5,39.5
2000,3,CAR,ATL,10,15,0,6.0,48.5
2000,3,MIA,BAL,19,6,0,-1.5,34.5
2000,3,NYJ,BUF,27,14,0,1.0,38.5
2000,3,JAX,CIN,13,0,0,13.0,41.0
2000,3,LV,DEN,24,33,0,3.0,44.0
2000,3,NE,MIN,13,21,0,1.5,42.5
2000,3,SEA,NO,20,10,0,6.0,40.0
2000,3,CHI,NYG,7,14,0,2.0,42.0
2000,3,GB,PHI,6,3,0,4.0,42.5
2000,3,CLE,PIT,23,20,0,-2.5,35.5
2000,3,KC,LAC,42,10,0,4.5,35.5
2000,3,LA,SF,41,24,0,17.0,55.5
2000,3,DET,TB,10,31,0,-3.0,34.5
2000,3,WAS,DAL,21,27,0,10.5,44.0
2000,4,BAL,CIN,37,0,0,11.5,38.0
2000,4,LV,CLE,36,10,0,10.5,40.5
2000,4,CHI,DET,14,21,0,1.0,37.5
2000,4,ARI,GB,3,29,0,1.0,42.0
2000,4,DEN,KC,22,23,0,7.0,43.0
2000,4,MIA,NE,10,3,0,4.5,34.5
2000,4,TB,NYJ,17,21,0,7.0,36.0
2000,4,NO,PHI,7,21,0,1.5,38.0
2000,4,LAC,SEA,12,20,0,-2.5,36.0
2000,4,DAL,SF,24,41,0,6.5,47.0
2000,4,ATL,LA,20,41,0,-6.5,55.0
2000,4,PIT,TEN,20,23,0,-7.0,36.0
2000,4,NYG,WAS,6,16,0,1.0,42.0
2000,4,IND,JAX,43,14,0,3.5,45.0
2000,5,SF,ARI,27,20,0,3.5,47.5
2000,5,PHI,ATL,38,10,0,3.0,41.5
2000,5,CLE,BAL,0,12,0,-8.5,37.0
2000,5,GB,CHI,24,27,0,5.5,41.0
2000,5,CAR,DAL,13,16,0,6.5,47.5
2000,5,BUF,IND,16,18,0,1.5,44.0
2000,5,CIN,MIA,16,31,0,-7.0,33.0
2000,5,DET,MIN,24,31,0,1.0,42.5
2000,5,DEN,NE,19,28,0,8.5,41.0
2000,5,TEN,NYG,28,14,0,5.0,38.0
2000,5,JAX,PIT,13,24,0,11.0,38.5
2000,5,LA,LAC,57,31,0,17.0,53.5
2000,5,WAS,TB,20,17,0,1.5,36.0
2000,5,KC,SEA,24,17,0,4.0,38.5
2000,6,JAX,BAL,10,15,0,2.5,37.5
2000,6,MIA,BUF,22,13,0,2.0,34.5
2000,6,ARI,CLE,29,21,0,4.5,40.5
2000,6,LAC,DEN,7,21,0,-6.5,43.0
2000,6,DET,GB,31,24,0,3.0,43.0
2000,6,NE,IND,24,16,0,-3.5,43.5
2000,6,CHI,NO,10,31,0,5.5,40.0
2000,6,ATL,NYG,6,13,0,1.0,42.0
2000,6,SF,LV,28,34,0,-4.5,48.5
2000,6,NYJ,PIT,3,20,0,8.0,37.5
2000,6,CAR,SEA,26,3,0,3.5,43.0
2000,6,CIN,TEN,14,23,0,-10.0,38.0
2000,6,PHI,WAS,14,17,0,-3.5,37.5
2000,6,MIN,TB,30,23,0,1.0,39.0
2000,7,LA,ATL,45,29,0,18.0,58.5
2000,7,WAS,BAL,10,3,0,3.5,34.5
2000,7,NO,CAR,24,6,0,0.0,40.5
2000,7,PIT,CIN,15,0,0,8.5,37.0
2000,7,DEN,CLE,44,10,0,12.5,44.0
2000,7,NYG,DAL,19,14,0,4.0,40.5
2000,7,SEA,IND,24,37,0,-5.5,44.0
2000,7,CHI,MIN,16,28,0,-6.0,44.0
2000,7,NE,NYJ,17,34,0,3.0,37.0
2000,7,KC,LV,17,20,0,3.0,43.5
2000,7,ARI,PHI,14,33,0,-2.5,39.0
2000,7,BUF,LAC,27,24,0,10.0,36.5
2000,7,GB,SF,31,28,0,4.5,49.5
2000,7,TEN,JAX,27,13,0,6.0,38.0
2000,8,TB,DET,14,28,0,8.0,37.5
2000,8,DAL,ARI,48,7,0,7.0,41.5
2000,8,MIN,BUF,31,27,0,6.5,44.5
2000,8,PHI,CHI,13,9,0,6.5,41.0
2000,8,PIT,CLE,22,0,0,9.0,37.5
2000,8,CIN,DEN,31,21,0,-10.0,43.0
2000,8,IND,NE,30,23,0,8.5,47.0
2000,8,ATL,NO,19,21,0,-1.5,40.0
2000,8,LV,SEA,31,3,0,7.5,44.0
2000,8,CAR,SF,34,16,0,3.0,50.0
2000,8,KC,LA,54,34,0,-7.0,56.0
2000,8,BAL,TEN,6,14,0,1.0,35.0
2000,8,JAX,WAS,16,35,0,-4.0,36.0
2000,8,NYJ,MIA,40,37,0,3.0,35.0
2000,9,ATL,CAR,13,12,0,-3.0,45.5
2000,9,CLE,CIN,3,12,0,-3.0,35.5
2000,9,IND,DET,30,18,0,7.0,47.0
2000,9,MIA,GB,28,20,0,4.5,38.5
2000,9,DAL,JAX,17,23,0,4.0,44.5
2000,9,SEA,KC,19,24,0,-4.0,43.0
2000,9,TB,MIN,41,13,0,3.0,41.0
2000,9,ARI,NO,10,21,0,-6.0,41.0
2000,9,BUF,NYJ,23,20,0,3.5,41.0
2000,9,LAC,LV,13,15,0,-6.5,42.5
2000,9,NYG,PHI,24,7,0,3.5,37.0
2000,9,BAL,PIT,6,9,0,4.5,33.0
2000,9,SF,LA,24,34,0,-7.0,63.0
2000,9,WAS,TEN,21,27,0,4.0,37.5
2000,10,CIN,BAL,7,27,0,-6.0,32.5
2000,10,NE,BUF,13,16,0,2.0,39.0
2000,10,LA,CAR,24,27,0,13.5,59.5
2000,10,PHI,DAL,16,13,0,3.0,40.0
2000,10,NYJ,DEN,23,30,0,3.0,45.5
2000,10,CHI,IND,27,24,0,-7.0,45.0
2000,10,LV,KC,49,31,0,3.5,44.0
2000,10,DET,MIA,8,23,0,2.5,39.0
2000,10,CLE,NYG,3,24,0,-10.0,33.5
2000,10,TEN,PIT,9,7,0,8.0,36.5
2000,10,SEA,LAC,17,15,0,4.5,39.5
2000,10,NO,SF,31,15,0,5.5,48.0
2000,10,ATL,TB,14,27,0,-7.0,40.0
2000,10,ARI,WAS,16,15,0,-10.0,40.0
2000,10,GB,MIN,26,20,0,-3.5,47.5
2000,11,MIN,ARI,31,14,0,12.5,46.0
2000,11,DET,ATL,13,10,0,8.5,40.0
2000,11,TEN,BAL,23,24,0,4.0,33.0
2000,11,BUF,CHI,20,3,0,7.0,39.5
2000,11,DAL,CIN,23,6,0,8.5,39.0
2000,11,TB,GB,20,15,0,9.0,42.0
2000,11,SF,KC,21,7,0,-3.5,52.0
2000,11,LAC,MIA,7,17,0,-5.0,33.5
2000,11,CLE,NE,19,11,0,-7.0,32.0
2000,11,CAR,NO,10,20,0,-2.0,37.5
2000,11,IND,NYJ,23,15,0,6.0,52.5
2000,11,PIT,PHI,23,26,0,3.5,33.0
2000,11,JAX,SEA,21,28,0,7.5,40.5
2000,11,NYG,LA,24,38,0,-2.0,48.5
2000,11,DEN,LV,27,24,0,3.0,50.0
2000,12,PHI,ARI,34,9,0,7.0,38.0
2000,12,SF,ATL,16,6,0,5.5,47.5
2000,12,KC,BUF,17,21,0,3.0,42.0
2000,12,MIN,CAR,31,17,0,9.5,46.5
2000,12,NE,CIN,16,13,0,7.0,36.0
2000,12,TEN,CLE,24,10,0,16.0,35.5
2000,12,BAL,DAL,27,0,0,7.0,36.0
2000,12,NYG,DET,21,31,0,5.0,36.5
2000,12,GB,IND,26,24,0,-6.0,46.0
2000,12,PIT,JAX,24,34,0,3.0,37.0
2000,12,MIA,NYJ,3,20,0,3.5,38.5
2000,12,NO,LV,22,31,0,-3.0,43.0
2000,12,DEN,LAC,38,37,0,9.5,42.5
2000,12,CHI,TB,13,10,0,-8.0,36.0
2000,12,LA,WAS,20,33,0,5.5,56.0
2000,13,DAL,MIN,15,27,0,-7.0,48.0
2000,13,DET,NE,34,9,0,6.5,38.0
2000,13,LV,ATL,41,14,0,11.0,44.0
2000,13,TB,BUF,31,17,0,4.0,37.0
2000,13,NYJ,CHI,17,10,0,7.0,39.5
2000,13,BAL,CLE,44,7,0,15.0,34.0
2000,13,SEA,DEN,31,38,0,-3.0,45.5
2000,13,LAC,KC,17,16,0,-3.0,41.0
2000,13,IND,MIA,14,17,0,5.5,44.5
2000,13,LA,NO,24,31,0,13.5,53.5
2000,13,ARI,NYG,7,31,0,-6.0,39.0
2000,13,WAS,PHI,20,23,0,7.0,37.0
2000,13,CIN,PIT,28,48,0,-4.0,34.0
2000,13,JAX,TEN,16,13,0,-3.0,41.5
2000,13,CAR,GB,31,14,0,0.0,44.0
2000,14,MIN,DET,24,17,0,9.0,48.5
2000,14,CIN,ARI,24,13,0,4.0,38.5
2000,14,JAX,CLE,48,0,0,14.5,39.0
2000,14,TB,DAL,27,7,0,10.0,37.0
2000,14,NO,DEN,23,38,0,0.0,45.0
2000,14,CHI,GB,6,28,0,-2.5,39.0
2000,14,NYJ,IND,27,17,0,2.5,44.0
2000,14,BUF,MIA,6,33,0,3.5,36.0
2000,14,WAS,NYG,7,9,0,6.0,38.0
2000,14,PIT,LV,21,20,0,-3.0,42.0
2000,14,ATL,SEA,10,30,0,0.0,42.0
2000,14,LAC,SF,17,45,0,-2.5,44.0
2000,14,CAR,LA,16,3,0,-8.0,58.0
2000,14,PHI,TEN,13,15,0,-3.0,36.5
2000,14,NE,KC,30,24,0,1.0,41.0
2000,15,JAX,ARI,44,10,0,15.0,42.0
2000,15,KC,CAR,15,14,0,2.5,42.0
2000,15,TEN,CIN,35,3,0,13.0,36.0
2000,15,GB,DET,26,13,0,3.5,41.0
2000,15,LA,MIN,40,29,0,3.5,56.5
2000,15,CHI,NE,24,17,0,2.0,36.5
2000,15,SF,NO,27,31,0,3.0,47.5
2000,15,LV,NYJ,31,7,0,3.5,47.0
2000,15,CLE,PHI,24,35,0,-14.0,35.5
2000,15,NYG,PIT,30,10,0,3.5,35.5
2000,15,BAL,LAC,24,3,0,13.5,36.5
2000,15,DEN,SEA,31,24,0,10.0,48.0
2000,15,MIA,TB,13,16,0,2.5,34.5
2000,15,DAL,WAS,32,13,0,-6.0,39.0
2000,15,IND,BUF,44,20,0,6.0,45.0
2000,16,SEA,LV,27,24,0,-6.0,47.5
2000,16,PIT,WAS,24,3,0,-1.0,37.5
2000,16,NO,ATL,23,7,0,10.0,41.0
2000,16,ARI,BAL,7,13,0,-15.0,37.5
2000,16,SF,CHI,17,0,0,6.0,45.5
2000,16,KC,DEN,20,7,0,-3.0,47.0
2000,16,NYJ,DET,7,10,0,6.5,39.5
2000,16,MIN,GB,28,33,0,7.5,49.0
2000,16,MIA,IND,13,20,0,3.0,42.0
2000,16,CIN,JAX,17,14,0,-10.5,42.5
2000,16,BUF,NE,10,13,0,4.5,39.0
2000,16,DAL,NYG,13,17,0,-6.5,36.0
2000,16,CAR,LAC,30,22,0,8.5,38.5
2000,16,CLE,TEN,0,24,0,-16.0,37.0
2000,16,TB,LA,38,35,0,-1.0,49.0
2000,17,SEA,BUF,23,42,0,3.0,42.5
2000,17,NYG,JAX,28,25,0,4.0,37.5
2000,17,DEN,SF,38,9,0,7.0,48.5
2000,17,WAS,ARI,20,3,0,7.0,38.5
2000,17,LV,CAR,52,9,0,9.0,45.5
2000,17,DET,CHI,20,23,0,10.0,37.0
2000,17,PHI,CIN,16,7,0,10.5,35.0
2000,17,ATL,KC,29,13,0,-4.5,40.5
2000,17,NE,MIA,24,27,0,-4.0,35.0
2000,17,IND,MIN,31,10,0,3.0,53.5
2000,17,BAL,NYJ,34,20,0,6.0,35.5
2000,17,LAC,PIT,21,34,0,-3.0,37.5
2000,17,NO,LA,21,26,0,-3.5,56.0
2000,17,GB,TB,17,14,0,2.5,38.0
2000,17,TEN,DAL,31,0,0,13.5,37.5
2000,18,MIA,IND,23,17,0,-1.5,42.0
2000,18,NO,LA,31,28,0,-5.5,55.0
2000,18,BAL,DEN,21,3,0,3.5,41.0
2000,18,PHI,TB,21,3,0,-3.0,34.0
2000,19,LV,MIA,27,0,0,9.0,42.0
2000,19,MIN,NO,34,16,0,8.0,49.5
2000,19,TEN,BAL,10,24,0,6.0,34.0
2000,19,NYG,PHI,20,10,0,4.5,33.5
2000,20,LV,BAL,3,16,0,6.0,38.0
2000,20,NYG,MIN,41,0,0,-1.0,41.5
2000,21,NYG,BAL,7,34,1,-3.0,33.0
2001,1,SF,ATL,16,13,0,3.5,46.0
2001,1,MIN,CAR,13,24,0,10.0,45.0
2001,1,BAL,CHI,17,6,0,10.5,33.5
2001,1,GB,DET,28,6,0,5.5,41.5
2001,1,NYJ,IND,24,45,0,-1.5,44.5
2001,1,TEN,MIA,23,31,0,6.5,34.0
2001,1,CIN,NE,23,17,0,0.0,36.0
2001,1,BUF,NO,6,24,0,-1.5,37.5
2001,1,KC,LV,24,27,0,-3.0,43.0
2001,1,JAX,PIT,21,3,0,3.0,37.5
2001,1,CLE,SEA,6,9,0,-4.0,38.5
2001,1,PHI,LA,17,20,0,-3.0,46.0
2001,1,DAL,TB,6,10,0,-9.0,34.0
2001,1,LAC,WAS,30,3,0,2.5,36.5
2001,1,DEN,NYG,31,20,0,7.0,43.5
2001,2,CIN,BAL,21,10,0,-7.0,33.5
2001,2,IND,BUF,42,26,0,10.0,44.5
2001,2,ATL,CAR,24,16,0,3.5,41.0
2001,2,ARI,DEN,17,38,0,-8.5,45.0
2001,2,CLE,DET,24,14,0,-1.5,33.0
2001,2,CHI,MIN,17,10,0,-3.0,43.5
2001,2,KC,NYG,3,13,0,1.5,39.0
2001,2,NE,NYJ,3,10,0,-1.5,38.5
2001,2,MIA,LV,18,15,0,1.5,40.0
2001,2,SEA,PHI,3,27,0,-2.5,37.0
2001,2,DAL,LAC,21,32,0,-3.5,34.0
2001,2,SF,LA,26,30,0,-6.0,50.0
2001,2,JAX,TEN,13,6,0,2.0,36.0
2001,2,GB,WAS,37,0,0,8.5,41.0
2001,3,ARI,ATL,14,34,0,-3.0,42.0
2001,3,DEN,BAL,13,20,0,4.5,41.0
2001,3,LAC,CIN,28,14,0,6.5,39.0
2001,3,JAX,CLE,14,23,0,8.5,35.5
2001,3,PHI,DAL,40,18,0,13.5,34.5
2001,3,CAR,GB,7,28,0,-3.5,41.0
2001,3,NE,IND,44,13,0,-11.5,45.0
2001,3,WAS,KC,13,45,0,-3.0,35.5
2001,3,LA,MIA,42,10,0,6.0,44.0
2001,3,NYG,NO,21,13,0,3.0,37.0
2001,3,BUF,PIT,3,20,0,-3.0,36.0
2001,3,LV,SEA,38,14,0,10.5,39.0
2001,3,MIN,TB,20,16,0,-2.5,39.0
2001,3,NYJ,SF,17,19,0,3.0,44.5
2001,4,PHI,ARI,20,21,0,14.5,41.0
2001,4,SF,CAR,24,14,0,6.5,45.0
2001,4,ATL,CHI,3,31,0,3.5,39.5
2001,4,PIT,CIN,16,7,0,5.0,35.5
2001,4,LV,DAL,28,21,0,18.0,41.5
2001,4,TB,GB,14,10,0,3.0,36.5
2001,4,SEA,JAX,24,15,0,-3.5,35.0
2001,4,DEN,KC,20,6,0,10.0,48.0
2001,4,NO,MIN,28,15,0,3.5,44.0
2001,4,MIA,NE,30,10,0,9.5,35.0
2001,4,BUF,NYJ,36,42,0,-4.5,36.0
2001,4,CLE,LAC,20,16,0,-3.0,35.0
2001,4,BAL,TEN,26,7,0,3.5,33.5
2001,4,NYG,WAS,23,9,0,14.0,36.0
2001,4,DET,LA,0,35,0,-12.5,48.5
2001,5,CHI,ARI,20,13,0,7.0,39.5
2001,5,GB,BAL,31,23,0,0.0,34.0
2001,5,CIN,CLE,24,14,0,1.5,35.0
2001,5,SEA,DEN,34,21,0,-6.0,44.0
2001,5,MIN,DET,31,26,0,10.0,44.0
2001,5,NYJ,MIA,21,17,0,-3.0,38.0
2001,5,CAR,NO,25,27,0,-5.0,39.5
2001,5,LA,NYG,15,14,0,10.5,45.0
2001,5,IND,LV,18,23,0,3.5,52.0
2001,5,KC,PIT,17,20,0,2.5,36.0
2001,5,NE,LAC,29,26,0,-3.0,36.0
2001,5,ATL,SF,31,37,0,-3.0,43.5
2001,5,TEN,TB,31,28,0,3.0,33.0
2001,5,DAL,WAS,9,7,0,3.0,37.0
2001,6,JAX,BUF,10,13,0,9.0,38.5
2001,6,NO,ATL,13,20,0,8.0,42.0
2001,6,CLE,BAL,24,14,0,-7.5,33.0
2001,6,WAS,CAR,17,14,0,-3.5,36.0
2001,6,CIN,CHI,0,24,0,1.0,36.0
2001,6,LAC,DEN,27,10,0,-2.5,43.5
2001,6,MIN,GB,35,13,0,-3.0,47.5
2001,6,ARI,KC,24,16,0,-2.0,41.0
2001,6,IND,NE,17,38,0,10.5,48.0
2001,6,TB,PIT,10,17,0,5.0,33.5
2001,6,NYJ,LA,14,34,0,-7.0,46.5
2001,6,DET,TEN,24,27,0,-5.5,38.5
2001,6,NYG,PHI,9,10,0,3.0,35.5
2001,7,KC,IND,28,35,0,-3.0,47.5
2001,7,DAL,ARI,17,3,0,-3.0,38.0
2001,7,LAC,BUF,27,24,0,7.5,39.0
2001,7,DET,CIN,27,31,0,3.0,39.5
2001,7,BAL,JAX,18,17,0,7.5,33.0
2001,7,SEA,MIA,20,24,0,-2.5,36.5
2001,7,TB,MIN,41,14,0,3.0,38.5
2001,7,DEN,NE,31,20,0,7.0,43.0
2001,7,LA,NO,31,34,0,12.0,48.5
2001,7,WAS,NYG,35,21,0,-7.5,33.5
2001,7,CAR,NYJ,12,13,0,-2.5,39.0
2001,7,PHI,LV,10,20,0,1.0,39.0
2001,7,CHI,SF,37,31,0,2.0,39.0
2001,7,PIT,TEN,34,7,0,3.0,36.0
2001,8,PIT,BAL,10,13,0,2.0,33.0
2001,8,MIA,CAR,23,6,0,10.0,34.5
2001,8,CHI,CLE,27,21,0,4.5,34.0
2001,8,NYG,DAL,27,24,0,10.5,35.5
2001,8,SF,DET,21,13,0,8.5,47.0
2001,8,BUF,IND,14,30,0,-3.0,44.5
2001,8,TEN,JAX,28,24,0,3.0,37.5
2001,8,LAC,KC,20,25,0,5.5,41.0
2001,8,ATL,NE,10,24,0,3.0,42.5
2001,8,NO,NYJ,9,16,0,6.5,42.5
2001,8,ARI,PHI,7,21,0,-7.0,39.5
2001,8,WAS,SEA,27,14,0,-2.5,37.0
2001,8,GB,TB,21,20,0,5.0,37.0
2001,8,LV,DEN,38,28,0,5.5,45.5
2001,9,NE,BUF,21,11,0,6.0,40.0
2001,9,LA,CAR,48,14,0,18.0,47.0
2001,9,JAX,CIN,30,13,0,4.0,39.5
2001,9,ATL,DAL,20,13,0,6.0,37.0
2001,9,CHI,GB,12,20,0,-2.5,37.5
2001,9,NYJ,KC,27,7,0,4.5,40.5
2001,9,IND,MIA,24,27,0,3.0,44.0
2001,9,PHI,MIN,48,17,0,4.5,41.0
2001,9,SF,NO,28,27,0,3.0,45.0
2001,9,ARI,NYG,10,17,0,-5.5,37.5
2001,9,SEA,LV,34,27,0,-6.0,43.5
2001,9,CLE,PIT,12,15,0,-3.0,33.0
2001,9,DEN,LAC,26,16,0,5.5,45.0
2001,9,DET,TB,17,20,0,-5.0,40.0
2001,9,TEN,BAL,10,16,0,-1.5,35.0
2001,10,GB,ATL,20,23,0,10.0,39.5
2001,10,TB,CHI,24,27,0,5.0,35.0
2001,10,BAL,CLE,17,27,0,8.0,33.0
2001,10,ARI,DET,45,38,0,2.0,39.5
2001,10,NO,IND,34,20,0,5.5,47.5
2001,10,PIT,JAX,20,7,0,5.5,36.0
2001,10,MIA,NYJ,0,24,0,5.5,37.5
2001,10,DAL,PHI,3,36,0,-7.0,37.0
2001,10,LV,LAC,34,24,0,9.0,45.0
2001,10,BUF,SEA,20,23,0,-3.5,39.0
2001,10,CAR,SF,22,25,0,-7.0,43.0
2001,10,NE,LA,17,24,0,-8.5,46.5
2001,10,CIN,TEN,7,20,0,1.5,39.5
2001,10,DEN,WAS,10,17,0,8.5,43.0
2001,10,MIN,NYG,28,16,0,2.0,44.0
2001,11,DAL,DEN,24,26,0,-7.0,40.5
2001,11,DET,GB,27,29,0,-7.0,47.0
2001,11,LAC,ARI,17,20,0,7.0,44.0
2001,11,CAR,ATL,7,10,0,-3.0,40.0
2001,11,JAX,BAL,21,24,0,-3.0,34.0
2001,11,MIN,CHI,6,13,0,3.0,45.0
2001,11,CLE,CIN,18,0,0,6.0,35.5
2001,11,BUF,MIA,27,34,0,-5.0,36.0
2001,11,NE,NO,34,17,0,0.0,42.0
2001,11,NYG,LV,10,28,0,-2.5,39.0
2001,11,TEN,PIT,24,34,0,2.0,34.5
2001,11,KC,SEA,19,7,0,1.5,41.0
2001,11,IND,SF,21,40,0,2.5,52.5
2001,11,PHI,WAS,3,13,0,8.0,37.5
2001,11,LA,TB,17,24,0,9.5,46.0
2001,12,KC,PHI,10,23,0,-3.0,37.0
2001,12,LV,ARI,31,34,0,13.0,44.0
2001,12,SF,BUF,35,0,0,8.5,44.5
2001,12,NO,CAR,27,23,0,10.0,41.0
2001,12,WAS,DAL,14,20,0,8.5,35.5
2001,12,MIA,DEN,21,10,0,3.0,39.5
2001,12,CHI,DET,13,10,0,7.0,38.0
2001,12,BAL,IND,39,27,0,7.0,43.0
2001,12,PIT,MIN,21,16,0,7.0,41.0
2001,12,NYJ,NE,16,17,0,3.0,38.0
2001,12,SEA,LAC,13,10,0,3.0,43.0
2001,12,ATL,LA,6,35,0,-8.0,47.0
2001,12,CIN,TB,13,16,0,-5.0,35.0
2001,12,CLE,TEN,15,31,0,1.5,35.5
2001,12,JAX,GB,21,28,0,-3.0,43.0
2001,13,BUF,CAR,25,24,0,3.5,36.5
2001,13,GB,CHI,17,7,0,5.5,37.5
2001,13,NE,CLE,27,16,0,5.0,36.5
2001,13,TB,DET,15,12,0,8.0,36.5
2001,13,CIN,JAX,10,14,0,1.0,36.5
2001,13,LV,KC,28,26,0,9.0,44.5
2001,13,ATL,NO,10,28,0,-3.0,39.0
2001,13,DAL,NYG,20,13,0,-3.5,35.5
2001,13,PIT,NYJ,18,7,0,3.5,34.5
2001,13,PHI,LAC,24,14,0,7.0,37.5
2001,13,DEN,SEA,20,7,0,6.0,41.0
2001,13,LA,SF,27,14,0,7.0,55.0
2001,13,MIN,TEN,42,24,0,-2.5,42.5
2001,13,ARI,WAS,10,20,0,2.0,38.5
2001,13,MIA,IND,41,6,0,5.0,45.0
2001,14,NYG,ARI,17,13,0,5.0,37.5
2001,14,LAC,LV,6,13,0,-4.0,46.5
2001,14,IND,ATL,41,27,0,4.0,46.5
2001,14,NYJ,CIN,15,14,0,8.5,35.0
2001,14,SEA,DAL,29,3,0,5.5,36.5
2001,14,KC,DEN,26,23,0,-2.5,37.5
2001,14,TEN,GB,26,20,0,-2.5,42.5
2001,14,CLE,JAX,10,15,0,2.0,36.5
2001,14,SF,MIA,21,0,0,3.5,43.0
2001,14,DET,MIN,27,24,0,-3.0,46.5
2001,14,BUF,NE,9,12,0,-4.0,38.0
2001,14,WAS,PHI,6,20,0,-2.5,34.5
2001,14,BAL,PIT,21,26,0,3.0,33.5
2001,14,CHI,TB,27,3,0,2.5,33.0
2001,14,NO,LA,21,34,0,-6.0,51.0
2001,15,NE,MIA,20,13,0,3.0,37.0
2001,15,SF,PHI,13,3,0,3.0,40.0
2001,15,LV,TEN,10,13,0,6.0,45.5
2001,15,ATL,BUF,33,30,0,4.0,41.0
2001,15,WAS,CHI,15,20,0,1.0,33.0
2001,15,BAL,CIN,16,0,0,10.5,33.5
2001,15,GB,CLE,30,7,0,7.5,37.0
2001,15,ARI,DAL,17,10,0,3.5,37.0
2001,15,PIT,DET,47,14,0,10.0,36.0
2001,15,MIN,JAX,3,33,0,2.5,45.5
2001,15,TB,NO,48,21,0,2.5,38.0
2001,15,IND,NYJ,28,29,0,1.0,47.0
2001,15,KC,LAC,20,17,0,3.5,40.0
2001,15,NYG,SEA,27,24,0,3.0,34.0
2001,15,CAR,LA,32,38,0,-12.5,46.5
2001,16,TB,BAL,22,10,0,1.5,34.0
2001,16,CAR,ARI,7,30,0,1.0,39.5
2001,16,MIA,ATL,21,14,0,7.0,38.5
2001,16,NYJ,BUF,9,14,0,7.0,37.0
2001,16,DET,CHI,0,24,0,-5.5,38.5
2001,16,TEN,CLE,38,41,0,5.0,37.5
2001,16,LA,IND,42,17,0,13.0,58.5
2001,16,JAX,KC,26,30,0,4.5,40.0
2001,16,GB,MIN,24,13,0,12.0,40.0
2001,16,PHI,NYG,24,21,0,5.0,34.5
2001,16,DEN,LV,23,17,0,1.0,41.0
2001,16,CIN,PIT,26,23,0,-8.0,33.5
2001,16,LAC,SEA,22,25,0,1.5,39.0
2001,16,DAL,SF,27,21,0,-6.5,39.5
2001,16,NO,WAS,10,40,0,5.0,39.5
2001,17,WAS,ARI,20,17,0,3.5,36.5
2001,17,LA,ATL,31,13,0,14.5,48.0
2001,17,MIA,BUF,34,7,0,6.5,36.5
2001,17,TEN,CIN,21,23,0,5.5,37.5
2001,17,PIT,CLE,28,7,0,7.0,34.5
2001,17,DET,DAL,15,10,0,-3.0,36.0
2001,17,IND,DEN,29,10,0,2.0,51.0
2001,17,NYG,GB,25,34,0,-3.0,36.5
2001,17,CHI,JAX,33,13,0,6.0,33.5
2001,17,SEA,KC,21,18,0,3.5,40.0
2001,17,CAR,NE,6,38,0,-6.5,36.0
2001,17,LV,NYJ,22,24,0,4.5,41.5
2001,17,TB,PHI,13,17,0,3.0,33.0
2001,17,NO,SF,0,38,0,-2.5,46.5
2001,17,BAL,MIN,19,3,0,10.0,37.5
2001,18,LV,NYJ,38,24,0,4.5,42.0
2001,18,PHI,TB,31,9,0,3.5,33.0
2001,18,MIA,BAL,3,20,0,2.5,33.0
2001,18,GB,SF,25,15,0,3.5,39.0
2001,19,NE,LV,16,13,0,3.0,41.5
2001,19,CHI,PHI,19,33,0,3.0,32.5
2001,19,PIT,BAL,27,10,0,5.5,32.0
2001,19,LA,GB,45,17,0,11.0,54.5
2001,20,PIT,NE,17,24,0,10.0,35.5
2001,20,LA,PHI,29,24,0,11.0,51.0
2001,21,NE,LA,20,17,1,-14.0,52.5
2002,1,NYG,SF,13,16,0,-4.0,39.0
2002,1,WAS,ARI,31,23,0,6.0,44.5
2002,1,GB,ATL,37,34,0,7.0,42.5
2002,1,CAR,BAL,10,7,0,0.0,33.0
2002,1,HOU,DAL,19,10,0,-8.5,33.5
2002,1,MIA,DET,49,21,0,9.5,35.5
2002,1,JAX,IND,25,28,0,-3.5,44.0
2002,1,CLE,KC,39,40,0,2.0,36.0
2002,1,CHI,MIN,27,23,0,4.5,41.0
2002,1,TB,NO,20,26,0,6.0,37.5
2002,1,BUF,NYJ,31,37,0,-3.0,43.0
2002,1,TEN,PHI,27,24,0,2.0,37.0
2002,1,CIN,LAC,6,34,0,3.0,37.0
2002,1,LV,SEA,31,17,0,7.5,40.0
2002,1,DEN,LA,23,16,0,-3.0,51.0
2002,1,NE,PIT,30,14,0,-2.5,37.5
2002,2,SEA,ARI,13,24,0,4.0,40.5
2002,2,MIN,BUF,39,45,0,3.5,49.0
2002,2,ATL,CHI,13,14,0,2.5,45.0
2002,2,CLE,CIN,20,7,0,3.5,39.0
2002,2,SF,DEN,14,24,0,3.5,44.0
2002,2,CAR,DET,31,7,0,3.0,35.5
2002,2,NO,GB,35,20,0,-2.5,45.5
2002,2,LAC,HOU,24,3,0,13.5,34.0
2002,2,KC,JAX,16,23,0,3.5,46.0
2002,2,IND,MIA,13,21,0,0.0,47.0
2002,2,NYJ,NE,7,44,0,1.0,41.0
2002,2,LA,NYG,21,26,0,12.0,46.0
2002,2,PIT,LV,17,30,0,4.0,39.5
2002,2,BAL,TB,0,25,0,-4.5,32.0
2002,2,DAL,TEN,21,13,0,-3.5,37.5
2002,2,WAS,PHI,7,37,0,-3.0,44.0
2002,3,DEN,BUF,28,23,0,7.5,47.0
2002,3,MIN,CAR,14,21,0,6.5,44.5
2002,3,ATL,CIN,30,3,0,7.0,42.5
2002,3,TEN,CLE,28,31,0,4.5,40.5
2002,3,PHI,DAL,44,13,0,10.0,36.5
2002,3,DET,GB,31,37,0,-7.5,44.0
2002,3,HOU,IND,3,23,0,-10.5,38.0
2002,3,NE,KC,41,38,0,8.5,43.5
2002,3,CHI,NO,23,29,0,-2.0,40.5
2002,3,MIA,NYJ,30,3,0,6.0,40.5
2002,3,ARI,LAC,15,23,0,-2.5,39.0
2002,3,NYG,SEA,9,6,0,5.5,39.0
2002,3,SF,WAS,20,10,0,10.0,44.0
2002,3,TB,LA,26,14,0,-1.5,44.0
2002,4,GB,CAR,17,14,0,6.5,41.5
2002,4,BUF,CHI,33,27,0,3.0,46.5
2002,4,PIT,CLE,16,13,0,6.0,44.0
2002,4,LA,DAL,10,13,0,12.0,44.0
2002,4,PHI,HOU,35,17,0,19.0,36.0
2002,4,KC,MIA,48,30,0,-3.0,44.5
2002,4,SEA,MIN,48,23,0,3.0,44.0
2002,4,LAC,NE,21,14,0,-3.0,40.5
2002,4,DET,NO,26,21,0,-9.0,45.0
2002,4,ARI,NYG,21,7,0,-3.0,38.5
2002,4,JAX,NYJ,28,3,0,3.5,41.5
2002,4,CIN,TB,7,35,0,-6.5,33.5
2002,4,LV,TEN,52,25,0,6.5,45.0
2002,4,BAL,DEN,34,23,0,-9.0,35.0
2002,5,CAR,ARI,13,16,0,5.0,35.0
2002,5,CLE,BAL,21,26,0,6.0,36.5
2002,5,IND,CIN,28,21,0,13.5,43.0
2002,5,NYJ,KC,25,29,0,-3.0,46.5
2002,5,MIA,NE,26,13,0,3.0,43.5
2002,5,DAL,NYG,17,21,0,-1.5,34.5
2002,5,BUF,LV,31,49,0,-3.0,53.5
2002,5,JAX,PHI,28,25,0,-3.0,42.5
2002,5,NO,PIT,32,29,0,3.0,43.5
2002,5,DEN,LAC,26,9,0,6.5,39.5
2002,5,SF,LA,37,13,0,6.0,41.5
2002,5,ATL,TB,6,20,0,2.5,38.5
2002,5,TEN,WAS,14,31,0,3.5,43.5
2002,5,CHI,GB,21,34,0,1.0,44.0
2002,6,NYG,ATL,10,17,0,6.0,35.5
2002,6,IND,BAL,22,20,0,6.5,42.0
2002,6,HOU,BUF,24,31,0,-7.0,44.0
2002,6,DAL,CAR,14,13,0,2.0,35.0
2002,6,TB,CLE,17,3,0,7.5,36.5
2002,6,MIN,DET,31,24,0,4.5,49.0
2002,6,NE,GB,10,28,0,4.5,47.0
2002,6,TEN,JAX,23,14,0,-1.5,44.0
2002,6,LAC,KC,35,34,0,3.0,46.5
2002,6,DEN,MIA,22,24,0,3.5,41.0
2002,6,WAS,NO,27,43,0,-1.5,45.5
2002,6,LA,LV,28,13,0,-7.0,49.0
2002,6,CIN,PIT,7,34,0,-6.5,40.5
2002,6,SEA,SF,21,28,0,-3.0,43.5
2002,7,MIA,BUF,10,23,0,6.0,45.5
2002,7,ATL,CAR,30,0,0,4.0,35.5
2002,7,DET,CHI,23,20,0,-3.0,44.5
2002,7,ARI,DAL,9,6,0,3.5,36.5
2002,7,KC,DEN,34,37,0,-3.0,50.5
2002,7,CLE,HOU,34,17,0,8.5,36.5
2002,7,BAL,JAX,17,10,0,-1.5,38.0
2002,7,NYJ,MIN,20,7,0,3.0,49.0
2002,7,LV,LAC,21,27,0,7.0,47.0
2002,7,LA,SEA,37,20,0,6.5,44.5
2002,7,NO,SF,35,27,0,1.5,48.5
2002,7,PHI,TB,20,10,0,3.0,37.0
2002,7,GB,WAS,30,9,0,7.0,48.0
2002,7,PIT,IND,28,10,0,4.5,46.0
2002,8,SF,ARI,38,28,0,8.5,40.5
2002,8,NO,ATL,35,37,0,3.5,47.0
2002,8,MIN,CHI,25,7,0,2.0,46.0
2002,8,NYJ,CLE,21,24,0,3.0,44.0
2002,8,NE,DEN,16,24,0,3.0,46.0
2002,8,BUF,DET,24,17,0,7.5,50.0
2002,8,JAX,HOU,19,21,0,11.0,38.0
2002,8,WAS,IND,26,21,0,1.0,46.0
2002,8,KC,LV,20,10,0,-2.5,55.5
2002,8,BAL,PIT,18,31,0,-3.0,37.5
2002,8,DAL,SEA,14,17,0,2.0,37.0
2002,8,CAR,TB,9,12,0,-8.0,31.5
2002,8,CIN,TEN,24,30,0,-4.5,42.0
2002,8,PHI,NYG,17,3,0,7.0,38.5
2002,9,ATL,BAL,20,17,0,7.0,40.5
2002,9,HOU,CIN,3,38,0,2.5,36.5
2002,9,DET,DAL,9,7,0,3.0,37.0
2002,9,NYG,JAX,24,17,0,3.0,35.5
2002,9,TB,MIN,38,24,0,7.5,37.0
2002,9,BUF,NE,7,38,0,3.0,47.5
2002,9,LAC,NYJ,13,44,0,8.5,41.0
2002,9,CHI,PHI,13,19,0,-7.0,37.5
2002,9,CLE,PIT,20,23,0,-3.5,44.0
2002,9,LV,SF,20,23,0,3.0,49.5
2002,9,ARI,LA,14,27,0,-5.0,43.5
2002,9,IND,TEN,15,23,0,3.0,47.0
2002,9,SEA,WAS,3,14,0,2.0,41.5
2002,9,GB,MIA,24,10,0,4.5,41.5
2002,10,PIT,ATL,34,34,0,5.5,42.5
2002,10,BAL,CIN,38,27,0,4.0,37.0
2002,10,GB,DET,40,14,0,10.5,42.0
2002,10,TEN,HOU,17,10,0,9.0,39.5
2002,10,PHI,IND,13,35,0,9.5,41.5
2002,10,SF,KC,17,13,0,5.0,49.0
2002,10,NYJ,MIA,13,10,0,2.5,39.5
2002,10,CHI,NE,30,33,0,-5.0,39.0
2002,10,CAR,NO,24,34,0,-4.0,39.5
2002,10,MIN,NYG,20,27,0,-1.5,45.0
2002,10,LA,LAC,28,24,0,6.0,44.0
2002,10,ARI,SEA,6,27,0,3.0,37.0
2002,10,JAX,WAS,26,7,0,1.5,39.5
2002,10,DEN,LV,10,34,0,6.0,45.5
2002,11,PHI,ARI,38,14,0,12.0,37.5
2002,11,MIA,BAL,26,7,0,5.0,34.5
2002,11,KC,BUF,17,16,0,3.5,52.5
2002,11,TB,CAR,23,10,0,8.0,34.5
2002,11,CIN,CLE,20,27,0,-3.0,41.5
2002,11,IND,DAL,20,3,0,6.5,39.5
2002,11,SEA,DEN,9,31,0,-5.5,42.5
2002,11,MIN,GB,31,21,0,-6.5,50.5
2002,11,HOU,JAX,21,24,0,-6.5,36.5
2002,11,LV,NE,27,20,0,4.5,48.0
2002,11,ATL,NO,24,17,0,1.5,51.0
2002,11,DET,NYJ,14,31,0,-3.0,43.0
2002,11,TEN,PIT,31,23,0,-3.0,44.0
2002,11,LAC,SF,20,17,0,-2.5,43.0
2002,11,NYG,WAS,19,17,0,3.5,34.5
2002,11,LA,CHI,21,16,0,10.5,43.5
2002,12,CAR,ATL,0,41,0,-3.5,37.0
2002,12,NYJ,BUF,31,13,0,3.0,45.5
2002,12,PIT,CIN,29,21,0,10.5,44.0
2002,12,NO,CLE,15,24,0,5.5,48.5
2002,12,CHI,DET,20,17,0,5.0,37.5
2002,12,TB,GB,21,7,0,3.0,38.5
2002,12,DEN,IND,20,23,0,6.0,43.0
2002,12,DAL,JAX,21,19,0,-2.5,34.0
2002,12,SEA,KC,39,32,0,-3.5,44.0
2002,12,NE,MIN,24,17,0,8.0,47.0
2002,12,HOU,NYG,16,14,0,-5.5,34.0
2002,12,ARI,LV,20,41,0,-9.5,44.0
2002,12,MIA,LAC,30,3,0,4.0,36.5
2002,12,WAS,LA,20,17,0,-3.5,41.0
2002,12,BAL,TEN,13,12,0,-2.5,38.5
2002,12,SF,PHI,17,38,0,7.0,37.5
2002,13,DET,NE,12,20,0,-6.0,46.0
2002,13,DAL,WAS,27,20,0,-1.0,36.5
2002,13,KC,ARI,49,0,0,9.0,47.0
2002,13,MIN,ATL,24,30,0,-3.5,47.5
2002,13,CIN,BAL,23,27,0,-2.5,37.5
2002,13,CLE,CAR,6,13,0,7.5,34.5
2002,13,GB,CHI,30,20,0,9.5,37.5
2002,13,LAC,DEN,30,27,0,-3.0,40.0
2002,13,IND,HOU,19,3,0,11.5,39.5
2002,13,BUF,MIA,38,21,0,-2.0,37.0
2002,13,JAX,PIT,23,25,0,-3.0,44.0
2002,13,SF,SEA,31,24,0,8.5,43.5
2002,13,PHI,LA,10,3,0,-2.0,38.0
2002,13,NO,TB,23,20,0,-1.5,40.0
2002,13,NYG,TEN,29,32,0,3.0,34.0
2002,13,LV,NYJ,26,20,0,6.0,47.5
2002,14,TB,ATL,34,10,0,3.5,37.0
2002,14,NE,BUF,27,17,0,3.5,45.0
2002,14,CAR,CIN,52,31,0,3.0,37.5
2002,14,JAX,CLE,20,21,0,2.5,41.5
2002,14,NYJ,DEN,19,13,0,-1.5,43.0
2002,14,ARI,DET,23,20,0,-1.0,39.5
2002,14,PIT,HOU,6,24,0,14.0,37.5
2002,14,TEN,IND,27,17,0,-1.0,43.0
2002,14,GB,MIN,26,22,0,9.5,43.5
2002,14,BAL,NO,25,37,0,-2.0,42.5
2002,14,WAS,NYG,21,27,0,3.0,37.5
2002,14,LAC,LV,7,27,0,-3.5,45.5
2002,14,SEA,PHI,20,27,0,-3.0,37.5
2002,14,DAL,SF,27,31,0,-4.5,40.0
2002,14,KC,LA,49,10,0,4.5,45.5
2002,14,MIA,CHI,27,9,0,10.5,37.0
2002,15,LA,ARI,30,28,0,11.0,43.0
2002,15,HOU,BAL,19,23,0,-3.0,35.0
2002,15,PIT,CAR,30,14,0,9.0,39.0
2002,15,NYG,DAL,37,7,0,5.0,35.0
2002,15,SF,GB,14,20,0,3.0,42.5
2002,15,CLE,IND,23,28,0,-2.0,41.5
2002,15,CIN,JAX,15,29,0,-3.0,45.0
2002,15,DEN,KC,31,24,0,3.5,47.5
2002,15,NO,MIN,31,32,0,7.0,51.0
2002,15,CHI,NYJ,20,13,0,-6.5,38.0
2002,15,MIA,LV,23,17,0,1.5,43.5
2002,15,BUF,LAC,20,13,0,3.0,42.5
2002,15,ATL,SEA,24,30,0,9.5,46.0
2002,15,DET,TB,20,23,0,-9.5,37.0
2002,15,PHI,WAS,34,21,0,7.5,38.0
2002,15,TEN,NE,24,7,0,2.5,43.5
2002,16,MIN,MIA,20,17,0,-3.0,45.0
2002,16,DAL,PHI,3,27,0,-7.0,36.5
2002,16,ARI,SF,14,17,0,-3.5,41.0
2002,16,GB,BUF,10,0,0,6.5,43.5
2002,16,CAR,CHI,24,14,0,4.0,36.5
2002,16,BAL,CLE,13,14,0,2.5,39.5
2002,16,LV,DEN,28,16,0,3.5,46.5
2002,16,ATL,DET,36,15,0,10.5,44.0
2002,16,WAS,HOU,26,10,0,6.5,36.5
2002,16,CIN,NO,20,13,0,-7.0,49.0
2002,16,IND,NYG,27,44,0,4.5,41.0
2002,16,NE,NYJ,17,30,0,3.5,41.0
2002,16,KC,LAC,24,22,0,1.5,44.0
2002,16,SEA,LA,30,10,0,2.5,48.0
2002,16,JAX,TEN,10,28,0,-3.0,41.5
2002,16,TB,PIT,7,17,0,4.5,38.0
2002,17,LV,KC,24,0,0,8.5,44.5
2002,17,NYG,PHI,10,7,0,1.0,37.5
2002,17,DEN,ARI,37,7,0,13.5,42.0
2002,17,CLE,ATL,24,16,0,-2.5,41.0
2002,17,PIT,BAL,34,31,0,8.0,39.0
2002,17,NO,CAR,6,10,0,6.0,43.5
2002,17,BUF,CIN,27,9,0,7.5,45.0
2002,17,WAS,DAL,20,14,0,7.5,36.5
2002,17,NYJ,GB,42,17,0,-1.5,39.5
2002,17,IND,JAX,20,13,0,8.5,40.5
2002,17,NE,MIA,27,24,0,-2.0,38.0
2002,17,DET,MIN,36,38,0,-3.5,47.0
2002,17,LAC,SEA,28,31,0,3.0,42.5
2002,17,CHI,TB,0,15,0,-7.0,32.0
2002,17,HOU,TEN,3,13,0,-9.5,35.5
2002,17,LA,SF,31,20,0,2.0,39.5
2002,18,GB,ATL,7,27,0,6.5,40.5
2002,18,NYJ,IND,41,0,0,6.0,42.0
2002,18,PIT,CLE,36,33,0,8.0,43.0
2002,18,SF,NYG,39,38,0,3.0,41.0
2002,19,PHI,ATL,20,6,0,7.5,38.5
2002,19,TEN,PIT,34,31,0,4.5,44.0
2002,19,LV,NYJ,30,10,0,5.5,47.0
2002,19,TB,SF,31,6,0,6.0,39.5
2002,20,PHI,TB,10,27,0,4.0,33.5
2002,20,LV,TEN,41,24,0,9.0,46.0
2002,21,TB,LV,48,21,1,-3.5,44.0
2003,1,WAS,NYJ,16,13,0,3.0,40.0
2003,1,DET,ARI,42,24,0,3.5,39.0
2003,1,DAL,ATL,13,27,0,2.0,36.5
2003,1,PIT,BAL,34,15,0,4.0,38.5
2003,1,SF,CHI,49,7,0,6.5,40.5
2003,1,CIN,DEN,10,30,0,-6.0,43.5
2003,1,MIA,HOU,20,21,0,14.0,34.5
2003,1,CLE,IND,6,9,0,-2.0,48.0
2003,1,CAR,JAX,24,23,0,4.0,34.5
2003,1,GB,MIN,25,30,0,4.0,47.0
2003,1,BUF,NE,31,0,0,1.0,44.5
2003,1,SEA,NO,27,10,0,3.0,48.5
2003,1,TEN,LV,25,20,0,3.5,46.0
2003,1,KC,LAC,27,14,0,4.5,47.0
2003,1,NYG,LA,23,13,0,-1.0,46.5
2003,1,PHI,TB,0,17,0,3.0,36.0
2003,2,JAX,BUF,17,38,0,-3.0,42.0
2003,2,TB,CAR,9,12,0,9.0,34.5
2003,2,MIN,CHI,24,13,0,9.0,44.5
2003,2,LV,CIN,23,20,0,12.0,45.0
2003,2,BAL,CLE,33,13,0,2.5,39.0
2003,2,LAC,DEN,13,37,0,-3.0,43.0
2003,2,GB,DET,31,6,0,7.0,45.5
2003,2,NO,HOU,31,10,0,8.0,40.5
2003,2,NYJ,MIA,10,21,0,-3.0,37.0
2003,2,PHI,NE,10,31,0,4.0,38.0
2003,2,KC,PIT,41,20,0,3.5,48.0
2003,2,ARI,SEA,0,38,0,-5.0,44.5
2003,2,LA,SF,27,24,0,3.0,47.5
2003,2,IND,TEN,33,7,0,2.5,44.0
2003,2,ATL,WAS,31,33,0,3.0,39.5
2003,2,NYG,DAL,32,35,0,7.5,36.5
2003,3,LAC,BAL,10,24,0,1.5,38.5
2003,3,MIA,BUF,17,7,0,3.0,40.5
2003,3,SF,CLE,12,13,0,7.0,44.5
2003,3,ARI,GB,20,13,0,-7.5,42.5
2003,3,IND,JAX,23,13,0,7.5,42.0
2003,3,HOU,KC,14,42,0,-7.5,44.0
2003,3,DET,MIN,13,23,0,-4.0,47.5
2003,3,TEN,NO,27,12,0,4.5,43.5
2003,3,WAS,NYG,21,24,0,1.5,43.5
2003,3,NE,NYJ,23,16,0,6.0,38.0
2003,3,CIN,PIT,10,17,0,-4.5,44.5
2003,3,SEA,LA,24,23,0,3.0,47.0
2003,3,ATL,TB,10,31,0,-6.5,35.5
2003,3,DEN,LV,31,10,0,5.5,45.0
2003,4,LA,ARI,37,13,0,11.5,45.5
2003,4,CAR,ATL,23,3,0,6.0,35.5
2003,4,CLE,CIN,14,21,0,4.5,40.0
2003,4,NYJ,DAL,6,17,0,3.0,37.0
2003,4,DEN,DET,20,16,0,12.0,44.0
2003,4,NO,IND,21,55,0,-1.5,42.0
2003,4,HOU,JAX,24,20,0,-2.5,37.5
2003,4,BAL,KC,10,17,0,-3.0,43.5
2003,4,WAS,NE,20,17,0,3.5,43.0
2003,4,BUF,PHI,13,23,0,3.0,39.5
2003,4,LV,LAC,34,31,0,7.0,41.5
2003,4,MIN,SF,35,7,0,0.0,43.0
2003,4,PIT,TEN,13,30,0,3.5,44.0
2003,4,CHI,GB,23,38,0,-4.0,41.5
2003,5,DAL,ARI,24,7,0,7.5,39.5
2003,5,BUF,CIN,22,16,0,7.0,40.0
2003,5,PIT,CLE,13,33,0,7.0,42.0
2003,5,KC,DEN,24,23,0,3.5,46.5
2003,5,SF,DET,24,17,0,7.5,42.5
2003,5,NYG,MIA,10,23,0,1.5,38.0
2003,5,ATL,MIN,26,39,0,-4.5,43.5
2003,5,CAR,NO,19,13,0,7.0,37.5
2003,5,CHI,LV,24,21,0,-3.5,43.5
2003,5,JAX,LAC,27,21,0,3.0,42.5
2003,5,GB,SEA,35,13,0,1.0,45.0
2003,5,NE,TEN,38,30,0,1.0,40.5
2003,5,PHI,WAS,27,25,0,4.5,40.5
2003,5,TB,IND,35,38,0,4.5,37.5
2003,6,ARI,BAL,18,26,0,-6.5,37.0
2003,6,NYJ,BUF,30,3,0,-1.0,36.5
2003,6,IND,CAR,20,23,0,4.0,37.5
2003,6,NO,CHI,20,13,0,6.5,43.0
2003,6,TEN,HOU,38,17,0,8.5,39.5
2003,6,GB,KC,34,40,0,2.5,47.5
2003,6,JAX,MIA,10,24,0,-3.5,38.0
2003,6,NE,NYG,17,6,0,2.5,42.5
2003,6,CLE,LV,13,7,0,3.5,43.5
2003,6,DAL,PHI,23,21,0,1.0,37.5
2003,6,DEN,PIT,17,14,0,6.5,45.0
2003,6,SEA,SF,20,19,0,3.5,44.5
2003,6,WAS,TB,13,35,0,-3.5,37.0
2003,6,LA,ATL,36,0,0,10.0,46.0
2003,7,CIN,BAL,34,26,0,-1.0,36.0
2003,7,SEA,CHI,24,17,0,11.0,41.5
2003,7,DET,DAL,7,38,0,-3.0,39.0
2003,7,MIN,DEN,28,20,0,4.0,44.0
2003,7,LA,GB,34,24,0,4.0,48.5
2003,7,MIA,NE,13,19,0,6.5,37.0
2003,7,ATL,NO,17,45,0,-3.0,42.0
2003,7,HOU,NYJ,14,19,0,-3.5,38.0
2003,7,NYG,PHI,10,14,0,3.0,37.0
2003,7,CLE,LAC,20,26,0,3.5,41.0
2003,7,SF,TB,24,7,0,-5.0,39.0
2003,7,CAR,TEN,17,37,0,0.0,37.5
2003,7,BUF,WAS,24,7,0,3.0,38.0
2003,7,LV,KC,10,17,0,-4.5,47.5
2003,8,KC,BUF,38,5,0,5.5,43.5
2003,8,NO,CAR,20,23,0,3.0,39.5
2003,8,NE,CLE,9,3,0,4.5,37.5
2003,8,TB,DAL,16,0,0,6.0,37.0
2003,8,BAL,DEN,26,6,0,2.5,36.5
2003,8,CHI,DET,24,16,0,3.0,37.5
2003,8,IND,HOU,30,21,0,13.0,44.0
2003,8,MIN,NYG,17,29,0,5.5,44.5
2003,8,PHI,NYJ,24,17,0,3.0,36.0
2003,8,CIN,SEA,27,24,0,-3.0,41.5
2003,8,ARI,SF,16,13,0,-7.0,41.0
2003,8,PIT,LA,21,33,0,1.0,45.5
2003,8,JAX,TEN,17,30,0,-4.5,43.5
2003,8,LAC,MIA,10,26,1,-6.5,38.5
2003,9,HOU,CAR,14,10,0,-6.0,37.0
2003,9,ARI,CIN,17,14,0,-3.0,39.0
2003,9,MIN,GB,27,30,0,5.5,49.0
2003,9,MIA,IND,17,23,0,3.0,39.5
2003,9,BAL,JAX,24,17,0,7.0,37.5
2003,9,TB,NO,14,17,0,8.0,39.0
2003,9,NYJ,NYG,28,31,0,-3.5,40.0
2003,9,DET,LV,23,13,0,-3.5,39.5
2003,9,ATL,PHI,16,23,0,-6.0,39.5
2003,9,SEA,PIT,23,16,0,5.0,44.0
2003,9,CHI,LAC,20,7,0,1.0,39.0
2003,9,SF,LA,30,10,0,-5.0,44.0
2003,9,DAL,WAS,21,14,0,6.0,38.5
2003,9,DEN,NE,26,30,0,2.0,36.0
2003,10,PIT,ARI,28,15,0,7.0,40.5
2003,10,NYG,ATL,7,27,0,11.5,41.0
2003,10,LA,BAL,33,22,0,6.5,43.0
2003,10,DAL,BUF,10,6,0,4.0,37.0
2003,10,DET,CHI,12,10,0,0.0,37.5
2003,10,KC,CLE,41,20,0,9.0,43.5
2003,10,CIN,HOU,34,27,0,4.0,40.0
2003,10,JAX,IND,28,23,0,-6.0,44.0
2003,10,TEN,MIA,31,7,0,5.5,39.5
2003,10,LAC,MIN,42,28,0,-5.5,45.0
2003,10,LV,NYJ,24,27,0,-3.0,38.0
2003,10,WAS,SEA,27,20,0,-3.0,41.0
2003,10,CAR,TB,27,24,0,-3.5,34.5
2003,10,GB,PHI,14,17,0,4.5,43.0
2003,11,CLE,ARI,44,6,0,5.0,37.5
2003,11,NO,ATL,23,20,0,9.0,44.0
2003,11,MIA,BAL,9,6,0,5.0,33.0
2003,11,NE,DAL,12,0,0,4.0,35.0
2003,11,SEA,DET,35,14,0,11.0,39.5
2003,11,TB,GB,13,20,0,3.5,41.0
2003,11,BUF,HOU,10,12,0,7.0,37.5
2003,11,TEN,JAX,10,3,0,9.0,44.5
2003,11,CIN,KC,24,19,0,-6.0,48.0
2003,11,LV,MIN,28,18,0,-4.5,46.0
2003,11,PHI,NYG,28,10,0,3.0,38.0
2003,11,IND,NYJ,38,31,0,6.0,43.5
2003,11,DEN,LAC,37,8,0,8.5,44.0
2003,11,CHI,LA,21,23,0,-6.0,41.0
2003,11,CAR,WAS,20,17,0,6.0,37.0
2003,11,SF,PIT,30,14,0,4.0,41.5
2003,12,DAL,CAR,24,20,0,3.0,33.0
2003,12,DEN,CHI,10,19,0,10.5,38.5
2003,12,LAC,CIN,27,34,0,-3.0,43.0
2003,12,MIN,DET,24,14,0,10.5,47.5
2003,12,BUF,IND,14,17,0,-3.0,38.5
2003,12,NYJ,JAX,13,10,0,4.0,43.0
2003,12,HOU,NE,20,23,0,-5.0,37.0
2003,12,PHI,NO,33,20,0,5.5,39.5
2003,12,KC,LV,27,24,0,11.0,44.5
2003,12,CLE,PIT,6,13,0,3.0,40.5
2003,12,BAL,SEA,44,41,0,3.0,36.0
2003,12,GB,SF,20,10,0,3.5,40.0
2003,12,ARI,LA,27,30,0,-7.0,44.0
2003,12,ATL,TEN,31,38,0,-6.5,44.0
2003,12,MIA,WAS,24,23,0,7.0,35.0
2003,12,TB,NYG,19,13,0,6.0,38.0
2003,13,DET,GB,22,14,0,-6.5,44.0
2003,13,DAL,MIA,21,40,0,3.0,34.5
2003,13,CHI,ARI,28,3,0,4.5,36.0
2003,13,HOU,ATL,17,13,0,3.0,42.5
2003,13,NYG,BUF,7,24,0,3.0,35.5
2003,13,PIT,CIN,20,24,0,3.0,42.0
2003,13,SEA,CLE,34,7,0,6.5,42.0
2003,13,LV,DEN,8,22,0,-3.0,42.0
2003,13,LAC,KC,24,28,0,-7.5,48.5
2003,13,LA,MIN,48,17,0,6.0,51.0
2003,13,IND,NE,34,38,0,3.5,43.5
2003,13,WAS,NO,20,24,0,-1.0,42.5
2003,13,CAR,PHI,16,25,0,1.5,37.0
2003,13,BAL,SF,44,6,0,3.0,37.0
2003,13,JAX,TB,17,10,0,-3.0,37.0
2003,13,NYJ,TEN,24,17,0,-3.0,42.0
2003,14,SF,ARI,50,14,0,10.5,40.5
2003,14,ATL,CAR,20,14,0,-1.0,41.0
2003,14,GB,CHI,34,21,0,7.5,39.0
2003,14,BAL,CIN,31,13,0,5.0,38.5
2003,14,PHI,DAL,36,10,0,5.5,35.5
2003,14,JAX,HOU,27,0,0,9.5,37.5
2003,14,TEN,IND,27,29,0,3.5,46.5
2003,14,DEN,KC,45,27,0,3.0,46.5
2003,14,NE,MIA,12,0,0,3.0,33.5
2003,14,BUF,NYJ,17,6,0,3.0,37.0
2003,14,PIT,LV,27,7,0,5.5,40.5
2003,14,DET,LAC,7,14,0,3.0,43.5
2003,14,MIN,SEA,34,7,0,-1.0,52.5
2003,14,NO,TB,7,14,0,3.0,40.5
2003,14,NYG,WAS,7,20,0,3.0,36.0
2003,14,CLE,LA,20,26,0,-5.5,43.5
2003,15,IND,ATL,38,7,0,7.5,48.0
2003,15,LV,BAL,20,12,0,-7.0,38.0
2003,15,TEN,BUF,28,26,0,5.0,37.0
2003,15,ARI,CAR,17,20,0,-7.0,38.5
2003,15,DEN,CLE,23,20,0,11.5,42.0
2003,15,WAS,DAL,0,27,0,-3.0,34.0
2003,15,KC,DET,45,17,0,14.5,45.0
2003,15,LAC,GB,21,38,0,-5.0,45.5
2003,15,TB,HOU,16,3,0,11.5,36.0
2003,15,NE,JAX,27,13,0,6.0,33.0
2003,15,CHI,MIN,13,10,0,-3.0,39.5
2003,15,NO,NYG,45,7,0,7.5,40.5
2003,15,NYJ,PIT,6,0,0,3.0,36.0
2003,15,LA,SEA,27,22,0,7.0,52.0
2003,15,CIN,SF,41,38,0,3.0,42.0
2003,15,MIA,PHI,27,34,0,3.0,37.0
2003,16,TB,ATL,28,30,0,6.5,38.5
2003,16,MIN,KC,45,20,0,-3.0,54.0
2003,16,NYJ,NE,16,21,0,-3.0,35.0
2003,16,SEA,ARI,28,10,0,15.5,44.5
2003,16,CLE,BAL,0,35,0,-3.0,35.5
2003,16,LA,CIN,27,10,0,7.0,54.0
2003,16,IND,DEN,17,31,0,6.5,48.5
2003,16,CAR,DET,20,14,0,7.5,37.0
2003,16,BUF,MIA,3,20,0,3.0,33.0
2003,16,JAX,NO,20,19,0,3.0,42.0
2003,16,DAL,NYG,19,3,0,12.5,35.5
2003,16,PIT,LAC,40,24,0,6.5,42.0
2003,16,PHI,SF,28,31,0,7.0,44.0
2003,16,HOU,TEN,24,27,0,-5.5,39.0
2003,16,CHI,WAS,27,24,0,4.0,35.0
2003,16,LV,GB,7,41,0,-5.5,44.0
2003,17,NE,BUF,31,0,0,9.5,34.5
2003,17,WAS,PHI,7,31,0,-9.0,42.0
2003,17,SF,SEA,17,24,0,2.5,46.5
2003,17,NYG,CAR,24,37,0,-4.5,34.5
2003,17,KC,CHI,31,3,0,7.5,43.5
2003,17,CIN,CLE,14,22,0,8.5,42.0
2003,17,NO,DAL,13,7,0,-1.0,38.0
2003,17,GB,DEN,31,3,0,10.0,41.5
2003,17,HOU,IND,17,20,0,-9.0,46.5
2003,17,ATL,JAX,21,14,0,2.5,44.0
2003,17,ARI,MIN,18,17,0,-7.5,45.5
2003,17,MIA,NYJ,23,21,0,3.5,37.5
2003,17,LAC,LV,21,14,0,6.0,46.0
2003,17,BAL,PIT,13,10,0,6.0,37.5
2003,17,DET,LA,30,20,0,-12.0,45.0
2003,17,TEN,TB,33,13,0,4.0,39.0
2003,18,CAR,DAL,29,10,0,3.0,34.0
2003,18,BAL,TEN,17,20,0,-1.0,38.0
2003,18,IND,DEN,41,10,0,3.0,49.0
2003,18,GB,SEA,33,27,0,7.5,43.5
2003,19,LA,CAR,23,29,0,7.0,46.0
2003,19,NE,TEN,17,14,0,6.0,34.0
2003,19,PHI,GB,20,17,0,4.0,43.0
2003,19,KC,IND,31,38,0,3.0,53.0
2003,20,PHI,CAR,3,14,0,4.0,36.5
2003,20,NE,IND,24,14,0,3.5,42.0
2003,21,NE,CAR,32,29,1,7.0,38.0
2004,1,NE,IND,27,24,0,3.0,44.5
2004,1,MIA,TEN,7,17,0,-3.0,38.0
2004,1,LA,ARI,17,10,0,11.0,46.0
2004,1,SF,ATL,19,21,0,-3.0,44.5
2004,1,CLE,BAL,20,3,0,-3.5,37.0
2004,1,NYJ,CIN,31,24,0,5.5,42.0
2004,1,MIN,DAL,35,17,0,6.5,44.0
2004,1,CHI,DET,16,20,0,1.5,38.5
2004,1,BUF,JAX,10,13,0,3.0,35.0
2004,1,DEN,KC,34,24,0,3.0,48.5
2004,1,PHI,NYG,31,17,0,9.5,41.5
2004,1,PIT,LV,24,21,0,3.5,41.5
2004,1,HOU,LAC,20,27,0,4.5,44.0
2004,1,NO,SEA,7,21,0,-2.5,45.0
2004,1,WAS,TB,16,10,0,2.5,38.5
2004,1,CAR,GB,14,24,0,3.0,43.5
2004,2,LV,BUF,13,10,0,3.5,37.5
2004,2,KC,CAR,17,28,0,7.0,46.0
2004,2,GB,CHI,10,21,0,9.0,41.0
2004,2,DAL,CLE,19,12,0,4.5,38.0
2004,2,JAX,DEN,7,6,0,-3.0,38.0
2004,2,DET,HOU,28,16,0,3.0,43.5
2004,2,TEN,IND,17,31,0,-1.5,47.0
2004,2,CIN,MIA,16,13,0,5.5,40.0
2004,2,ARI,NE,12,23,0,-8.0,41.5
2004,2,LAC,NYJ,28,34,0,-3.0,47.0
2004,2,BAL,PIT,30,13,0,4.0,35.5
2004,2,TB,SEA,6,10,0,-3.0,37.0
2004,2,NO,SF,30,27,0,7.5,42.0
2004,2,ATL,LA,34,17,0,2.0,46.0
2004,2,NYG,WAS,20,14,0,-3.0,40.0
2004,2,PHI,MIN,27,16,0,3.0,51.0
2004,3,ATL,ARI,6,3,0,11.0,44.0
2004,3,CIN,BAL,9,23,0,-1.5,35.0
2004,3,MIN,CHI,27,22,0,12.0,45.0
2004,3,NYG,CLE,27,10,0,3.0,38.0
2004,3,IND,GB,45,31,0,6.0,50.0
2004,3,KC,HOU,21,24,0,7.5,48.0
2004,3,TEN,JAX,12,15,0,6.0,34.5
2004,3,LA,NO,25,28,0,6.0,49.0
2004,3,DET,PHI,13,30,0,-4.5,44.0
2004,3,MIA,PIT,3,13,0,2.5,31.0
2004,3,DEN,LAC,23,13,0,9.5,46.0
2004,3,SEA,SF,34,0,0,10.0,41.5
2004,3,LV,TB,30,20,0,3.0,35.5
2004,3,WAS,DAL,18,21,0,1.5,35.5
2004,4,CAR,ATL,10,27,0,3.5,39.0
2004,4,PIT,CIN,28,17,0,4.0,39.5
2004,4,TB,DEN,13,16,0,-3.0,35.0
2004,4,JAX,IND,17,24,0,-4.0,42.0
2004,4,BUF,NE,17,31,0,-5.5,35.0
2004,4,ARI,NO,34,10,0,-3.5,40.0
2004,4,GB,NYG,7,14,0,7.0,44.0
2004,4,MIA,NYJ,9,17,0,-5.5,36.0
2004,4,HOU,LV,30,17,0,-2.0,42.0
2004,4,CHI,PHI,9,19,0,-8.5,40.5
2004,4,SF,LA,14,24,0,-4.0,44.0
2004,4,LAC,TEN,38,17,0,-3.0,41.0
2004,4,CLE,WAS,17,13,0,-2.5,36.0
2004,4,BAL,KC,24,27,0,6.0,41.5
2004,5,SF,ARI,31,28,0,1.0,36.5
2004,5,WAS,BAL,10,17,0,0.0,34.0
2004,5,NYJ,BUF,16,14,0,6.5,37.0
2004,5,DEN,CAR,20,17,0,4.0,38.0
2004,5,PIT,CLE,34,23,0,4.5,36.0
2004,5,ATL,DET,10,17,0,6.5,41.0
2004,5,LAC,JAX,34,21,0,-2.5,37.0
2004,5,NE,MIA,24,10,0,11.0,34.0
2004,5,HOU,MIN,28,34,0,-3.5,50.0
2004,5,DAL,NYG,10,26,0,3.5,38.5
2004,5,IND,LV,35,14,0,8.5,52.0
2004,5,SEA,LA,27,33,0,8.0,44.0
2004,5,NO,TB,17,20,0,3.0,38.5
2004,5,GB,TEN,27,48,0,3.0,44.0
2004,6,PHI,CAR,30,8,0,10.0,42.0
2004,6,CLE,CIN,34,17,0,3.0,40.0
2004,6,LV,DEN,3,31,0,-2.5,42.0
2004,6,DET,GB,10,38,0,3.0,45.0
2004,6,TEN,HOU,10,20,0,5.5,46.0
2004,6,JAX,KC,22,16,0,-2.5,44.0
2004,6,BUF,MIA,20,13,0,4.5,30.0
2004,6,NO,MIN,31,38,0,-3.5,53.0
2004,6,DAL,PIT,20,24,0,3.0,39.0
2004,6,ATL,LAC,21,20,0,5.5,43.0
2004,6,NE,SEA,30,20,0,3.5,42.0
2004,6,NYJ,SF,22,14,0,9.5,43.0
2004,6,CHI,WAS,10,13,0,1.5,33.5
2004,6,LA,TB,28,21,0,6.5,42.5
2004,7,KC,ATL,56,10,0,3.5,44.5
2004,7,BAL,BUF,20,6,0,4.5,31.0
2004,7,TB,CHI,19,7,0,7.0,32.0
2004,7,GB,DAL,41,20,0,4.0,44.0
2004,7,NYG,DET,13,28,0,7.0,40.0
2004,7,IND,JAX,24,27,0,9.0,47.0
2004,7,LV,NO,26,31,0,3.0,45.5
2004,7,NE,NYJ,13,7,0,6.0,43.5
2004,7,CLE,PHI,31,34,0,-7.0,41.5
2004,7,CAR,LAC,6,17,0,3.0,42.0
2004,7,ARI,SEA,25,17,0,-6.5,40.0
2004,7,MIA,LA,31,14,0,-5.0,37.5
2004,7,MIN,TEN,20,3,0,6.0,53.0
2004,7,CIN,DEN,23,10,0,-7.0,42.5
2004,8,BUF,ARI,38,14,0,4.5,33.5
2004,8,DEN,ATL,28,41,0,7.0,39.5
2004,8,PHI,BAL,15,10,0,7.5,37.0
2004,8,SEA,CAR,23,17,0,8.0,39.0
2004,8,TEN,CIN,27,20,0,3.0,39.5
2004,8,DAL,DET,31,21,0,3.0,40.0
2004,8,WAS,GB,14,28,0,-1.0,40.5
2004,8,KC,IND,45,35,0,-1.0,56.5
2004,8,HOU,JAX,20,6,0,2.0,42.0
2004,8,PIT,NE,34,20,0,-3.0,42.0
2004,8,MIN,NYG,13,34,0,6.5,48.5
2004,8,LAC,LV,42,14,0,6.0,46.0
2004,8,CHI,SF,23,13,0,2.0,35.5
2004,8,NYJ,MIA,41,14,0,7.0,35.5
2004,9,MIA,ARI,23,24,0,3.0,34.5
2004,9,NYG,CHI,21,28,0,9.0,34.5
2004,9,BAL,CLE,27,13,0,6.0,35.0
2004,9,CIN,DAL,26,3,0,0.0,44.0
2004,9,DEN,HOU,31,13,0,7.0,44.0
2004,9,TB,KC,34,31,0,-3.0,45.5
2004,9,LA,NE,22,40,0,2.5,49.5
2004,9,LAC,NO,43,17,0,6.5,49.5
2004,9,BUF,NYJ,22,17,0,-3.0,34.0
2004,9,CAR,LV,24,27,0,6.0,41.0
2004,9,PIT,PHI,27,3,0,-1.5,44.5
2004,9,SF,SEA,27,42,0,-7.0,40.5
2004,9,DET,WAS,10,17,0,3.5,37.0
2004,9,IND,MIN,31,28,0,7.0,58.0
2004,10,NYJ,BAL,17,20,0,-1.0,32.0
2004,10,NE,BUF,29,6,0,7.0,38.0
2004,10,SF,CAR,27,37,0,1.5,41.5
2004,10,TEN,CHI,17,19,0,5.5,34.0
2004,10,WAS,CIN,10,17,0,4.0,36.5
2004,10,JAX,DET,23,17,0,3.5,34.5
2004,10,IND,HOU,49,14,0,8.5,54.5
2004,10,NO,KC,27,20,0,-3.5,56.5
2004,10,GB,MIN,34,31,0,4.5,50.0
2004,10,ARI,NYG,17,14,0,1.0,39.0
2004,10,CLE,PIT,10,24,0,-3.5,41.0
2004,10,LA,SEA,23,12,0,-2.5,50.5
2004,10,ATL,TB,24,14,0,3.5,41.0
2004,10,DAL,PHI,21,49,0,-7.0,43.0
2004,11,CAR,ARI,35,10,0,3.0,38.0
2004,11,NYG,ATL,10,14,0,-3.0,40.0
2004,11,BAL,DAL,30,10,0,7.5,36.0
2004,11,NO,DEN,13,34,0,-6.0,48.5
2004,11,MIN,DET,22,19,0,8.0,48.0
2004,11,HOU,GB,13,16,0,-3.0,51.0
2004,11,CHI,IND,10,41,0,-8.0,44.5
2004,11,SEA,MIA,24,17,0,9.5,37.0
2004,11,CLE,NYJ,7,10,0,-1.5,38.0
2004,11,CIN,PIT,14,19,0,-4.0,40.5
2004,11,LV,LAC,17,23,0,-4.5,47.5
2004,11,TB,SF,35,3,0,8.0,42.0
2004,11,BUF,LA,37,17,0,2.0,40.0
2004,11,JAX,TEN,15,18,0,3.0,36.0
2004,11,PHI,WAS,28,6,0,10.0,38.5
2004,11,KC,NE,19,27,0,-3.0,52.0
2004,12,DAL,CHI,21,7,0,3.5,36.0
2004,12,DET,IND,9,41,0,-8.5,54.0
2004,12,NE,BAL,24,3,0,7.0,34.5
2004,12,SEA,BUF,9,38,0,4.0,38.0
2004,12,CIN,CLE,58,48,0,6.0,37.5
2004,12,MIN,JAX,27,16,0,6.0,45.5
2004,12,SF,MIA,17,24,0,0.0,37.5
2004,12,ATL,NO,24,21,0,9.0,47.5
2004,12,ARI,NYJ,3,13,0,-3.0,36.5
2004,12,DEN,LV,24,25,0,11.5,42.5
2004,12,NYG,PHI,6,27,0,-7.0,35.5
2004,12,KC,LAC,31,34,0,3.0,54.0
2004,12,CAR,TB,21,14,0,-3.0,39.0
2004,12,HOU,TEN,31,21,0,2.0,43.0
2004,12,PIT,WAS,16,7,0,10.0,34.5
2004,12,GB,LA,45,17,0,7.0,51.0
2004,13,DET,ARI,26,12,0,6.0,37.0
2004,13,TB,ATL,27,0,0,2.0,39.5
2004,13,MIA,BUF,32,42,0,-5.0,34.0
2004,13,NO,CAR,21,32,0,-2.0,46.5
2004,13,BAL,CIN,26,27,0,6.5,37.0
2004,13,LAC,DEN,20,17,0,3.0,46.5
2004,13,PHI,GB,47,17,0,5.5,48.5
2004,13,NYJ,HOU,29,7,0,7.0,42.0
2004,13,LV,KC,27,34,0,-1.0,52.0
2004,13,CHI,MIN,24,14,0,-7.0,40.5
2004,13,CLE,NE,15,42,0,-11.0,41.0
2004,13,WAS,NYG,31,7,0,3.0,33.0
2004,13,JAX,PIT,16,17,0,-3.0,35.5
2004,13,LA,SF,16,6,0,11.0,49.0
2004,13,IND,TEN,51,24,0,12.0,54.0
2004,13,SEA,DAL,39,43,0,7.0,42.0
2004,14,JAX,CHI,22,3,0,7.0,34.0
2004,14,NE,CIN,35,28,0,10.5,47.0
2004,14,BUF,CLE,37,7,0,11.0,38.5
2004,14,GB,DET,16,13,0,9.0,41.0
2004,14,HOU,IND,14,23,0,-10.0,57.0
2004,14,DEN,MIA,20,17,0,11.5,41.0
2004,14,DAL,NO,13,27,0,7.0,49.0
2004,14,BAL,NYG,37,14,0,10.0,34.0
2004,14,PIT,NYJ,17,6,0,4.5,35.0
2004,14,ATL,LV,35,10,0,7.5,46.0
2004,14,WAS,PHI,14,17,0,-8.0,38.5
2004,14,MIN,SEA,23,27,0,6.5,54.0
2004,14,ARI,SF,28,31,0,7.0,36.0
2004,14,CAR,LA,20,7,0,7.0,44.5
2004,14,LAC,TB,31,24,0,4.0,42.5
2004,14,TEN,KC,38,49,0,-2.5,53.0
2004,15,ATL,CAR,34,31,0,3.5,41.0
2004,15,NYG,PIT,30,33,0,-10.0,36.5
2004,15,SF,WAS,16,26,0,-6.5,36.5
2004,15,IND,BAL,20,10,0,7.5,48.5
2004,15,CIN,BUF,17,33,0,-3.0,41.0
2004,15,PHI,DAL,12,7,0,11.5,45.0
2004,15,KC,DEN,45,17,0,-3.0,52.5
2004,15,CHI,HOU,5,24,0,1.0,34.0
2004,15,GB,JAX,25,28,0,3.5,37.0
2004,15,DET,MIN,27,28,0,-3.0,48.5
2004,15,TB,NO,17,21,0,7.5,43.5
2004,15,CLE,LAC,0,21,0,-8.0,35.0
2004,15,NYJ,SEA,37,14,0,6.5,41.5
2004,15,ARI,LA,31,7,0,-3.0,41.5
2004,15,LV,TEN,40,35,0,3.5,49.5
2004,15,MIA,NE,29,28,0,-10.0,44.0
2004,16,MIN,GB,31,34,0,3.5,56.0
2004,16,TEN,DEN,16,37,0,-4.0,50.5
2004,16,KC,LV,31,30,0,9.5,60.0
2004,16,SEA,ARI,24,21,0,7.0,44.0
2004,16,NO,ATL,26,13,0,6.5,44.0
2004,16,PIT,BAL,20,7,0,5.0,34.0
2004,16,SF,BUF,7,41,0,-10.0,41.5
2004,16,TB,CAR,20,37,0,1.5,39.0
2004,16,DET,CHI,19,13,0,6.0,37.0
2004,16,MIA,CLE,10,7,0,9.0,40.5
2004,16,JAX,HOU,0,21,0,6.5,36.5
2004,16,NYJ,NE,7,23,0,0.0,41.5
2004,16,CIN,NYG,23,22,0,6.5,46.5
2004,16,IND,LAC,34,31,0,7.0,56.0
2004,16,DAL,WAS,13,10,0,-2.5,35.0
2004,16,LA,PHI,20,7,0,4.0,42.5
2004,17,SEA,ATL,28,26,0,5.5,41.0
2004,17,PHI,CIN,10,38,0,-4.0,37.5
2004,17,HOU,CLE,14,22,0,10.0,41.0
2004,17,NYG,DAL,28,24,0,1.0,38.5
2004,17,TEN,DET,24,19,0,-2.5,45.5
2004,17,CHI,GB,14,31,0,3.0,34.0
2004,17,DEN,IND,33,14,0,10.0,44.0
2004,17,LV,JAX,6,13,0,-2.5,43.0
2004,17,LAC,KC,24,17,0,-6.5,51.5
2004,17,BAL,MIA,30,23,0,11.0,33.0
2004,17,WAS,MIN,21,18,0,-4.0,41.0
2004,17,CAR,NO,18,21,0,7.0,46.0
2004,17,LA,NYJ,32,29,0,-3.5,46.0
2004,17,BUF,PIT,24,29,0,9.5,33.0
2004,17,NE,SF,21,7,0,13.0,37.0
2004,17,ARI,TB,12,7,0,4.0,38.5
2004,18,LAC,NYJ,17,20,0,6.5,42.5
2004,18,SEA,LA,20,27,0,4.0,51.0
2004,18,IND,DEN,49,24,0,10.0,56.0
2004,18,GB,MIN,17,31,0,6.0,52.5
2004,19,PIT,NYJ,20,17,0,9.0,35.5
2004,19,ATL,LA,47,17,0,6.5,49.0
2004,19,NE,IND,20,3,0,1.0,51.0
2004,19,PHI,MIN,27,14,0,8.0,47.0
2004,20,PHI,ATL,27,10,0,6.0,37.0
2004,20,PIT,NE,27,41,0,-3.0,36.5
2004,21,PHI,NE,21,24,1,-7.0,47.0
2005,1,NE,LV,30,20,0,7.5,50.0
2005,1,NYG,ARI,42,19,0,1.5,37.5
2005,1,WAS,CHI,9,7,0,6.0,33.0
2005,1,CLE,CIN,13,27,0,-3.5,44.5
2005,1,LAC,DAL,24,28,0,5.0,41.0
2005,1,MIA,DEN,34,10,0,-4.5,38.5
2005,1,DET,GB,17,3,0,3.0,46.0
2005,1,BUF,HOU,22,7,0,4.5,39.0
2005,1,BAL,IND,7,24,0,-3.0,47.0
2005,1,CAR,NO,20,23,0,6.5,45.5
2005,1,KC,NYJ,27,7,0,3.0,48.5
2005,1,JAX,SEA,26,14,0,3.0,40.0
2005,1,SF,LA,28,25,0,-4.5,46.0
2005,1,MIN,TB,13,24,0,6.0,43.5
2005,1,PIT,TEN,34,7,0,7.0,40.5
2005,1,ATL,PHI,14,10,0,-2.0,41.5
2005,2,SEA,ATL,21,18,0,1.0,41.5
2005,2,TEN,BAL,25,10,0,-3.5,36.0
2005,2,TB,BUF,19,3,0,2.5,35.0
2005,2,GB,CLE,24,26,0,7.0,43.0
2005,2,CHI,DET,38,6,0,-2.5,34.0
2005,2,IND,JAX,10,3,0,9.0,46.0
2005,2,LV,KC,17,23,0,-1.5,53.0
2005,2,NYJ,MIA,17,7,0,6.0,37.0
2005,2,CIN,MIN,37,8,0,3.0,47.0
2005,2,CAR,NE,27,17,0,-3.0,44.0
2005,2,HOU,PIT,7,27,0,-4.5,39.5
2005,2,DEN,LAC,20,17,0,3.0,44.0
2005,2,PHI,SF,42,3,0,11.5,43.0
2005,2,ARI,LA,12,17,0,-1.0,44.0
2005,2,NO,NYG,10,27,0,-3.0,43.0
2005,2,DAL,WAS,13,14,0,6.0,36.0
2005,3,SEA,ARI,37,12,0,6.5,42.0
2005,3,BUF,ATL,16,24,0,3.0,36.0
2005,3,MIA,CAR,27,24,0,-3.5,37.5
2005,3,CHI,CIN,7,24,0,-3.0,39.0
2005,3,IND,CLE,13,6,0,13.5,47.0
2005,3,SF,DAL,31,34,0,-6.5,41.0
2005,3,NYJ,JAX,20,26,0,2.5,34.5
2005,3,PIT,NE,20,23,0,3.0,41.5
2005,3,MIN,NO,33,16,0,3.5,44.5
2005,3,LAC,NYG,45,23,0,5.5,42.5
2005,3,PHI,LV,23,20,0,8.5,47.0
2005,3,GB,TB,16,17,0,-3.0,38.0
2005,3,LA,TEN,31,27,0,6.5,46.0
2005,3,DEN,KC,30,10,0,2.5,49.0
2005,4,NO,BUF,19,7,0,-1.0,38.5
2005,4,LV,DAL,19,13,0,3.0,46.0
2005,4,JAX,DEN,7,20,0,4.0,37.5
2005,4,TB,DET,17,13,0,6.5,35.0
2005,4,CIN,HOU,16,10,0,9.5,41.5
2005,4,TEN,IND,10,31,0,-7.0,45.0
2005,4,ATL,MIN,30,10,0,6.0,44.5
2005,4,BAL,NYJ,13,3,0,7.5,31.5
2005,4,KC,PHI,31,37,0,2.5,46.5
2005,4,NE,LAC,17,41,0,5.5,47.0
2005,4,WAS,SEA,20,17,0,2.0,37.0
2005,4,ARI,SF,31,14,1,3.0,42.0
2005,4,NYG,LA,44,24,0,3.0,46.0
2005,4,CAR,GB,32,29,0,3.0,43.0
2005,5,DET,BAL,35,17,0,2.0,33.0
2005,5,ARI,CAR,20,24,0,-3.0,42.0
2005,5,CLE,CHI,20,10,0,3.0,35.0
2005,5,JAX,CIN,23,20,0,3.0,38.0
2005,5,SF,IND,3,28,0,-14.0,47.0
2005,5,BUF,MIA,20,14,0,2.5,33.0
2005,5,ATL,NE,28,31,0,2.5,43.5
2005,5,GB,NO,52,3,0,3.0,41.0
2005,5,DAL,PHI,33,10,0,-3.5,44.0
2005,5,LA,SEA,31,37,0,3.0,48.0
2005,5,NYJ,TB,14,12,0,-3.5,32.0
2005,5,HOU,TEN,20,34,0,1.5,40.5
2005,5,DEN,WAS,21,19,0,7.0,34.5
2005,5,LAC,PIT,22,24,0,3.0,45.5
2005,6,NO,ATL,31,34,0,-4.0,42.0
2005,6,DET,CAR,20,21,0,0.0,42.0
2005,6,TEN,CIN,23,31,0,-3.0,44.5
2005,6,BAL,CLE,16,3,0,4.0,33.5
2005,6,SEA,HOU,42,10,0,8.5,45.5
2005,6,PIT,JAX,17,23,0,5.0,36.0
2005,6,TB,MIA,27,13,0,4.5,33.0
2005,6,CHI,MIN,28,3,0,2.0,37.5
2005,6,DEN,NE,28,20,0,3.0,44.0
2005,6,DAL,NYG,16,13,0,3.5,45.5
2005,6,BUF,NYJ,27,17,0,3.0,33.0
2005,6,LV,LAC,14,27,0,0.0,50.5
2005,6,KC,WAS,28,21,0,6.5,42.5
2005,6,IND,LA,45,28,0,13.0,50.5
2005,7,MIA,KC,20,30,0,-1.0,42.5
2005,7,CHI,BAL,10,6,0,1.0,32.0
2005,7,LV,BUF,38,17,0,3.0,42.0
2005,7,SEA,DAL,13,10,0,3.0,45.5
2005,7,NYG,DEN,24,23,0,2.0,46.5
2005,7,CLE,DET,10,13,0,3.0,36.0
2005,7,MIN,GB,23,20,0,2.0,46.0
2005,7,HOU,IND,20,38,0,-14.5,44.5
2005,7,LA,NO,28,17,0,5.0,50.0
2005,7,CIN,PIT,13,27,0,3.0,43.0
2005,7,PHI,LAC,20,17,0,4.0,47.0
2005,7,WAS,SF,52,17,0,11.5,38.0
2005,7,ARI,TEN,20,10,0,3.0,45.0
2005,7,ATL,NYJ,27,14,0,7.5,41.0
2005,8,DAL,ARI,34,13,0,7.0,41.0
2005,8,NE,BUF,21,16,0,7.0,43.5
2005,8,DET,CHI,13,19,0,3.0,32.5
2005,8,HOU,CLE,19,16,0,2.0,37.5
2005,8,CIN,GB,21,14,0,7.0,46.0
2005,8,LA,JAX,24,21,0,-3.0,43.0
2005,8,LAC,KC,28,20,0,5.0,51.0
2005,8,NO,MIA,6,21,0,2.0,41.0
2005,8,CAR,MIN,38,13,0,8.0,44.0
2005,8,TEN,LV,25,34,0,-2.0,46.0
2005,8,DEN,PHI,49,21,0,3.0,44.0
2005,8,SF,TB,15,10,0,-11.5,37.0
2005,8,NYG,WAS,36,0,0,3.0,41.0
2005,8,PIT,BAL,20,19,0,8.5,33.0
2005,9,MIA,ATL,10,17,0,-2.0,39.5
2005,9,TB,CAR,14,34,0,0.0,36.5
2005,9,NO,CHI,17,20,0,-2.5,34.5
2005,9,BAL,CIN,9,21,0,-3.5,36.0
2005,9,MIN,DET,27,14,0,-1.5,37.5
2005,9,JAX,HOU,21,14,0,11.0,37.5
2005,9,SF,NYG,6,24,0,-9.5,42.0
2005,9,KC,LV,27,23,0,4.5,51.5
2005,9,WAS,PHI,17,10,0,0.0,41.0
2005,9,GB,PIT,10,20,0,-6.5,42.0
2005,9,NYJ,LAC,26,31,0,-5.5,41.5
2005,9,ARI,SEA,19,33,0,-4.5,44.0
2005,9,CLE,TEN,20,14,0,3.0,39.0
2005,9,NE,IND,21,40,0,-3.0,46.5
2005,10,DET,ARI,29,21,0,4.0,40.0
2005,10,JAX,BAL,30,3,0,8.0,34.0
2005,10,PIT,CLE,34,21,0,7.5,34.5
2005,10,LV,DEN,17,31,0,-2.5,47.0
2005,10,ATL,GB,25,33,0,9.5,42.0
2005,10,IND,HOU,31,17,0,17.0,45.0
2005,10,BUF,KC,14,3,0,2.5,42.5
2005,10,NYG,MIN,21,24,0,10.0,45.0
2005,10,MIA,NE,16,23,0,-2.5,40.0
2005,10,CAR,NYJ,30,3,0,9.5,40.5
2005,10,CHI,SF,17,9,0,12.0,33.0
2005,10,SEA,LA,31,16,0,7.0,48.5
2005,10,TB,WAS,36,35,0,-1.0,34.0
2005,10,PHI,DAL,20,21,0,3.0,40.0
2005,11,LA,ARI,28,38,0,9.0,48.0
2005,11,LAC,BUF,48,10,0,9.0,42.0
2005,11,CHI,CAR,13,3,0,-3.0,34.5
2005,11,DAL,DET,20,7,0,8.0,39.0
2005,11,CIN,IND,37,45,0,-4.5,48.5
2005,11,TEN,JAX,28,31,0,-4.0,38.0
2005,11,HOU,KC,17,45,0,-6.5,44.5
2005,11,CLE,MIA,22,0,0,2.5,34.5
2005,11,NE,NO,24,17,0,10.0,45.0
2005,11,DEN,NYJ,27,0,0,13.0,41.0
2005,11,WAS,LV,13,16,0,6.0,42.0
2005,11,NYG,PHI,27,17,0,3.5,43.0
2005,11,BAL,PIT,16,13,0,-4.0,34.5
2005,11,SF,SEA,25,27,0,-12.0,42.5
2005,11,ATL,TB,27,30,0,6.0,38.0
2005,11,GB,MIN,17,20,0,3.5,45.0
2005,12,DET,ATL,7,27,0,-3.0,40.5
2005,12,DAL,DEN,21,24,0,1.5,41.0
2005,12,CIN,BAL,42,29,0,9.0,36.5
2005,12,BUF,CAR,9,13,0,-4.0,36.5
2005,12,TB,CHI,10,13,0,3.0,33.0
2005,12,MIN,CLE,24,12,0,3.5,40.0
2005,12,PHI,GB,19,14,0,3.5,41.5
2005,12,ARI,JAX,17,24,0,-3.5,41.5
2005,12,LV,MIA,21,33,0,7.0,42.5
2005,12,KC,NE,26,16,0,3.0,51.0
2005,12,NYJ,NO,19,21,0,-1.0,37.0
2005,12,SEA,NYG,24,21,0,5.5,47.5
2005,12,WAS,LAC,17,23,0,-3.0,44.0
2005,12,TEN,SF,33,22,0,7.0,42.5
2005,12,HOU,LA,27,33,0,-3.5,44.5
2005,12,IND,PIT,26,7,0,8.0,47.0
2005,13,SF,ARI,10,17,0,-3.0,43.5
2005,13,CAR,ATL,24,6,0,3.0,43.5
2005,13,MIA,BUF,24,23,0,3.0,35.5
2005,13,PIT,CIN,31,38,0,4.0,43.0
2005,13,NYG,DAL,17,10,0,3.0,41.0
2005,13,KC,DEN,31,27,0,0.0,47.0
2005,13,CHI,GB,19,7,0,7.0,32.0
2005,13,BAL,HOU,16,15,0,7.0,37.0
2005,13,CLE,JAX,14,20,0,-3.0,36.5
2005,13,DET,MIN,16,21,0,-3.0,38.0
2005,13,NE,NYJ,16,3,0,7.5,42.5
2005,13,LAC,LV,34,10,0,10.0,50.5
2005,13,NO,TB,3,10,0,-3.5,39.0
2005,13,IND,TEN,35,3,0,14.0,47.5
2005,13,LA,WAS,9,24,0,-3.0,45.0
2005,13,PHI,SEA,0,42,0,-3.0,44.0
2005,14,DEN,BAL,12,10,0,14.0,40.5
2005,14,PIT,CHI,21,9,0,4.0,32.0
2005,14,CIN,CLE,23,20,0,12.5,41.5
2005,14,GB,DET,16,13,0,5.5,37.0
2005,14,TEN,HOU,13,10,0,6.5,44.0
2005,14,JAX,IND,18,26,0,-7.5,43.0
2005,14,DAL,KC,31,28,0,3.0,44.0
2005,14,LAC,MIA,21,23,0,13.5,45.0
2005,14,BUF,NE,7,35,0,-3.5,38.0
2005,14,PHI,NYG,23,26,0,-3.0,40.0
2005,14,NYJ,LV,26,10,0,-3.0,37.5
2005,14,SEA,SF,41,3,0,15.5,45.0
2005,14,MIN,LA,27,13,0,7.0,45.5
2005,14,CAR,TB,10,20,0,5.5,37.0
2005,14,ARI,WAS,13,17,0,-3.0,41.5
2005,14,ATL,NO,36,17,0,10.0,44.0
2005,15,BUF,DEN,17,28,0,-8.0,35.0
2005,15,NYG,KC,27,17,0,3.0,45.5
2005,15,NE,TB,28,0,0,4.5,36.0
2005,15,HOU,ARI,30,19,0,-1.0,43.5
2005,15,CHI,ATL,16,3,0,3.0,30.5
2005,15,NO,CAR,10,27,0,-7.0,40.5
2005,15,DET,CIN,17,41,0,-7.5,44.0
2005,15,LV,CLE,7,9,0,3.0,40.5
2005,15,WAS,DAL,35,7,0,3.0,36.0
2005,15,MIA,NYJ,24,20,0,7.5,35.5
2005,15,LA,PHI,16,17,0,3.0,44.0
2005,15,MIN,PIT,3,18,0,-3.0,41.5
2005,15,IND,LAC,17,26,0,7.5,51.0
2005,15,TEN,SEA,24,28,0,-7.5,45.0
2005,15,JAX,SF,10,9,0,14.5,39.5
2005,15,BAL,GB,48,3,0,3.5,33.0
2005,16,TB,ATL,27,24,0,3.0,37.5
2005,16,CIN,BUF,27,37,0,13.0,44.0
2005,16,CAR,DAL,20,24,0,5.5,38.5
2005,16,NO,DET,12,13,0,3.0,37.5
2005,16,SEA,IND,28,13,0,7.0,47.0
2005,16,HOU,JAX,20,38,0,-6.0,38.0
2005,16,WAS,NYG,35,20,0,3.0,38.0
2005,16,DEN,LV,22,3,0,12.5,42.5
2005,16,ARI,PHI,27,21,0,1.0,39.5
2005,16,CLE,PIT,0,41,0,-7.0,33.0
2005,16,KC,LAC,20,7,0,1.0,49.5
2005,16,LA,SF,20,24,0,9.0,42.0
2005,16,MIA,TEN,24,10,0,5.5,43.0
2005,16,GB,CHI,17,24,0,-7.0,31.0
2005,16,BAL,MIN,30,23,0,2.5,34.0
2005,16,NYJ,NE,21,31,0,-4.0,37.5
2005,17,LAC,DEN,7,23,0,7.0,44.0
2005,17,LV,NYG,21,30,0,-7.5,44.0
2005,17,IND,ARI,17,13,0,6.0,43.5
2005,17,CLE,BAL,20,16,0,-3.0,37.0
2005,17,NYJ,BUF,30,26,0,1.5,37.5
2005,17,ATL,CAR,11,44,0,-3.5,42.0
2005,17,MIN,CHI,34,10,0,3.0,35.0
2005,17,KC,CIN,37,3,0,7.5,47.0
2005,17,PIT,DET,35,21,0,15.5,35.5
2005,17,SF,HOU,20,17,0,-1.0,37.5
2005,17,NE,MIA,26,28,0,3.0,37.0
2005,17,TB,NO,27,13,0,13.0,37.5
2005,17,GB,SEA,23,17,0,3.0,40.5
2005,17,DAL,LA,10,20,0,12.5,43.0
2005,17,JAX,TEN,40,13,0,4.0,38.0
2005,17,PHI,WAS,20,31,0,-7.0,37.0
2005,18,NE,JAX,28,3,0,8.0,37.5
2005,18,TB,WAS,10,17,0,2.5,37.5
2005,18,NYG,CAR,0,23,0,3.0,43.5
2005,18,CIN,PIT,17,31,0,-3.0,44.0
2005,19,DEN,NE,27,13,0,3.0,44.0
2005,19,SEA,WAS,20,10,0,8.5,41.0
2005,19,CHI,CAR,21,29,0,3.0,31.0
2005,19,IND,PIT,18,21,0,8.5,46.5
2005,20,SEA,CAR,34,14,0,5.5,43.0
2005,20,DEN,PIT,17,34,0,3.5,41.0
2005,21,PIT,SEA,21,10,1,4.0,47.0
2006,1,PIT,MIA,28,17,0,1.5,34.5
2006,1,CAR,ATL,6,20,0,4.5,39.0
2006,1,TB,BAL,0,27,0,3.0,33.0
2006,1,NE,BUF,19,17,0,10.0,41.0
2006,1,GB,CHI,0,26,0,-3.5,35.0
2006,1,KC,CIN,10,23,0,-1.5,49.5
2006,1,JAX,DAL,24,17,0,-2.5,36.5
2006,1,LA,DEN,18,10,0,-3.5,46.0
2006,1,NYG,IND,21,26,0,-3.0,47.5
2006,1,CLE,NO,14,19,0,3.0,36.0
2006,1,TEN,NYJ,16,23,0,2.5,35.0
2006,1,HOU,PHI,10,24,0,-6.0,37.0
2006,1,DET,SEA,6,9,0,-6.0,44.0
2006,1,ARI,SF,34,27,0,9.5,44.0
2006,1,WAS,MIN,16,19,0,4.0,35.5
2006,1,LV,LAC,0,27,0,-3.0,41.5
2006,2,SEA,ARI,21,10,0,7.0,48.0
2006,2,MIA,BUF,6,16,0,6.5,37.0
2006,2,MIN,CAR,16,13,0,2.0,37.5
2006,2,CIN,CLE,34,17,0,10.5,40.5
2006,2,CHI,DET,34,7,0,7.0,32.0
2006,2,IND,HOU,43,24,0,12.5,47.0
2006,2,DEN,KC,9,6,0,11.0,38.0
2006,2,NYJ,NE,17,24,0,-6.0,38.5
2006,2,GB,NO,27,34,0,-1.0,40.5
2006,2,PHI,NYG,24,30,0,3.0,42.0
2006,2,BAL,LV,28,6,0,13.0,34.0
2006,2,SF,LA,20,13,0,-3.0,44.5
2006,2,ATL,TB,14,3,0,4.5,36.0
2006,2,LAC,TEN,40,7,0,12.0,38.5
2006,2,DAL,WAS,27,10,0,7.0,37.0
2006,2,JAX,PIT,9,0,0,-2.5,36.5
2006,3,CLE,BAL,14,15,0,-6.5,33.0
2006,3,TB,CAR,24,26,0,-3.0,33.5
2006,3,MIN,CHI,16,19,0,-3.5,35.0
2006,3,PIT,CIN,20,28,0,2.0,42.0
2006,3,NE,DEN,7,17,0,6.5,38.5
2006,3,DET,GB,24,31,0,6.5,41.0
2006,3,IND,JAX,21,14,0,6.5,41.5
2006,3,SEA,NYG,42,30,0,4.0,43.0
2006,3,BUF,NYJ,20,28,0,6.0,33.0
2006,3,SF,PHI,24,38,0,-6.0,42.5
2006,3,ARI,LA,14,16,0,5.5,45.0
2006,3,MIA,TEN,13,10,0,10.5,36.0
2006,3,HOU,WAS,15,31,0,-3.5,37.5
2006,3,NO,ATL,23,3,0,-4.0,45.0
2006,4,ATL,ARI,32,10,0,7.0,41.0
2006,4,LV,CLE,21,24,0,-1.0,33.5
2006,4,TEN,DAL,14,45,0,-10.0,37.0
2006,4,LA,DET,41,34,0,5.5,42.0
2006,4,NYJ,IND,28,31,0,-7.5,46.5
2006,4,WAS,JAX,36,30,0,-2.5,33.5
2006,4,HOU,MIA,17,15,0,-3.5,41.0
2006,4,BUF,MIN,17,12,0,1.0,34.5
2006,4,CIN,NE,13,38,0,5.5,46.0
2006,4,CAR,NO,21,18,0,7.0,41.0
2006,4,BAL,LAC,16,13,0,1.0,33.5
2006,4,CHI,SEA,37,6,0,3.5,37.0
2006,4,KC,SF,41,0,0,7.0,39.0
2006,4,PHI,GB,31,9,0,12.0,49.5
2006,5,CHI,BUF,40,7,0,9.5,34.5
2006,5,CAR,CLE,20,12,0,7.5,38.0
2006,5,PHI,DAL,38,24,0,-1.0,43.5
2006,5,MIN,DET,26,17,0,4.0,41.0
2006,5,ARI,KC,20,23,0,-3.5,40.0
2006,5,NE,MIA,20,10,0,9.5,36.5
2006,5,JAX,NYJ,41,0,0,7.0,38.5
2006,5,SF,LV,34,20,0,3.0,39.0
2006,5,LAC,PIT,23,13,0,3.5,37.0
2006,5,GB,LA,20,23,0,-2.5,46.5
2006,5,NO,TB,24,21,0,7.0,34.5
2006,5,IND,TEN,14,13,0,13.5,47.5
2006,5,NYG,WAS,19,3,0,6.0,46.0
2006,5,DEN,BAL,13,3,0,5.5,33.0
2006,6,DET,BUF,20,17,0,-1.0,41.0
2006,6,BAL,CAR,21,23,0,3.0,33.5
2006,6,TB,CIN,14,13,0,-4.5,44.0
2006,6,DAL,HOU,34,6,0,13.0,43.5
2006,6,PIT,KC,45,7,0,6.5,37.0
2006,6,NYJ,MIA,20,17,0,2.0,36.0
2006,6,ATL,NYG,14,27,0,3.0,41.0
2006,6,DEN,LV,13,3,0,14.0,36.0
2006,6,NO,PHI,27,24,0,-3.0,47.0
2006,6,SF,LAC,19,48,0,-9.5,41.5
2006,6,LA,SEA,28,30,0,-3.0,45.0
2006,6,WAS,TEN,22,25,0,11.5,39.0
2006,6,ARI,CHI,23,24,0,-11.5,40.0
2006,7,LV,ARI,22,9,0,-3.0,39.5
2006,7,CIN,CAR,17,14,0,3.0,44.0
2006,7,CLE,DEN,7,17,0,-4.5,31.0
2006,7,NYJ,DET,31,24,0,4.0,43.5
2006,7,MIA,GB,24,34,0,6.0,40.0
2006,7,HOU,JAX,27,7,0,-7.5,39.5
2006,7,SEA,MIN,13,31,0,6.0,40.0
2006,7,BUF,NE,6,28,0,-5.5,35.5
2006,7,TB,PHI,23,21,0,-6.0,42.0
2006,7,ATL,PIT,41,38,0,-2.5,39.5
2006,7,KC,LAC,30,27,0,-6.0,38.0
2006,7,IND,WAS,36,22,0,8.0,47.0
2006,7,DAL,NYG,22,36,0,3.0,43.5
2006,8,GB,ARI,31,14,0,4.0,44.5
2006,8,CIN,ATL,27,29,0,3.5,44.5
2006,8,NO,BAL,22,35,0,1.0,37.0
2006,8,CAR,DAL,14,35,0,4.5,41.0
2006,8,TEN,HOU,28,22,0,3.0,41.0
2006,8,DEN,IND,31,34,0,3.0,40.0
2006,8,PHI,JAX,6,13,0,9.0,39.0
2006,8,CLE,NYJ,20,13,0,1.0,37.0
2006,8,LV,PIT,20,13,0,-9.0,39.0
2006,8,KC,SEA,35,28,0,4.0,36.5
2006,8,CHI,SF,41,10,0,16.0,41.5
2006,8,LAC,LA,38,24,0,9.5,45.0
2006,8,NYG,TB,17,3,0,9.5,38.5
2006,8,MIN,NE,7,31,0,-1.0,39.5
2006,9,DET,ATL,30,14,0,-5.0,47.5
2006,9,BAL,CIN,26,20,0,3.0,41.5
2006,9,LAC,CLE,32,25,0,13.0,41.0
2006,9,WAS,DAL,22,19,0,-3.0,41.0
2006,9,PIT,DEN,20,31,0,3.0,36.5
2006,9,BUF,GB,24,10,0,3.5,41.0
2006,9,NYG,HOU,14,10,0,13.0,43.0
2006,9,NE,IND,20,27,0,3.0,48.0
2006,9,LA,KC,17,31,0,2.5,48.0
2006,9,CHI,MIA,13,31,0,13.0,37.0
2006,9,SF,MIN,9,3,0,-4.0,42.5
2006,9,TB,NO,14,31,0,1.0,37.5
2006,9,JAX,TEN,37,7,0,9.5,37.5
2006,9,SEA,LV,16,0,0,7.0,34.0
2006,10,TEN,BAL,26,27,0,-7.0,38.5
2006,10,IND,BUF,17,16,0,12.0,44.5
2006,10,NYG,CHI,20,38,0,1.0,37.0
2006,10,ATL,CLE,13,17,0,9.0,42.0
2006,10,ARI,DAL,10,27,0,-6.5,43.0
2006,10,LV,DEN,13,17,0,-9.0,33.5
2006,10,MIN,GB,17,23,0,5.0,40.0
2006,10,JAX,HOU,10,13,0,10.0,37.0
2006,10,MIA,KC,13,10,0,1.0,40.0
2006,10,PIT,NO,38,31,0,6.5,45.5
2006,10,NE,NYJ,14,17,0,10.5,38.0
2006,10,CIN,LAC,41,49,0,-1.0,48.0
2006,10,DET,SF,13,19,0,6.5,46.0
2006,10,SEA,LA,24,22,0,3.0,43.0
2006,10,PHI,WAS,27,3,0,9.0,41.5
2006,10,CAR,TB,24,10,0,10.0,37.0
2006,11,BAL,ATL,24,10,0,3.5,41.0
2006,11,HOU,BUF,21,24,0,3.0,36.5
2006,11,NYJ,CHI,0,10,0,-5.5,39.0
2006,11,NO,CIN,16,31,0,3.5,51.5
2006,11,ARI,DET,17,10,0,2.5,45.5
2006,11,DAL,IND,21,14,0,-1.0,49.0
2006,11,MIA,MIN,24,20,0,3.0,34.0
2006,11,GB,NE,0,35,0,-5.5,45.5
2006,11,KC,LV,17,13,0,9.0,36.0
2006,11,CLE,PIT,20,24,0,-4.0,36.0
2006,11,DEN,LAC,27,35,0,2.5,43.0
2006,11,SF,SEA,20,14,0,-3.0,43.0
2006,11,CAR,LA,15,0,0,6.5,44.0
2006,11,PHI,TEN,13,31,0,13.0,44.0
2006,11,TB,WAS,20,17,0,3.0,33.5
2006,11,JAX,NYG,26,10,0,4.0,38.0
2006,12,KC,DEN,19,10,0,1.0,39.0
2006,12,DET,MIA,10,27,0,-3.0,40.5
2006,12,DAL,TB,38,10,0,12.5,39.0
2006,12,MIN,ARI,31,26,0,7.0,39.0
2006,12,WAS,CAR,17,13,0,-5.5,36.5
2006,12,NE,CHI,17,13,0,4.5,38.0
2006,12,CLE,CIN,0,30,0,-3.0,44.0
2006,12,NYJ,HOU,26,11,0,4.5,40.5
2006,12,BUF,JAX,27,24,0,-3.0,35.0
2006,12,ATL,NO,13,31,0,3.0,48.0
2006,12,TEN,NYG,24,21,0,-4.0,45.0
2006,12,LAC,LV,21,14,0,13.5,43.0
2006,12,IND,PHI,45,21,0,10.0,44.0
2006,12,BAL,PIT,27,0,0,3.0,40.5
2006,12,LA,SF,20,17,0,4.5,44.5
2006,12,SEA,GB,34,24,0,10.0,42.0
2006,13,CIN,BAL,13,7,0,3.0,42.0
2006,13,LA,ARI,20,34,0,6.0,45.5
2006,13,WAS,ATL,14,24,0,-1.0,39.0
2006,13,NYG,DAL,20,23,0,-3.0,43.0
2006,13,NE,DET,28,21,0,13.0,41.0
2006,13,LV,HOU,14,23,0,3.0,35.0
2006,13,TEN,IND,20,17,0,-7.5,47.0
2006,13,MIA,JAX,10,24,0,1.0,35.5
2006,13,CLE,KC,31,28,0,-4.0,36.0
2006,13,CHI,MIN,23,13,0,9.0,34.0
2006,13,GB,NYJ,10,38,0,1.0,39.0
2006,13,BUF,LAC,21,24,0,-5.5,40.0
2006,13,DEN,SEA,20,23,0,4.5,41.0
2006,13,NO,SF,34,10,0,7.0,45.0
2006,13,PIT,TB,20,3,0,9.0,39.5
2006,13,PHI,CAR,27,24,0,-3.0,37.5
2006,14,PIT,CLE,27,7,0,7.0,34.0
2006,14,TB,ATL,6,17,0,-4.0,37.5
2006,14,KC,BAL,10,20,0,3.0,37.0
2006,14,NYJ,BUF,13,31,0,4.5,38.0
2006,14,LAC,DEN,48,20,0,9.0,41.0
2006,14,SF,GB,19,30,0,4.0,44.0
2006,14,JAX,IND,44,17,0,-1.0,44.0
2006,14,DET,MIN,20,30,0,1.0,40.5
2006,14,MIA,NE,21,0,0,-3.0,37.0
2006,14,DAL,NO,17,42,0,7.5,47.0
2006,14,CAR,NYG,13,27,0,-3.0,38.5
2006,14,CIN,LV,27,10,0,10.5,40.0
2006,14,WAS,PHI,19,21,0,-2.0,40.0
2006,14,ARI,SEA,27,21,0,-3.0,44.5
2006,14,HOU,TEN,20,26,0,1.0,42.0
2006,14,LA,CHI,27,42,0,-6.0,41.5
2006,15,SEA,SF,14,24,0,10.0,38.0
2006,15,ATL,DAL,28,38,0,-4.0,45.0
2006,15,BAL,CLE,27,17,0,13.0,35.5
2006,15,ARI,DEN,20,37,0,-2.5,44.0
2006,15,GB,DET,17,9,0,6.0,45.0
2006,15,NE,HOU,40,7,0,13.0,37.5
2006,15,TEN,JAX,24,17,0,-3.5,40.5
2006,15,LAC,KC,20,9,0,9.5,46.5
2006,15,BUF,MIA,21,0,0,1.0,34.0
2006,15,MIN,NYJ,13,26,0,3.5,41.0
2006,15,NYG,PHI,22,36,0,5.5,45.5
2006,15,CAR,PIT,3,37,0,-3.0,39.0
2006,15,LV,LA,0,20,0,3.0,40.0
2006,15,CHI,TB,34,31,0,13.0,35.0
2006,15,NO,WAS,10,16,0,10.0,47.0
2006,15,IND,CIN,34,16,0,3.5,55.0
2006,16,GB,MIN,9,7,0,4.0,38.0
2006,16,LV,KC,9,20,0,-7.0,36.5
2006,16,SF,ARI,20,26,0,3.5,45.0
2006,16,PIT,BAL,7,31,0,4.0,37.0
2006,16,ATL,CAR,3,10,0,6.0,40.5
2006,16,DET,CHI,21,26,0,-6.0,41.5
2006,16,DEN,CIN,24,23,0,3.0,44.5
2006,16,HOU,IND,27,24,0,-9.0,47.0
2006,16,JAX,NE,21,24,0,3.0,36.5
2006,16,NYG,NO,7,30,0,3.0,47.0
2006,16,SEA,LAC,17,20,0,-4.0,45.0
2006,16,CLE,TB,7,22,0,3.5,37.5
2006,16,BUF,TEN,29,30,0,5.5,37.5
2006,16,LA,WAS,37,31,0,1.0,43.0
2006,16,MIA,NYJ,10,13,0,2.5,36.0
2006,16,DAL,PHI,7,23,0,6.5,47.5
2006,17,WAS,NYG,28,34,0,-1.0,43.0
2006,17,LAC,ARI,27,20,0,13.5,44.5
2006,17,PHI,ATL,24,17,0,7.0,43.0
2006,17,BAL,BUF,19,7,0,9.5,37.0
2006,17,NO,CAR,21,31,0,-3.0,38.0
2006,17,HOU,CLE,14,6,0,6.0,38.0
2006,17,DAL,DET,31,39,0,13.5,45.5
2006,17,CHI,GB,7,26,0,2.5,37.0
2006,17,KC,JAX,35,30,0,1.0,36.5
2006,17,IND,MIA,27,22,0,9.5,44.0
2006,17,TEN,NE,23,40,0,3.5,41.0
2006,17,NYJ,LV,23,3,0,10.0,34.0
2006,17,CIN,PIT,17,23,0,6.0,45.0
2006,17,TB,SEA,7,23,0,3.0,37.0
2006,17,DEN,SF,23,26,0,10.5,39.0
2006,17,MIN,LA,21,41,0,-1.0,43.0
2006,18,SEA,DAL,21,20,0,1.0,48.0
2006,18,IND,KC,23,8,0,7.0,50.5
2006,18,PHI,NYG,23,20,0,6.5,45.5
2006,18,NE,NYJ,37,16,0,9.5,38.5
2006,19,BAL,IND,6,15,0,4.0,41.0
2006,19,NO,PHI,27,24,0,5.5,48.5
2006,19,LAC,NE,21,24,0,5.0,45.5
2006,19,CHI,SEA,27,24,0,3.5,37.5
2006,20,IND,NE,38,34,0,3.5,47.0
2006,20,CHI,NO,39,14,0,2.5,42.5
2006,21,CHI,IND,17,29,1,-6.5,47.0
2007,1,IND,NO,41,10,0,5.5,52.5
2007,1,MIN,ATL,24,3,0,3.0,34.5
2007,1,LA,CAR,13,27,0,1.5,43.0
2007,1,LAC,CHI,14,3,0,7.0,43.0
2007,1,BUF,DEN,14,15,0,-3.0,38.0
2007,1,LV,DET,21,36,0,3.0,39.5
2007,1,HOU,KC,20,3,0,3.0,37.5
2007,1,WAS,MIA,16,13,0,3.0,34.0
2007,1,NYJ,NE,14,38,0,-6.0,41.5
2007,1,DAL,NYG,45,35,0,6.0,44.0
2007,1,GB,PHI,16,13,0,-3.0,41.5
2007,1,CLE,PIT,7,34,0,-4.5,36.5
2007,1,SEA,TB,20,6,0,6.0,40.5
2007,1,JAX,TEN,10,13,0,7.5,39.5
2007,1,SF,ARI,20,17,0,3.5,47.0
2007,1,CIN,BAL,27,20,0,2.5,39.5
2007,2,JAX,ATL,13,7,0,10.0,34.5
2007,2,PIT,BUF,26,3,0,10.0,39.5
2007,2,CLE,CIN,51,45,0,-7.0,41.5
2007,2,MIA,DAL,20,37,0,-3.5,39.5
2007,2,NYG,GB,13,35,0,3.0,40.0
2007,2,CAR,HOU,21,34,0,6.5,38.0
2007,2,TEN,IND,20,22,0,-7.0,45.0
2007,2,CHI,KC,20,10,0,11.5,35.0
2007,2,DET,MIN,20,17,0,3.0,42.5
2007,2,TB,NO,31,14,0,-5.0,41.5
2007,2,BAL,NYJ,20,13,0,9.5,33.0
2007,2,DEN,LV,23,20,0,10.0,37.0
2007,2,NE,LAC,38,14,0,3.5,46.0
2007,2,ARI,SEA,23,20,0,-3.0,42.5
2007,2,LA,SF,16,17,0,3.0,44.0
2007,2,PHI,WAS,12,20,0,6.5,39.0
2007,3,BAL,ARI,26,23,0,7.0,35.5
2007,3,NE,BUF,38,7,0,16.5,41.0
2007,3,ATL,CAR,20,27,0,-4.0,38.0
2007,3,SEA,CIN,24,21,0,3.5,49.5
2007,3,LV,CLE,26,24,0,3.0,41.5
2007,3,CHI,DAL,10,34,0,3.0,41.0
2007,3,PHI,DET,56,21,0,5.0,44.5
2007,3,HOU,IND,24,30,0,-6.5,46.0
2007,3,DEN,JAX,14,23,0,3.5,36.0
2007,3,NYJ,MIA,31,28,0,3.0,36.5
2007,3,KC,MIN,13,10,0,3.0,34.0
2007,3,WAS,NYG,17,24,0,3.5,41.5
2007,3,GB,LAC,31,24,0,-5.5,42.5
2007,3,PIT,SF,37,16,0,10.0,37.5
2007,3,TB,LA,24,3,0,3.5,38.5
2007,3,NO,TEN,14,31,0,4.5,46.0
2007,4,CLE,BAL,27,13,0,-3.5,40.0
2007,4,DET,CHI,37,27,0,-2.5,46.0
2007,4,IND,DEN,38,20,0,10.0,46.0
2007,4,MIN,GB,16,23,0,-1.0,38.0
2007,4,ATL,HOU,26,16,0,-2.5,39.0
2007,4,LAC,KC,16,30,0,12.0,38.5
2007,4,BUF,NYJ,17,14,0,-3.5,37.5
2007,4,MIA,LV,17,35,0,3.5,40.0
2007,4,NYG,PHI,16,3,0,-2.0,47.5
2007,4,ARI,PIT,21,14,0,-5.5,42.5
2007,4,SF,SEA,3,23,0,-1.0,40.5
2007,4,DAL,LA,35,7,0,13.0,47.0
2007,4,CAR,TB,7,20,0,3.0,39.0
2007,4,CIN,NE,13,34,0,-7.5,54.0
2007,5,LA,ARI,31,34,0,-3.5,40.0
2007,5,TEN,ATL,20,13,0,9.0,41.0
2007,5,SF,BAL,7,9,0,-4.0,35.0
2007,5,NO,CAR,13,16,0,3.5,43.0
2007,5,GB,CHI,20,27,0,3.0,40.5
2007,5,NE,CLE,34,17,0,15.5,48.0
2007,5,WAS,DET,34,3,0,4.0,44.5
2007,5,KC,JAX,7,17,0,-1.0,36.0
2007,5,HOU,MIA,22,19,0,4.5,43.5
2007,5,NYG,NYJ,35,24,0,3.5,41.0
2007,5,DEN,LAC,3,41,0,-1.0,43.0
2007,5,PIT,SEA,21,0,0,5.5,41.0
2007,5,IND,TB,33,14,0,9.0,44.5
2007,5,BUF,DAL,24,25,0,-10.5,45.0
2007,6,ARI,CAR,10,25,0,6.0,38.5
2007,6,KC,CIN,27,20,0,-1.0,43.5
2007,6,JAX,HOU,37,17,0,6.5,37.0
2007,6,CLE,MIA,41,31,0,4.0,45.5
2007,6,CHI,MIN,31,34,0,4.5,35.5
2007,6,DAL,NE,27,48,0,-5.0,52.0
2007,6,SEA,NO,17,28,0,5.5,42.5
2007,6,LAC,LV,28,14,0,9.5,44.0
2007,6,NYJ,PHI,9,16,0,-4.0,43.0
2007,6,BAL,LA,22,3,0,9.0,36.5
2007,6,TB,TEN,13,10,0,1.0,37.0
2007,6,GB,WAS,17,14,0,3.0,40.5
2007,6,ATL,NYG,10,31,0,-4.5,43.5
2007,7,WAS,ARI,21,19,0,9.0,35.0
2007,7,NO,ATL,22,16,0,9.0,42.5
2007,7,BUF,BAL,19,14,0,-3.0,33.5
2007,7,PHI,CHI,16,19,0,5.5,42.5
2007,7,LV,KC,10,12,0,1.0,37.5
2007,7,DAL,MIN,24,14,0,9.5,45.5
2007,7,MIA,NE,28,49,0,-15.5,49.5
2007,7,CIN,NYJ,38,31,0,6.0,48.0
2007,7,DEN,PIT,31,28,0,-4.0,38.0
2007,7,NYG,SF,33,15,0,9.5,39.0
2007,7,SEA,LA,33,6,0,9.0,39.5
2007,7,DET,TB,23,16,0,2.5,44.5
2007,7,HOU,TEN,36,38,0,2.0,37.5
2007,7,JAX,IND,7,29,0,-3.0,45.0
2007,8,NYJ,BUF,3,13,0,3.0,38.0
2007,8,LA,CLE,20,27,0,-3.0,46.0
2007,8,CHI,DET,7,16,0,6.0,45.5
2007,8,LAC,HOU,35,10,0,10.0,46.0
2007,8,CAR,IND,7,31,0,-7.0,44.0
2007,8,TB,JAX,23,24,0,3.5,32.5
2007,8,SF,NO,10,31,0,-1.0,40.0
2007,8,MIA,NYG,10,13,1,-10.0,47.5
2007,8,TEN,LV,13,9,0,7.0,39.5
2007,8,MIN,PHI,16,23,0,1.0,37.5
2007,8,CIN,PIT,13,24,0,-4.0,48.0
2007,8,NE,WAS,52,7,0,15.0,46.5
2007,8,DEN,GB,13,19,0,3.0,43.5
2007,9,TB,ARI,17,10,0,3.5,39.0
2007,9,TEN,CAR,20,7,0,5.0,36.0
2007,9,BUF,CIN,33,21,0,-1.0,44.0
2007,9,PHI,DAL,17,38,0,-3.0,46.0
2007,9,DET,DEN,44,7,0,3.0,46.5
2007,9,KC,GB,22,33,0,1.0,38.0
2007,9,LV,HOU,17,24,0,3.0,41.0
2007,9,NO,JAX,41,24,0,3.5,40.0
2007,9,IND,NE,20,24,0,-5.0,56.0
2007,9,MIN,LAC,35,17,0,-7.0,41.5
2007,9,CLE,SEA,33,30,0,1.0,46.5
2007,9,ATL,SF,20,16,0,3.5,37.0
2007,9,NYJ,WAS,20,23,0,-3.5,35.5
2007,9,PIT,BAL,38,7,0,9.5,36.0
2007,10,CAR,ATL,13,20,0,3.5,35.5
2007,10,MIA,BUF,10,13,0,-1.0,41.0
2007,10,LV,CHI,6,17,0,-3.5,38.5
2007,10,BAL,CIN,7,21,0,3.0,44.5
2007,10,PIT,CLE,31,28,0,10.0,47.0
2007,10,NYG,DAL,20,31,0,-1.0,48.0
2007,10,KC,DEN,11,27,0,3.0,37.0
2007,10,ARI,DET,31,21,0,2.0,45.0
2007,10,LAC,IND,23,21,0,-3.5,47.5
2007,10,TEN,JAX,13,28,0,4.5,36.0
2007,10,GB,MIN,34,0,0,5.5,41.0
2007,10,WAS,PHI,25,33,0,3.0,37.5
2007,10,NO,LA,29,37,0,10.5,46.5
2007,10,SEA,SF,24,0,0,9.5,37.5
2007,11,CIN,ARI,27,35,0,3.0,48.5
2007,11,GB,CAR,31,17,0,10.0,37.0
2007,11,SEA,CHI,30,23,0,6.0,38.0
2007,11,BAL,CLE,30,33,0,-1.0,43.5
2007,11,IND,KC,13,10,0,14.5,41.5
2007,11,PHI,MIA,17,7,0,9.5,40.5
2007,11,BUF,NE,10,56,0,-15.5,46.0
2007,11,HOU,NO,23,10,0,1.0,50.0
2007,11,DET,NYG,10,16,0,-2.5,47.5
2007,11,MIN,LV,29,22,0,4.5,35.0
2007,11,NYJ,PIT,19,16,0,-9.5,40.0
2007,11,JAX,LAC,24,17,0,3.0,40.5
2007,11,SF,LA,9,13,0,-3.0,39.0
2007,11,ATL,TB,7,31,0,-3.0,35.5
2007,11,DAL,WAS,28,23,0,11.0,46.5
2007,11,DEN,TEN,34,20,0,1.0,38.0
2007,12,DET,GB,26,37,0,-3.5,46.5
2007,12,ATL,IND,13,31,0,-13.5,41.0
2007,12,DAL,NYJ,34,3,0,14.0,47.5
2007,12,LAC,BAL,32,14,0,9.0,38.5
2007,12,JAX,BUF,36,14,0,9.5,37.0
2007,12,CHI,DEN,37,34,0,1.0,42.5
2007,12,CLE,HOU,27,17,0,3.0,52.0
2007,12,NYG,MIN,17,41,0,7.0,40.0
2007,12,CAR,NO,6,31,0,-3.0,42.0
2007,12,KC,LV,17,20,0,4.0,34.5
2007,12,NE,PHI,31,28,0,24.0,51.0
2007,12,LA,SEA,19,24,0,-3.0,45.5
2007,12,ARI,SF,31,37,0,10.0,37.5
2007,12,CIN,TEN,35,6,0,1.0,47.0
2007,12,TB,WAS,19,13,0,3.5,38.0
2007,12,PIT,MIA,3,0,0,15.0,37.5
2007,13,DAL,GB,37,27,0,7.0,51.5
2007,13,LA,ATL,28,16,0,3.0,40.0
2007,13,WAS,BUF,16,17,0,6.5,37.0
2007,13,PIT,CIN,24,10,0,7.0,40.0
2007,13,ARI,CLE,27,21,0,1.0,52.0
2007,13,LV,DEN,34,20,0,-3.5,41.0
2007,13,MIN,DET,42,10,0,5.5,44.0
2007,13,TEN,HOU,28,20,0,3.5,39.5
2007,13,IND,JAX,28,25,0,7.0,45.0
2007,13,CHI,NYG,16,21,0,-1.0,40.0
2007,13,MIA,NYJ,13,40,0,1.0,37.0
2007,13,KC,LAC,10,24,0,-6.0,37.0
2007,13,PHI,SEA,24,28,0,3.0,40.5
2007,13,CAR,SF,31,14,0,3.0,35.0
2007,13,NO,TB,23,27,0,5.5,41.0
2007,13,BAL,NE,24,27,0,-19.0,46.0
2007,14,WAS,CHI,24,16,0,3.0,39.0
2007,14,SEA,ARI,42,21,0,7.5,44.0
2007,14,JAX,CAR,37,6,0,11.0,39.0
2007,14,NYJ,CLE,18,24,0,-3.0,47.0
2007,14,DET,DAL,27,28,0,-10.0,50.0
2007,14,BAL,IND,20,44,0,-8.5,41.0
2007,14,DEN,KC,41,7,0,7.5,37.5
2007,14,BUF,MIA,38,17,0,7.0,34.0
2007,14,SF,MIN,7,27,0,-7.5,39.0
2007,14,PHI,NYG,13,16,0,3.0,41.5
2007,14,GB,LV,38,7,0,10.5,40.5
2007,14,NE,PIT,34,13,0,11.0,49.0
2007,14,TEN,LAC,17,23,0,-1.0,40.0
2007,14,CIN,LA,19,10,0,10.0,45.0
2007,14,HOU,TB,28,14,0,-3.0,39.0
2007,14,ATL,NO,14,34,0,-4.0,44.0
2007,15,HOU,DEN,31,13,0,-2.5,47.0
2007,15,SF,CIN,20,13,0,-9.0,42.0
2007,15,NO,ARI,31,24,0,4.0,49.5
2007,15,TB,ATL,37,3,0,13.0,37.5
2007,15,MIA,BAL,22,16,0,-3.0,37.5
2007,15,CLE,BUF,8,0,0,4.5,36.5
2007,15,LAC,DET,51,14,0,9.5,45.5
2007,15,LA,GB,14,33,0,-7.0,47.0
2007,15,LV,IND,14,21,0,-9.5,44.5
2007,15,PIT,JAX,22,29,0,3.5,34.5
2007,15,NE,NYJ,20,10,0,20.5,41.0
2007,15,DAL,PHI,6,10,0,10.0,48.5
2007,15,CAR,SEA,13,10,0,-7.0,37.0
2007,15,KC,TEN,17,26,0,-3.5,34.0
2007,15,NYG,WAS,10,22,0,6.0,35.5
2007,15,MIN,CHI,20,13,0,10.5,43.0
2007,16,LA,PIT,24,41,0,-9.0,43.0
2007,16,CAR,DAL,13,20,0,-10.5,42.5
2007,16,ARI,ATL,30,27,0,11.0,44.0
2007,16,SEA,BAL,27,6,0,12.5,39.0
2007,16,CIN,CLE,19,14,0,-1.0,43.0
2007,16,CHI,GB,35,7,0,-9.0,32.0
2007,16,IND,HOU,38,15,0,6.5,44.5
2007,16,DET,KC,25,20,0,6.0,43.5
2007,16,NE,MIA,28,7,0,22.0,45.0
2007,16,BUF,NYG,21,38,0,-1.0,32.0
2007,16,TEN,NYJ,10,6,0,9.0,37.0
2007,16,JAX,LV,49,11,0,14.0,40.0
2007,16,NO,PHI,23,38,0,3.0,47.5
2007,16,SF,TB,21,19,0,-6.5,36.5
2007,16,MIN,WAS,21,32,0,6.0,40.5
2007,16,LAC,DEN,23,3,0,9.0,47.0
2007,17,NYG,NE,35,38,0,-13.0,46.5
2007,17,PHI,BUF,17,9,0,9.5,39.0
2007,17,TB,CAR,23,31,0,-3.0,35.5
2007,17,MIA,CIN,25,38,0,-1.0,45.0
2007,17,WAS,DAL,27,6,0,9.0,38.0
2007,17,GB,DET,34,13,0,3.5,39.0
2007,17,HOU,JAX,42,28,0,7.0,42.0
2007,17,NYJ,KC,13,10,0,4.0,35.5
2007,17,DEN,MIN,22,19,0,-3.0,41.0
2007,17,CHI,NO,33,25,0,1.0,42.0
2007,17,BAL,PIT,27,21,0,-3.0,34.5
2007,17,LV,LAC,17,30,0,-9.0,41.5
2007,17,ATL,SEA,44,41,0,-2.0,38.0
2007,17,CLE,SF,20,7,0,11.5,41.0
2007,17,ARI,LA,48,19,0,6.0,49.5
2007,17,IND,TEN,10,16,0,-4.0,40.5
2007,18,PIT,JAX,29,31,0,-2.5,40.0
2007,18,SEA,WAS,35,14,0,3.0,38.5
2007,18,TB,NYG,14,24,0,3.0,39.5
2007,18,LAC,TEN,17,6,0,10.5,38.5
2007,19,NE,JAX,31,20,0,13.5,51.0
2007,19,GB,SEA,42,20,0,9.0,44.0
2007,19,DAL,NYG,17,21,0,7.0,47.0
2007,19,IND,LAC,24,28,0,10.5,46.0
2007,20,GB,NYG,20,23,0,7.5,41.0
2007,20,NE,LAC,21,12,0,14.0,47.5
2007,21,NE,NYG,14,17,1,12.5,54.5
2008,1,NYG,WAS,16,7,0,4.5,41.5
2008,1,SF,ARI,13,23,0,-2.5,42.0
2008,1,LAC,CAR,24,26,0,9.5,41.0
2008,1,IND,CHI,13,29,0,10.0,44.0
2008,1,BAL,CIN,17,10,0,-2.0,37.5
2008,1,CLE,DAL,10,28,0,-6.0,48.5
2008,1,ATL,DET,34,21,0,-3.0,41.0
2008,1,PIT,HOU,38,17,0,6.5,43.0
2008,1,TEN,JAX,17,10,0,-3.0,36.5
2008,1,NE,KC,17,10,0,16.0,43.5
2008,1,MIA,NYJ,14,20,0,-3.0,36.0
2008,1,BUF,SEA,34,10,0,1.0,38.5
2008,1,PHI,LA,38,3,0,8.0,44.0
2008,1,NO,TB,24,20,0,3.0,42.5
2008,1,LV,DEN,14,41,0,-3.0,40.5
2008,1,GB,MIN,24,19,0,2.5,37.5
2008,2,TB,ATL,24,9,0,7.0,37.5
2008,2,JAX,BUF,16,20,0,4.0,37.0
2008,2,CAR,CHI,20,17,0,3.0,37.5
2008,2,DET,GB,25,48,0,-3.0,47.0
2008,2,MIN,IND,15,18,0,-1.0,43.5
2008,2,ARI,MIA,31,10,0,6.5,40.5
2008,2,NYJ,NE,10,19,0,1.0,37.0
2008,2,WAS,NO,29,24,0,1.0,43.5
2008,2,LA,NYG,13,41,0,-8.0,43.5
2008,2,KC,LV,8,23,0,3.5,36.0
2008,2,CLE,PIT,6,10,0,-6.5,43.5
2008,2,DEN,LAC,39,38,0,1.0,46.5
2008,2,SEA,SF,30,33,0,6.5,38.0
2008,2,CIN,TEN,7,24,0,1.0,37.0
2008,2,DAL,PHI,41,37,0,6.5,46.5
2008,3,WAS,ARI,24,17,0,3.0,43.5
2008,3,MIN,CAR,20,10,0,3.0,37.5
2008,3,NYG,CIN,26,23,0,13.0,42.5
2008,3,BAL,CLE,28,10,0,2.5,37.0
2008,3,GB,DAL,16,27,0,-3.0,51.0
2008,3,SF,DET,31,13,0,5.0,47.0
2008,3,TEN,HOU,31,12,0,5.0,40.0
2008,3,IND,JAX,21,23,0,4.0,42.0
2008,3,ATL,KC,38,14,0,6.5,37.0
2008,3,NE,MIA,13,38,0,12.5,37.0
2008,3,DEN,NO,34,32,0,5.5,52.0
2008,3,BUF,LV,24,23,0,10.0,37.5
2008,3,PHI,PIT,15,6,0,3.5,45.0
2008,3,SEA,LA,37,13,0,8.0,44.5
2008,3,CHI,TB,24,27,0,3.0,35.0
2008,3,LAC,NYJ,48,29,0,8.0,46.5
2008,4,NYJ,ARI,56,35,0,1.5,43.5
2008,4,CAR,ATL,24,9,0,7.0,39.0
2008,4,LA,BUF,14,31,0,-8.5,43.5
2008,4,CIN,CLE,12,20,0,1.0,42.0
2008,4,KC,DEN,33,19,0,-9.0,47.0
2008,4,TB,GB,30,21,0,2.0,43.0
2008,4,JAX,HOU,30,27,0,6.5,43.0
2008,4,TEN,MIN,30,17,0,3.0,35.0
2008,4,CHI,PHI,24,20,0,-3.0,39.0
2008,4,LV,LAC,18,28,0,-8.0,45.5
2008,4,NO,SF,31,17,0,4.0,48.5
2008,4,DAL,WAS,24,26,0,10.0,47.0
2008,4,PIT,BAL,23,20,0,6.0,34.5
2008,5,GB,ATL,24,27,0,5.0,42.0
2008,5,ARI,BUF,41,17,0,1.0,44.5
2008,5,DET,CHI,7,34,0,-3.5,45.5
2008,5,DAL,CIN,31,22,0,16.0,45.5
2008,5,HOU,IND,27,31,0,-4.0,48.0
2008,5,CAR,KC,34,0,0,10.0,38.0
2008,5,SF,NE,21,30,0,-3.0,41.0
2008,5,JAX,PIT,21,26,0,5.5,37.5
2008,5,MIA,LAC,17,10,0,-6.0,44.5
2008,5,NYG,SEA,44,6,0,6.5,43.5
2008,5,DEN,TB,16,13,0,3.5,47.0
2008,5,BAL,TEN,10,13,0,-1.0,33.5
2008,5,PHI,WAS,17,23,0,6.5,41.5
2008,5,NO,MIN,27,30,0,3.0,47.0
2008,6,IND,BAL,31,3,0,4.0,39.0
2008,6,TB,CAR,27,3,0,1.0,37.0
2008,6,ATL,CHI,22,20,0,-3.0,43.0
2008,6,NYJ,CIN,26,14,0,9.5,43.5
2008,6,ARI,DAL,30,24,0,-4.5,53.0
2008,6,MIN,DET,12,10,0,13.0,44.5
2008,6,SEA,GB,17,27,0,1.0,44.0
2008,6,DEN,JAX,17,24,0,3.5,48.5
2008,6,HOU,MIA,29,28,0,3.0,45.0
2008,6,LAC,NE,30,10,0,6.0,45.0
2008,6,NO,LV,34,3,0,7.0,47.0
2008,6,SF,PHI,26,40,0,-4.5,41.5
2008,6,WAS,LA,17,19,0,12.0,44.0
2008,6,CLE,NYG,35,14,0,-9.0,43.5
2008,7,MIA,BAL,13,27,0,3.0,35.5
2008,7,WAS,CLE,14,11,0,7.0,41.5
2008,7,LA,DAL,34,14,0,-9.0,45.0
2008,7,HOU,DET,28,21,0,11.0,47.5
2008,7,GB,IND,34,14,0,-1.0,46.5
2008,7,CHI,MIN,48,41,0,3.0,38.0
2008,7,CAR,NO,30,7,0,3.0,44.5
2008,7,LV,NYJ,16,13,0,-3.0,41.0
2008,7,CIN,PIT,10,38,0,-9.0,36.5
2008,7,BUF,LAC,23,14,0,-1.0,44.5
2008,7,TB,SEA,20,10,0,10.5,39.5
2008,7,NYG,SF,29,17,0,10.0,46.5
2008,7,KC,TEN,10,34,0,-9.0,35.0
2008,7,NE,DEN,41,7,0,3.0,48.0
2008,8,CAR,ARI,27,23,0,5.0,43.0
2008,8,PHI,ATL,27,14,0,9.5,45.0
2008,8,MIA,BUF,25,16,0,1.0,41.5
2008,8,HOU,CIN,35,6,0,9.0,45.5
2008,8,JAX,CLE,17,23,0,7.0,42.0
2008,8,NYJ,KC,28,24,0,14.0,41.0
2008,8,PIT,NYG,14,21,0,3.0,41.0
2008,8,BAL,LV,29,10,0,9.0,34.5
2008,8,NO,LAC,37,32,1,-3.0,45.5
2008,8,SF,SEA,13,34,0,5.0,41.0
2008,8,NE,LA,23,16,0,9.0,41.0
2008,8,DAL,TB,13,9,0,1.0,40.5
2008,8,DET,WAS,17,25,0,-7.0,42.0
2008,8,TEN,IND,31,21,0,4.0,40.5
2008,9,LA,ARI,13,34,0,-3.0,49.5
2008,9,LV,ATL,0,24,0,-3.0,41.0
2008,9,CLE,BAL,27,37,0,1.0,36.5
2008,9,NYG,DAL,35,14,0,9.5,42.0
2008,9,CHI,DET,27,23,0,12.5,43.5
2008,9,TEN,GB,19,16,0,3.5,41.0
2008,9,MIN,HOU,28,21,0,6.5,46.5
2008,9,CIN,JAX,21,19,0,-7.0,40.0
2008,9,DEN,MIA,17,26,0,4.0,50.0
2008,9,IND,NE,18,15,0,6.5,44.0
2008,9,BUF,NYJ,17,26,0,5.0,43.0
2008,9,SEA,PHI,7,26,0,-7.0,43.5
2008,9,KC,TB,27,30,0,-9.5,36.5
2008,9,WAS,PIT,6,23,0,1.0,37.5
2008,10,CLE,DEN,30,34,0,3.0,47.0
2008,10,HOU,BAL,13,41,0,2.5,43.5
2008,10,NE,BUF,20,10,0,3.5,41.0
2008,10,LV,CAR,6,17,0,-10.0,37.5
2008,10,MIN,GB,28,27,0,2.5,44.0
2008,10,PIT,IND,20,24,0,3.5,38.5
2008,10,DET,JAX,14,38,0,-5.5,43.0
2008,10,LAC,KC,20,19,0,14.5,47.0
2008,10,ATL,NO,34,20,0,1.0,51.0
2008,10,PHI,NYG,31,36,0,3.0,42.5
2008,10,MIA,SEA,21,19,0,9.0,41.5
2008,10,NYJ,LA,47,3,0,9.5,43.5
2008,10,CHI,TEN,14,21,0,-1.0,37.0
2008,10,ARI,SF,29,24,0,9.5,47.5
2008,11,NE,NYJ,31,34,0,3.0,40.5
2008,11,SEA,ARI,20,26,0,-3.0,47.5
2008,11,NYG,BAL,30,10,0,7.0,39.0
2008,11,GB,CHI,37,3,0,3.5,43.0
2008,11,WAS,DAL,10,14,0,-1.0,42.5
2008,11,ATL,DEN,20,24,0,6.5,51.5
2008,11,CAR,DET,31,22,0,14.0,40.5
2008,11,IND,HOU,33,27,0,9.0,50.5
2008,11,TB,MIN,19,13,0,4.5,39.5
2008,11,KC,NO,20,30,0,-6.0,51.0
2008,11,MIA,LV,17,15,0,10.0,38.0
2008,11,CIN,PHI,13,13,0,-9.5,41.0
2008,11,PIT,LAC,11,10,0,4.5,40.5
2008,11,SF,LA,35,16,0,7.0,43.5
2008,11,JAX,TEN,14,24,0,-1.0,39.5
2008,11,BUF,CLE,27,29,0,4.5,40.5
2008,12,PIT,CIN,27,10,0,11.5,34.5
2008,12,KC,BUF,31,54,0,-3.0,43.0
2008,12,ATL,CAR,45,28,0,1.0,41.0
2008,12,LA,CHI,3,27,0,-7.0,44.5
2008,12,CLE,HOU,6,16,0,3.0,49.5
2008,12,LAC,IND,20,23,0,3.0,48.5
2008,12,JAX,MIN,12,30,0,1.0,41.5
2008,12,MIA,NE,28,48,0,-1.0,42.5
2008,12,ARI,NYG,29,37,0,-3.0,48.0
2008,12,TEN,NYJ,13,34,0,5.5,41.0
2008,12,DEN,LV,10,31,0,9.0,43.5
2008,12,BAL,PHI,36,7,0,1.0,39.5
2008,12,DAL,SF,35,22,0,9.5,45.5
2008,12,DET,TB,20,38,0,-9.0,42.0
2008,12,SEA,WAS,17,20,0,-3.0,40.0
2008,12,NO,GB,51,29,0,1.0,51.5
2008,13,PHI,ARI,48,20,0,3.0,48.5
2008,13,DAL,SEA,34,9,0,11.5,46.0
2008,13,DET,TEN,10,47,0,-11.0,43.5
2008,13,LAC,ATL,16,22,0,6.5,48.0
2008,13,CIN,BAL,3,34,0,-7.0,35.5
2008,13,GB,CAR,31,35,0,3.0,41.0
2008,13,MIN,CHI,34,14,0,5.0,41.5
2008,13,NYJ,DEN,17,34,0,7.5,48.0
2008,13,CLE,IND,6,10,0,-4.0,44.0
2008,13,LV,KC,13,20,0,3.0,41.0
2008,13,LA,MIA,12,16,0,-7.0,44.5
2008,13,TB,NO,23,20,0,3.5,44.0
2008,13,WAS,NYG,7,23,0,-3.5,41.0
2008,13,NE,PIT,10,33,0,1.0,39.0
2008,13,BUF,SF,3,10,0,6.5,43.0
2008,13,HOU,JAX,30,17,0,3.0,48.5
2008,14,LAC,LV,34,7,0,9.5,41.0
2008,14,NO,ATL,29,25,0,3.0,51.5
2008,14,IND,CIN,35,3,0,13.5,41.5
2008,14,TEN,CLE,28,9,0,14.0,36.5
2008,14,PIT,DAL,20,13,0,4.0,38.0
2008,14,GB,HOU,21,24,0,7.0,47.5
2008,14,CHI,JAX,23,10,0,6.5,40.5
2008,14,DEN,KC,24,17,0,9.0,48.5
2008,14,BUF,MIA,3,16,1,1.0,43.0
2008,14,DET,MIN,16,20,0,-10.5,45.0
2008,14,SEA,NE,21,24,0,-7.5,43.0
2008,14,SF,NYJ,24,14,0,-4.0,45.0
2008,14,NYG,PHI,14,20,0,6.5,40.5
2008,14,ARI,LA,34,10,0,14.0,48.5
2008,14,BAL,WAS,24,10,0,6.0,34.5
2008,14,CAR,TB,38,23,0,3.0,38.5
2008,15,CHI,NO,27,24,0,3.0,45.5
2008,15,NYJ,BUF,31,27,0,9.0,41.0
2008,15,CAR,DEN,30,10,0,7.0,47.5
2008,15,IND,DET,31,21,0,16.5,44.5
2008,15,JAX,GB,20,16,0,-2.5,45.5
2008,15,ARI,MIN,14,35,0,4.0,46.5
2008,15,LV,NE,26,49,0,-6.5,38.5
2008,15,DAL,NYG,20,8,0,3.0,46.5
2008,15,BAL,PIT,9,13,0,3.0,34.0
2008,15,KC,LAC,21,22,0,-6.0,41.0
2008,15,LA,SEA,20,23,0,-1.0,43.0
2008,15,MIA,SF,14,9,0,5.5,41.0
2008,15,ATL,TB,13,10,0,5.5,43.5
2008,15,HOU,TEN,13,12,0,-3.0,45.0
2008,15,CIN,WAS,20,13,0,-6.5,36.5
2008,15,PHI,CLE,30,10,0,15.5,40.0
2008,16,JAX,IND,24,31,0,-5.5,43.5
2008,16,DAL,BAL,24,33,0,5.0,39.5
2008,16,NE,ARI,47,7,0,9.0,41.0
2008,16,MIN,ATL,17,24,0,3.0,43.0
2008,16,DEN,BUF,23,30,0,6.5,46.0
2008,16,NYG,CAR,34,28,0,4.0,38.0
2008,16,CLE,CIN,0,14,0,1.0,31.0
2008,16,LV,HOU,27,16,0,-7.0,43.0
2008,16,KC,MIA,31,38,0,-3.5,37.5
2008,16,DET,NO,7,42,0,-7.0,50.5
2008,16,SEA,NYJ,13,3,0,-3.5,41.0
2008,16,WAS,PHI,10,3,0,-4.5,37.5
2008,16,TEN,PIT,31,14,0,-2.5,34.0
2008,16,TB,LAC,24,41,0,4.5,42.5
2008,16,LA,SF,16,17,0,-3.5,42.0
2008,16,CHI,GB,20,17,0,4.0,40.0
2008,17,NO,CAR,31,33,0,-1.0,51.5
2008,17,HOU,CHI,31,24,0,3.0,46.0
2008,17,PIT,CLE,31,0,0,11.0,33.5
2008,17,PHI,DAL,44,6,0,2.5,40.5
2008,17,LAC,DEN,52,21,0,7.0,50.5
2008,17,GB,DET,31,21,0,11.0,41.0
2008,17,BAL,JAX,27,7,0,10.5,37.5
2008,17,CIN,KC,16,6,0,1.5,40.0
2008,17,NYJ,MIA,17,24,0,2.5,43.0
2008,17,BUF,NE,0,13,0,-5.5,35.0
2008,17,MIN,NYG,20,19,0,7.0,41.0
2008,17,TB,LV,24,31,0,11.0,38.5
2008,17,ARI,SEA,34,21,0,7.0,47.0
2008,17,ATL,LA,31,27,0,14.0,44.0
2008,17,IND,TEN,23,0,0,-3.0,39.5
2008,17,SF,WAS,27,24,0,1.0,37.0
2008,18,ARI,ATL,30,24,0,2.0,52.0
2008,18,LAC,IND,23,17,0,-1.5,49.0
2008,18,MIA,BAL,9,27,0,-3.5,38.0
2008,18,MIN,PHI,14,26,0,-3.0,40.5
2008,19,CAR,ARI,13,33,0,10.0,49.5
2008,19,TEN,BAL,10,13,0,3.0,33.5
2008,19,NYG,PHI,11,23,0,4.0,39.0
2008,19,PIT,LAC,35,24,0,6.5,38.0
2008,20,PIT,BAL,23,14,0,6.0,35.0
2008,20,ARI,PHI,32,25,0,-3.5,47.0
2008,21,ARI,PIT,23,27,1,-6.5,46.5
2009,1,PIT,TEN,13,10,0,6.5,35.5
2009,1,GB,CHI,21,15,0,5.0,47.0
2009,1,TB,DAL,21,34,0,-4.5,40.0
2009,1,CIN,DEN,7,12,0,4.5,41.0
2009,1,NO,DET,45,27,0,14.0,50.0
2009,1,IND,JAX,14,12,0,6.5,45.0
2009,1,BAL,KC,38,24,0,13.0,36.5
2009,1,ATL,MIA,19,7,0,4.0,44.0
2009,1,CLE,MIN,20,34,0,-4.0,39.5
2009,1,HOU,NYJ,7,24,0,4.5,44.5
2009,1,CAR,PHI,10,38,0,-1.0,43.5
2009,1,ARI,SF,16,20,0,5.0,45.5
2009,1,SEA,LA,28,0,0,7.0,41.0
2009,1,NYG,WAS,23,17,0,6.0,37.0
2009,1,NE,BUF,25,24,0,13.5,47.5
2009,1,LV,LAC,20,24,0,-10.0,43.0
2009,2,JAX,ARI,17,31,0,3.0,42.5
2009,2,LAC,BAL,26,31,0,3.0,40.0
2009,2,ATL,CAR,28,20,0,5.5,43.5
2009,2,GB,CIN,24,31,0,7.5,42.0
2009,2,DEN,CLE,27,6,0,3.0,38.5
2009,2,TEN,HOU,31,34,0,7.0,40.5
2009,2,DET,MIN,13,27,0,-10.0,45.0
2009,2,NYJ,NE,16,9,0,-3.5,45.0
2009,2,PHI,NO,22,48,0,-2.5,46.0
2009,2,DAL,NYG,31,33,0,3.0,45.5
2009,2,KC,LV,10,13,0,1.5,40.0
2009,2,CHI,PIT,17,14,0,-1.0,37.5
2009,2,SF,SEA,23,10,0,1.0,39.5
2009,2,WAS,LA,9,7,0,10.0,37.0
2009,2,BUF,TB,33,20,0,4.5,42.0
2009,2,MIA,IND,23,27,0,-3.0,41.0
2009,3,NE,ATL,26,10,0,4.5,45.5
2009,3,SEA,CHI,19,25,0,-1.0,37.5
2009,3,BAL,CLE,34,3,0,13.5,38.5
2009,3,LV,DEN,3,23,0,-1.0,38.5
2009,3,LA,GB,17,36,0,-6.5,42.5
2009,3,ARI,IND,10,31,0,3.0,49.0
2009,3,HOU,JAX,24,31,0,4.0,47.0
2009,3,PHI,KC,34,14,0,7.5,38.5
2009,3,LAC,MIA,23,13,0,5.5,45.0
2009,3,BUF,NO,7,27,0,-5.5,51.5
2009,3,TB,NYG,0,24,0,-6.0,46.0
2009,3,CIN,PIT,23,20,0,-3.5,36.5
2009,3,MIN,SF,27,24,0,7.0,39.0
2009,3,NYJ,TEN,24,17,0,1.0,36.5
2009,3,DET,WAS,19,14,0,-6.5,39.5
2009,3,DAL,CAR,21,7,0,9.0,48.0
2009,4,NE,BAL,27,21,0,1.0,45.5
2009,4,MIA,BUF,38,10,0,1.0,37.5
2009,4,CLE,CIN,20,23,0,-6.0,37.5
2009,4,DEN,DAL,17,10,0,-1.0,43.5
2009,4,CHI,DET,48,24,0,9.5,43.0
2009,4,KC,NYG,16,27,0,-9.0,43.0
2009,4,NO,NYJ,24,10,0,7.5,47.0
2009,4,HOU,LV,29,6,0,9.0,42.5
2009,4,PIT,LAC,38,28,0,5.5,43.0
2009,4,IND,SEA,34,17,0,10.0,43.5
2009,4,SF,LA,35,0,0,9.5,36.5
2009,4,WAS,TB,16,13,0,9.5,36.5
2009,4,JAX,TEN,37,17,0,-3.0,42.0
2009,4,MIN,GB,30,23,0,4.5,46.0
2009,5,SF,ATL,10,45,0,1.0,40.0
2009,5,BAL,CIN,14,17,0,9.0,42.0
2009,5,BUF,CLE,3,6,0,6.0,41.5
2009,5,KC,DAL,20,26,0,-7.0,43.5
2009,5,ARI,HOU,28,21,0,5.5,50.5
2009,5,TEN,IND,9,31,0,-3.0,44.0
2009,5,SEA,JAX,41,0,0,1.0,44.0
2009,5,LA,MIN,10,38,0,-10.0,40.5
2009,5,DEN,NE,20,17,0,-3.0,41.0
2009,5,NYG,LV,44,7,0,15.5,38.0
2009,5,DET,PIT,20,28,0,-11.0,44.0
2009,5,PHI,TB,33,14,0,15.5,41.5
2009,5,CAR,WAS,20,17,0,5.0,38.0
2009,5,MIA,NYJ,31,27,0,-3.0,36.0
2009,6,SEA,ARI,3,27,0,3.0,45.5
2009,6,MIN,BAL,33,31,0,3.0,45.5
2009,6,NYJ,BUF,13,16,0,9.5,35.5
2009,6,TB,CAR,21,28,0,-3.0,40.5
2009,6,ATL,CHI,21,14,0,4.0,46.0
2009,6,PIT,CLE,27,14,0,14.0,37.5
2009,6,GB,DET,26,0,0,14.0,48.5
2009,6,CIN,HOU,17,28,0,4.0,46.0
2009,6,WAS,KC,6,14,0,6.5,36.5
2009,6,NO,NYG,48,27,0,3.5,47.0
2009,6,LV,PHI,13,9,0,-14.0,40.5
2009,6,JAX,LA,23,20,0,9.5,42.0
2009,6,NE,TEN,59,0,0,9.5,38.0
2009,6,LAC,DEN,23,34,0,3.5,44.5
2009,7,NYG,ARI,17,24,0,9.0,46.5
2009,7,DAL,ATL,37,21,0,5.5,47.5
2009,7,CAR,BUF,9,20,0,7.0,37.0
2009,7,CIN,CHI,45,10,0,-1.0,42.5
2009,7,CLE,GB,3,31,0,-9.5,41.5
2009,7,LA,IND,6,42,0,-14.0,45.0
2009,7,PIT,MIN,27,17,0,6.0,46.5
2009,7,TB,NE,7,35,1,-15.5,44.5
2009,7,MIA,NO,34,46,0,-6.0,48.0
2009,7,LV,NYJ,0,38,0,-6.0,34.0
2009,7,KC,LAC,7,37,0,-5.5,44.0
2009,7,HOU,SF,24,21,0,3.0,44.5
2009,7,WAS,PHI,17,27,0,-9.0,38.0
2009,8,ARI,CAR,21,34,0,10.0,43.5
2009,8,CHI,CLE,30,6,0,11.5,40.0
2009,8,BAL,DEN,30,7,0,4.5,42.5
2009,8,BUF,HOU,10,31,0,-3.5,42.0
2009,8,TEN,JAX,30,13,0,3.0,44.0
2009,8,NYJ,MIA,25,30,0,3.5,40.0
2009,8,GB,MIN,26,38,0,3.5,46.5
2009,8,PHI,NYG,40,17,0,-1.0,43.0
2009,8,LAC,LV,24,16,0,16.0,41.5
2009,8,DAL,SEA,38,17,0,10.0,46.0
2009,8,IND,SF,18,14,0,13.0,45.0
2009,8,DET,LA,10,17,0,3.5,43.5
2009,8,NO,ATL,35,27,0,11.0,56.0
2009,9,CHI,ARI,21,41,0,1.0,44.5
2009,9,CIN,BAL,17,7,0,-3.0,45.0
2009,9,NO,CAR,30,20,0,12.5,51.0
2009,9,PHI,DAL,16,20,0,3.0,50.0
2009,9,SEA,DET,32,20,0,11.0,42.0
2009,9,TB,GB,38,28,0,-9.5,43.0
2009,9,IND,HOU,20,17,0,7.5,50.5
2009,9,JAX,KC,24,21,0,7.0,41.5
2009,9,NE,MIA,27,17,0,10.5,47.0
2009,9,NYG,LAC,20,21,0,5.0,48.5
2009,9,SF,TEN,27,34,0,4.5,41.0
2009,9,ATL,WAS,31,17,0,9.0,41.0
2009,9,DEN,PIT,10,28,0,-3.0,41.0
2009,10,SF,CHI,10,6,0,3.5,43.0
2009,10,CAR,ATL,28,19,0,-1.0,43.5
2009,10,TEN,BUF,41,17,0,9.0,41.0
2009,10,PIT,CIN,12,18,0,6.5,41.0
2009,10,GB,DAL,17,7,0,-3.0,48.0
2009,10,WAS,DEN,27,17,0,-3.5,36.0
2009,10,MIN,DET,27,10,0,17.0,47.5
2009,10,NYJ,JAX,22,24,0,6.5,41.0
2009,10,LV,KC,10,16,0,1.0,36.5
2009,10,IND,NE,35,34,0,1.0,48.0
2009,10,LA,NO,23,28,0,-14.0,50.5
2009,10,LAC,PHI,31,23,0,1.0,47.0
2009,10,ARI,SEA,31,20,0,9.0,46.5
2009,10,MIA,TB,25,23,0,10.0,43.0
2009,10,CLE,BAL,0,16,0,-10.5,39.5
2009,11,CAR,MIA,17,24,0,3.5,42.0
2009,11,LA,ARI,13,21,0,-9.5,46.5
2009,11,NYG,ATL,34,31,0,7.0,46.0
2009,11,JAX,BUF,18,15,0,9.0,41.0
2009,11,LV,CIN,20,17,0,-9.0,36.0
2009,11,DET,CLE,38,37,0,3.5,37.5
2009,11,BAL,IND,15,17,0,-1.0,44.0
2009,11,TB,NO,7,38,0,-10.5,51.0
2009,11,NE,NYJ,31,14,0,10.5,45.0
2009,11,CHI,PHI,20,24,0,-3.5,46.5
2009,11,KC,PIT,27,24,0,-10.5,39.5
2009,11,DEN,LAC,3,32,0,-6.5,41.5
2009,11,MIN,SEA,35,9,0,10.5,47.0
2009,11,GB,SF,30,24,0,6.0,42.0
2009,11,DAL,WAS,7,6,0,11.0,41.5
2009,11,HOU,TEN,17,20,0,4.0,48.0
2009,12,DET,GB,12,34,0,-11.0,48.0
2009,12,DEN,NYG,26,6,0,-4.5,43.5
2009,12,DAL,LV,24,7,0,13.5,40.5
2009,12,TEN,ARI,20,17,0,3.5,44.5
2009,12,NYJ,CAR,17,6,0,3.5,41.0
2009,12,MIN,CHI,36,10,0,10.0,47.0
2009,12,CIN,CLE,16,7,0,12.0,39.5
2009,12,HOU,IND,27,35,0,-3.0,48.0
2009,12,SF,JAX,20,3,0,3.0,42.5
2009,12,LAC,KC,43,14,0,13.0,44.5
2009,12,BUF,MIA,31,14,0,-3.5,38.0
2009,12,BAL,PIT,20,17,0,9.0,35.0
2009,12,LA,SEA,17,27,0,-3.5,42.5
2009,12,ATL,TB,20,17,0,12.0,46.0
2009,12,PHI,WAS,27,24,0,9.5,40.5
2009,12,NO,NE,38,17,0,1.0,57.0
2009,13,BUF,NYJ,13,19,0,-3.5,37.0
2009,13,NYG,DAL,31,24,0,-1.0,45.5
2009,13,KC,DEN,13,44,0,-6.0,39.0
2009,13,CIN,DET,23,13,0,13.5,42.0
2009,13,JAX,HOU,23,18,0,-1.0,47.5
2009,13,ARI,MIN,30,17,0,-3.5,48.0
2009,13,MIA,NE,22,21,0,-4.5,46.0
2009,13,WAS,NO,30,33,0,-9.0,46.5
2009,13,PIT,LV,24,27,0,14.5,37.0
2009,13,ATL,PHI,7,34,0,-4.0,43.5
2009,13,CLE,LAC,23,30,0,-13.5,42.5
2009,13,SEA,SF,20,17,0,-1.0,41.5
2009,13,CHI,LA,17,9,0,9.5,41.0
2009,13,CAR,TB,16,6,0,3.5,40.0
2009,13,IND,TEN,27,17,0,6.0,47.0
2009,13,GB,BAL,27,14,0,4.0,43.0
2009,14,CLE,PIT,13,6,0,-10.0,34.0
2009,14,KC,BUF,10,16,0,-3.0,38.0
2009,14,NE,CAR,20,10,0,12.5,43.5
2009,14,MIN,CIN,30,10,0,6.0,42.5
2009,14,IND,DEN,28,16,0,6.5,43.5
2009,14,BAL,DET,48,3,0,14.0,40.5
2009,14,CHI,GB,14,21,0,-4.0,41.0
2009,14,JAX,MIA,10,14,0,1.0,43.0
2009,14,ATL,NO,23,26,0,-10.0,50.5
2009,14,TB,NYJ,3,26,0,-3.5,36.5
2009,14,NYG,PHI,38,45,0,-1.0,42.5
2009,14,DAL,LAC,17,20,0,3.5,48.5
2009,14,HOU,SEA,34,7,0,7.0,44.5
2009,14,TEN,LA,47,7,0,13.5,40.0
2009,14,LV,WAS,13,34,0,-1.0,37.5
2009,14,SF,ARI,24,9,0,-4.0,44.5
2009,15,JAX,IND,31,35,0,-3.5,43.0
2009,15,NO,DAL,17,24,0,7.5,53.5
2009,15,DET,ARI,24,31,0,-14.0,46.5
2009,15,NYJ,ATL,7,10,0,5.5,36.5
2009,15,BAL,CHI,31,7,0,10.5,39.5
2009,15,LAC,CIN,27,24,0,6.5,44.0
2009,15,KC,CLE,34,41,0,1.0,39.0
2009,15,PIT,GB,37,36,0,2.5,41.5
2009,15,LA,HOU,13,16,0,-14.0,43.5
2009,15,TEN,MIA,27,24,0,4.5,42.5
2009,15,CAR,MIN,26,7,0,-9.0,42.5
2009,15,BUF,NE,10,17,0,-6.5,41.5
2009,15,DEN,LV,19,20,0,13.5,37.0
2009,15,PHI,SF,27,13,0,7.0,41.0
2009,15,SEA,TB,7,24,0,6.5,39.0
2009,15,WAS,NYG,12,45,0,-1.0,43.5
2009,16,TEN,LAC,17,42,0,1.0,47.5
2009,16,PIT,BAL,23,20,0,3.0,43.0
2009,16,ATL,BUF,31,3,0,9.0,40.5
2009,16,NYG,CAR,9,41,0,9.0,43.0
2009,16,WAS,DAL,0,17,0,-7.0,42.0
2009,16,PHI,DEN,30,27,0,7.0,43.0
2009,16,SF,DET,20,6,0,14.0,41.0
2009,16,MIA,HOU,20,27,0,1.0,47.0
2009,16,NE,JAX,35,7,0,9.5,44.5
2009,16,CIN,KC,17,10,0,13.0,39.5
2009,16,IND,NYJ,15,29,0,3.0,40.5
2009,16,CLE,LV,23,9,0,3.0,37.0
2009,16,GB,SEA,48,10,0,13.5,43.5
2009,16,ARI,LA,31,10,0,16.0,44.0
2009,16,NO,TB,17,20,0,14.0,48.5
2009,16,CHI,MIN,36,30,0,-9.0,41.0
2009,17,TB,ATL,10,20,0,-3.0,41.5
2009,17,LV,BAL,13,21,0,-10.0,39.0
2009,17,DET,CHI,23,37,0,-4.0,44.0
2009,17,NYJ,CIN,37,0,0,9.5,33.5
2009,17,ARI,GB,7,33,0,3.0,42.0
2009,17,BUF,IND,30,7,0,9.0,32.5
2009,17,CLE,JAX,23,17,0,1.0,35.5
2009,17,DEN,KC,24,44,0,9.5,38.0
2009,17,HOU,NE,34,27,0,9.0,46.5
2009,17,CAR,NO,23,10,0,10.0,41.0
2009,17,MIN,NYG,44,7,0,9.0,48.0
2009,17,DAL,PHI,24,0,0,3.0,47.5
2009,17,MIA,PIT,24,30,0,-3.0,46.0
2009,17,LA,SF,6,28,0,-7.0,39.5
2009,17,SEA,TEN,13,17,0,-6.0,45.0
2009,17,LAC,WAS,23,20,0,3.0,39.0
2009,18,CIN,NYJ,14,24,0,2.5,34.0
2009,18,DAL,PHI,34,14,0,3.5,45.5
2009,18,NE,BAL,14,33,0,3.5,43.5
2009,18,ARI,GB,51,45,0,-2.5,48.0
2009,19,NO,ARI,45,14,0,7.0,57.0
2009,19,IND,BAL,20,3,0,6.5,44.0
2009,19,MIN,DAL,34,3,0,2.5,45.0
2009,19,LAC,NYJ,14,17,0,9.0,42.5
2009,20,NO,MIN,31,28,0,4.0,54.0
2009,20,IND,NYJ,30,17,0,8.0,40.0
2009,21,IND,NO,17,31,1,4.5,56.5
2010,1,NO,MIN,14,9,0,4.5,48.5
2010,1,LA,ARI,13,17,0,-3.0,39.5
2010,1,PIT,ATL,15,9,0,-1.0,38.5
2010,1,NYG,CAR,31,18,0,5.5,40.5
2010,1,NE,CIN,38,24,0,5.0,44.5
2010,1,TB,CLE,17,14,0,2.5,37.0
2010,1,WAS,DAL,13,7,0,-3.5,39.5
2010,1,JAX,DEN,24,17,0,3.0,41.5
2010,1,CHI,DET,19,14,0,6.5,44.5
2010,1,PHI,GB,20,27,0,-3.0,47.5
2010,1,HOU,IND,34,24,0,-1.0,47.5
2010,1,BUF,MIA,10,15,0,-3.0,39.5
2010,1,TEN,LV,38,13,0,6.5,39.5
2010,1,SEA,SF,31,6,0,-3.0,37.0
2010,1,NYJ,BAL,9,10,0,1.0,36.5
2010,1,KC,LAC,21,14,0,-4.0,45.5
2010,2,ATL,ARI,41,7,0,7.0,43.0
2010,2,CIN,BAL,15,10,0,-2.5,39.5
2010,2,GB,BUF,34,7,0,12.5,43.0
2010,2,DAL,CHI,20,27,0,7.0,41.0
2010,2,WAS,HOU,27,30,0,-2.5,43.0
2010,2,LAC,JAX,38,13,0,7.0,45.5
2010,2,CLE,KC,14,16,0,3.0,38.0
2010,2,MIN,MIA,10,14,0,5.5,40.5
2010,2,NYJ,NE,28,14,0,-3.0,39.5
2010,2,IND,NYG,38,14,0,4.0,47.5
2010,2,DET,PHI,32,35,0,-6.5,41.0
2010,2,TEN,PIT,11,19,0,6.0,36.5
2010,2,DEN,SEA,31,14,0,3.5,41.0
2010,2,LV,LA,16,14,0,3.0,37.5
2010,2,CAR,TB,7,20,0,4.0,38.0
2010,2,SF,NO,22,25,0,-4.5,43.5
2010,3,NO,ATL,24,27,0,3.0,49.5
2010,3,NE,BUF,38,30,0,14.0,42.5
2010,3,CAR,CIN,7,20,0,-3.0,37.5
2010,3,BAL,CLE,24,17,0,12.0,36.5
2010,3,HOU,DAL,13,27,0,1.5,47.5
2010,3,MIN,DET,24,10,0,13.0,42.5
2010,3,DEN,IND,13,27,0,-5.5,47.0
2010,3,MIA,NYJ,23,31,0,1.0,35.5
2010,3,ARI,LV,24,23,0,5.5,38.5
2010,3,JAX,PHI,3,28,0,-2.0,45.0
2010,3,TB,PIT,13,38,0,-2.0,33.0
2010,3,SEA,LAC,27,20,0,-3.5,44.0
2010,3,KC,SF,31,10,0,-2.5,38.0
2010,3,NYG,TEN,10,29,0,3.0,43.5
2010,3,LA,WAS,30,16,0,-4.5,39.0
2010,3,CHI,GB,20,17,0,-3.0,45.5
2010,4,LAC,ARI,41,10,0,10.0,47.0
2010,4,PIT,BAL,14,17,0,2.0,34.5
2010,4,NO,CAR,16,14,0,12.5,43.5
2010,4,NYG,CHI,17,3,0,3.5,44.0
2010,4,CLE,CIN,23,20,0,-1.5,36.5
2010,4,TEN,DEN,20,26,0,6.0,43.5
2010,4,GB,DET,28,26,0,14.5,46.0
2010,4,LV,HOU,24,31,0,-3.5,43.5
2010,4,JAX,IND,31,28,0,-7.0,45.5
2010,4,BUF,NYJ,14,38,0,-5.5,36.5
2010,4,LA,SEA,20,3,0,-1.5,40.0
2010,4,ATL,SF,16,14,0,7.0,42.5
2010,4,PHI,WAS,12,17,0,5.0,44.0
2010,4,MIA,NE,14,41,0,1.0,48.0
2010,5,CLE,ATL,10,20,0,-3.0,41.5
2010,5,CAR,CHI,6,23,0,2.5,33.0
2010,5,BAL,DEN,31,17,0,8.0,39.5
2010,5,WAS,GB,16,13,0,-2.5,45.5
2010,5,BUF,JAX,26,36,0,2.5,41.5
2010,5,IND,KC,19,9,0,7.5,46.0
2010,5,ARI,NO,30,20,0,-6.5,45.5
2010,5,HOU,NYG,10,34,0,3.0,48.5
2010,5,SF,PHI,24,27,0,3.0,39.5
2010,5,LV,LAC,35,27,0,-7.0,44.0
2010,5,DET,LA,44,6,0,3.0,43.5
2010,5,CIN,TB,21,24,0,6.5,38.0
2010,5,DAL,TEN,27,34,0,6.5,43.5
2010,5,NYJ,MIN,29,20,0,4.0,38.0
2010,6,PHI,ATL,31,17,0,1.0,43.0
2010,6,NE,BAL,23,20,0,3.0,44.5
2010,6,PIT,CLE,28,10,0,14.0,37.5
2010,6,MIN,DAL,24,21,0,1.0,43.5
2010,6,NYG,DET,28,20,0,10.0,45.5
2010,6,WAS,IND,24,27,0,-3.0,44.5
2010,6,HOU,KC,35,31,0,4.5,45.5
2010,6,GB,MIA,20,23,0,3.0,44.0
2010,6,TB,NO,6,31,0,-5.5,43.5
2010,6,DEN,NYJ,20,24,0,-3.5,43.0
2010,6,SF,LV,17,9,0,9.0,40.5
2010,6,LA,LAC,20,17,0,-9.5,44.5
2010,6,CHI,SEA,20,23,0,6.0,37.5
2010,6,JAX,TEN,3,30,0,-3.0,43.5
2010,7,SEA,ARI,22,10,0,6.5,40.5
2010,7,BAL,BUF,37,34,0,12.0,39.5
2010,7,ATL,CIN,39,32,0,3.5,43.0
2010,7,NO,CLE,17,30,0,12.0,44.0
2010,7,KC,JAX,42,20,0,9.0,38.5
2010,7,GB,MIN,28,24,0,2.5,43.5
2010,7,LAC,NE,20,23,0,2.5,49.0
2010,7,DEN,LV,14,59,0,7.0,43.0
2010,7,TEN,PHI,37,19,0,3.0,41.0
2010,7,MIA,PIT,22,23,0,-3.0,40.5
2010,7,CAR,SF,23,20,0,-1.0,36.5
2010,7,TB,LA,18,17,0,3.0,38.5
2010,7,CHI,WAS,14,17,0,3.0,40.5
2010,7,DAL,NYG,35,41,0,3.5,45.0
2010,8,KC,BUF,13,10,0,7.0,45.0
2010,8,LA,CAR,20,10,0,2.5,38.0
2010,8,SF,DEN,24,16,1,2.0,41.0
2010,8,NYJ,GB,0,9,0,6.5,41.5
2010,8,DAL,JAX,17,35,0,6.5,43.5
2010,8,CIN,MIA,14,22,0,-1.0,43.0
2010,8,NE,MIN,28,18,0,5.0,44.5
2010,8,NO,PIT,20,10,0,1.0,45.0
2010,8,LV,SEA,33,3,0,1.5,39.5
2010,8,ARI,TB,35,38,0,3.0,38.0
2010,8,LAC,TEN,33,25,0,6.0,45.0
2010,8,DET,WAS,37,25,0,2.5,44.5
2010,8,IND,HOU,30,17,0,5.5,50.5
2010,9,MIN,ARI,27,24,0,7.0,42.5
2010,9,BUF,CHI,19,22,0,-3.0,41.5
2010,9,GB,DAL,45,7,0,7.0,46.0
2010,9,PHI,IND,26,24,0,3.5,46.5
2010,9,LV,KC,23,20,0,-1.0,41.0
2010,9,BAL,MIA,26,10,0,5.0,40.5
2010,9,CLE,NE,34,14,0,-4.0,44.0
2010,9,CAR,NO,3,34,0,-5.5,40.0
2010,9,SEA,NYG,7,41,0,-7.0,40.5
2010,9,DET,NYJ,20,23,0,-5.5,42.5
2010,9,HOU,LAC,23,29,0,-3.0,50.0
2010,9,ATL,TB,27,21,0,10.0,44.5
2010,9,CIN,PIT,21,27,0,-5.0,41.5
2010,10,ATL,BAL,26,21,0,1.0,43.5
2010,10,TB,CAR,31,16,0,7.0,36.5
2010,10,IND,CIN,23,17,0,6.5,47.0
2010,10,NYG,DAL,20,33,0,11.5,46.0
2010,10,BUF,DET,14,12,0,1.5,45.0
2010,10,JAX,HOU,31,24,0,1.0,48.0
2010,10,DEN,KC,49,29,0,-1.0,44.0
2010,10,CHI,MIN,27,13,0,1.0,41.0
2010,10,PIT,NE,26,39,0,4.5,44.5
2010,10,CLE,NYJ,20,26,0,-3.5,37.0
2010,10,ARI,SEA,18,36,0,3.5,41.0
2010,10,SF,LA,23,20,0,4.5,38.5
2010,10,MIA,TEN,29,17,0,1.0,43.0
2010,10,WAS,PHI,28,59,0,-3.5,43.5
2010,11,MIA,CHI,0,16,0,2.5,40.0
2010,11,KC,ARI,31,13,0,7.0,45.0
2010,11,LA,ATL,17,34,0,-3.5,43.0
2010,11,CAR,BAL,13,37,0,-13.0,37.0
2010,11,CIN,BUF,31,49,0,4.0,41.0
2010,11,JAX,CLE,24,20,0,2.5,43.0
2010,11,DAL,DET,35,19,0,5.0,47.5
2010,11,MIN,GB,3,31,0,-3.0,45.0
2010,11,NYJ,HOU,30,27,0,6.5,46.0
2010,11,NE,IND,31,28,0,4.0,49.5
2010,11,PHI,NYG,27,17,0,3.5,47.5
2010,11,PIT,LV,35,3,0,7.0,41.0
2010,11,NO,SEA,34,19,0,11.0,44.5
2010,11,SF,TB,0,21,0,3.5,41.0
2010,11,TEN,WAS,16,19,0,7.0,44.0
2010,11,LAC,DEN,35,14,0,9.0,50.0
2010,12,NYJ,CIN,26,10,0,10.0,43.0
2010,12,DET,NE,24,45,0,-6.0,50.5
2010,12,DAL,NO,27,30,0,-4.5,48.0
2010,12,CLE,CAR,24,23,0,9.0,37.5
2010,12,ATL,GB,20,17,0,2.5,47.5
2010,12,NYG,JAX,24,20,0,8.0,42.5
2010,12,SEA,KC,24,42,0,-1.0,45.0
2010,12,LV,MIA,17,33,0,3.0,38.0
2010,12,WAS,MIN,13,17,0,-1.0,43.5
2010,12,CHI,PHI,31,26,0,-3.0,41.5
2010,12,BUF,PIT,16,19,0,-6.5,43.5
2010,12,IND,LAC,14,36,0,2.0,50.0
2010,12,DEN,LA,33,36,0,3.0,46.5
2010,12,BAL,TB,17,10,0,7.5,41.0
2010,12,HOU,TEN,20,0,0,5.0,46.5
2010,12,ARI,SF,6,27,0,-1.0,41.5
2010,13,PHI,HOU,34,24,0,8.5,51.0
2010,13,TB,ATL,24,28,0,-3.0,43.5
2010,13,MIN,BUF,38,14,0,5.0,43.5
2010,13,SEA,CAR,31,14,0,4.5,40.0
2010,13,DET,CHI,20,24,0,-5.0,43.0
2010,13,MIA,CLE,10,13,0,6.0,43.5
2010,13,IND,DAL,35,38,0,5.5,47.5
2010,13,KC,DEN,10,6,0,9.0,48.0
2010,13,TEN,JAX,6,17,0,3.0,43.5
2010,13,CIN,NO,30,34,0,-6.5,45.0
2010,13,LAC,LV,13,28,0,12.5,44.5
2010,13,BAL,PIT,10,13,0,3.0,38.0
2010,13,GB,SF,34,16,0,9.0,41.0
2010,13,ARI,LA,6,19,0,-3.0,43.5
2010,13,NYG,WAS,31,7,0,7.0,43.0
2010,13,NE,NYJ,45,3,0,4.0,44.5
2010,14,TEN,IND,28,30,0,-3.0,44.0
2010,14,CAR,ATL,10,31,0,-7.0,41.0
2010,14,PIT,CIN,23,7,0,9.0,39.5
2010,14,BUF,CLE,13,6,0,1.0,39.5
2010,14,ARI,DEN,43,13,0,-4.0,44.5
2010,14,DET,GB,7,3,0,-7.0,45.5
2010,14,LAC,KC,31,0,0,10.0,45.5
2010,14,NYJ,MIA,6,10,0,5.0,37.5
2010,14,CHI,NE,7,36,0,-3.0,37.5
2010,14,JAX,LV,38,31,0,3.5,41.0
2010,14,DAL,PHI,27,30,0,-4.0,50.5
2010,14,SF,SEA,40,21,0,4.5,42.5
2010,14,NO,LA,31,13,0,9.5,47.0
2010,14,WAS,TB,16,17,0,-1.0,41.0
2010,14,HOU,BAL,28,34,0,-3.0,47.0
2010,14,MIN,NYG,3,21,1,-4.5,43.5
2010,15,LAC,SF,34,7,0,10.0,44.5
2010,15,CAR,ARI,19,12,0,2.5,37.5
2010,15,SEA,ATL,18,34,0,-5.5,46.0
2010,15,MIA,BUF,14,17,0,5.5,40.0
2010,15,CIN,CLE,19,17,0,1.0,41.5
2010,15,LV,DEN,39,23,0,9.0,41.5
2010,15,TB,DET,20,23,0,3.5,43.0
2010,15,NE,GB,31,27,0,14.0,43.5
2010,15,TEN,HOU,31,17,0,2.0,47.5
2010,15,IND,JAX,34,24,0,4.0,48.0
2010,15,LA,KC,13,27,0,3.0,42.5
2010,15,BAL,NO,30,24,0,1.0,45.0
2010,15,PIT,NYJ,17,22,0,3.5,36.0
2010,15,NYG,PHI,31,38,0,3.0,46.5
2010,15,DAL,WAS,33,30,0,9.5,43.5
2010,15,MIN,CHI,14,40,0,-5.5,34.0
2010,16,PIT,CAR,27,3,0,14.0,37.5
2010,16,ARI,DAL,27,26,0,-7.0,45.0
2010,16,CLE,BAL,10,20,0,-3.5,39.5
2010,16,MIA,DET,27,34,0,3.5,41.0
2010,16,DEN,HOU,24,23,0,-2.0,49.5
2010,16,LV,IND,26,31,0,-1.0,46.0
2010,16,BUF,NE,3,34,0,-7.0,46.5
2010,16,GB,NYG,45,17,0,3.0,43.0
2010,16,CHI,NYJ,38,34,0,1.5,36.0
2010,16,CIN,LAC,34,20,0,-9.0,43.5
2010,16,TB,SEA,38,15,0,5.0,43.5
2010,16,LA,SF,25,17,0,2.0,40.0
2010,16,KC,TEN,34,14,0,4.0,42.5
2010,16,JAX,WAS,17,20,0,7.0,45.5
2010,16,ATL,NO,14,17,0,2.0,50.0
2010,16,PHI,MIN,14,24,0,14.0,44.0
2010,17,SF,ARI,38,7,0,6.0,39.5
2010,17,NYJ,BUF,38,7,0,1.0,38.0
2010,17,ATL,CAR,31,10,0,14.0,41.0
2010,17,GB,CHI,10,3,0,11.0,43.5
2010,17,BAL,CIN,13,7,0,9.5,43.0
2010,17,PHI,DAL,13,14,0,-1.5,43.0
2010,17,HOU,JAX,34,17,0,4.5,47.5
2010,17,NE,MIA,38,7,0,4.0,44.0
2010,17,DET,MIN,20,13,0,3.5,43.5
2010,17,WAS,NYG,14,17,0,-4.5,44.5
2010,17,KC,LV,10,31,0,4.5,43.0
2010,17,CLE,PIT,9,41,0,-6.5,38.0
2010,17,DEN,LAC,28,33,0,-5.0,47.5
2010,17,SEA,LA,16,6,0,-3.0,42.5
2010,17,NO,TB,13,23,0,7.0,46.5
2010,17,IND,TEN,23,20,0,9.0,47.5
2010,18,SEA,NO,41,36,0,-9.5,45.5
2010,18,IND,NYJ,16,17,0,1.0,44.0
2010,18,KC,BAL,7,30,0,-3.0,41.0
2010,18,PHI,GB,16,21,0,1.0,46.5
2010,19,PIT,BAL,31,24,0,3.5,37.5
2010,19,ATL,GB,21,48,0,1.0,43.5
2010,19,NE,NYJ,21,28,0,9.5,45.0
2010,19,CHI,SEA,35,24,0,10.0,42.5
2010,20,CHI,GB,14,21,0,-3.5,42.0
2010,20,PIT,NYJ,24,19,0,4.0,38.0
2010,21,GB,PIT,31,25,1,3.0,44.5
2011,1,GB,NO,42,34,0,4.5,47.5
2011,1,CHI,ATL,30,12,0,-1.0,40.5
2011,1,KC,BUF,7,41,0,3.5,38.5
2011,1,ARI,CAR,28,21,0,6.5,37.5
2011,1,CLE,CIN,17,27,0,6.5,36.5
2011,1,NYJ,DAL,27,24,0,6.5,40.5
2011,1,TB,DET,20,27,0,1.0,43.5
2011,1,HOU,IND,34,7,0,9.0,44.0
2011,1,LAC,MIN,24,17,0,9.0,43.5
2011,1,WAS,NYG,28,14,0,-1.0,40.5
2011,1,LA,PHI,13,31,0,-3.5,44.0
2011,1,BAL,PIT,35,7,0,1.0,37.0
2011,1,SF,SEA,33,17,0,6.0,38.0
2011,1,JAX,TEN,16,14,0,-1.0,38.0
2011,1,MIA,NE,24,38,0,-7.0,46.5
2011,1,DEN,LV,20,23,0,3.0,42.5
2011,2,WAS,ARI,22,21,0,4.5,44.5
2011,2,TEN,BAL,26,13,0,-5.5,39.5
2011,2,NO,CHI,30,13,0,4.5,46.5
2011,2,DEN,CIN,24,22,0,3.5,40.5
2011,2,IND,CLE,19,27,0,-1.0,39.5
2011,2,SF,DAL,24,27,0,-3.0,41.0
2011,2,CAR,GB,23,30,0,-10.5,45.5
2011,2,MIA,HOU,13,23,0,-3.0,46.5
2011,2,NYJ,JAX,32,3,0,9.0,38.0
2011,2,DET,KC,48,3,0,9.0,45.0
2011,2,BUF,LV,38,35,0,3.5,40.5
2011,2,ATL,PHI,35,31,0,-2.5,49.0
2011,2,NE,LAC,35,21,0,6.5,53.5
2011,2,PIT,SEA,24,0,0,13.5,39.5
2011,2,MIN,TB,20,24,0,1.0,41.0
2011,2,NYG,LA,28,16,0,7.0,43.5
2011,3,SEA,ARI,13,10,0,-3.0,42.5
2011,3,TB,ATL,16,13,0,1.0,45.0
2011,3,LA,BAL,7,37,0,-5.5,41.5
2011,3,TEN,DEN,17,14,0,7.0,43.5
2011,3,MIN,DET,23,26,0,-3.0,44.5
2011,3,CHI,GB,17,27,0,-4.0,45.5
2011,3,NO,HOU,40,33,0,3.5,51.0
2011,3,CAR,JAX,16,10,0,3.5,43.0
2011,3,LAC,KC,20,17,0,14.0,44.5
2011,3,CLE,MIA,17,16,0,-1.0,42.5
2011,3,BUF,NE,34,31,0,-7.0,54.0
2011,3,PHI,NYG,16,29,0,9.0,46.5
2011,3,LV,NYJ,34,24,0,-1.0,40.0
2011,3,IND,PIT,20,23,0,-10.5,39.5
2011,3,CIN,SF,8,13,0,1.0,38.5
2011,3,DAL,WAS,18,16,0,3.5,44.5
2011,4,SEA,ATL,28,30,0,-6.0,39.5
2011,4,CIN,BUF,23,20,0,-3.0,41.5
2011,4,CHI,CAR,34,29,0,7.0,41.5
2011,4,GB,DEN,49,23,0,12.0,46.5
2011,4,DAL,DET,30,34,0,2.5,46.0
2011,4,LAC,MIA,26,16,0,6.5,45.0
2011,4,KC,MIN,22,17,0,-3.0,40.0
2011,4,LV,NE,19,31,0,-6.0,55.0
2011,4,JAX,NO,10,23,0,-9.0,45.0
2011,4,ARI,NYG,27,31,0,-1.0,45.5
2011,4,BAL,NYJ,34,17,0,5.0,43.0
2011,4,HOU,PIT,17,10,0,4.0,46.0
2011,4,PHI,SF,23,24,0,9.5,43.5
2011,4,CLE,TEN,13,31,0,1.0,37.5
2011,4,LA,WAS,10,17,0,-3.0,44.0
2011,4,TB,IND,24,17,0,10.0,40.0
2011,5,MIN,ARI,34,10,0,3.5,44.5
2011,5,JAX,CIN,20,30,0,-1.0,37.0
2011,5,ATL,GB,14,25,0,-6.0,53.5
2011,5,IND,KC,24,28,0,1.0,37.5
2011,5,CAR,NO,27,30,0,-6.5,51.0
2011,5,NE,NYJ,30,21,0,7.5,50.5
2011,5,HOU,LV,20,25,0,4.5,47.5
2011,5,BUF,PHI,31,24,0,-3.0,52.5
2011,5,DEN,LAC,24,29,0,-3.5,47.0
2011,5,NYG,SEA,25,36,0,10.0,43.5
2011,5,SF,TB,48,3,0,2.5,41.0
2011,5,PIT,TEN,38,17,0,3.0,40.0
2011,5,DET,CHI,24,13,0,6.5,47.0
2011,6,NYG,BUF,27,24,0,3.0,49.0
2011,6,ATL,CAR,31,17,0,3.5,49.0
2011,6,LV,CLE,24,17,0,6.5,44.5
2011,6,NE,DAL,20,16,0,6.5,54.5
2011,6,BAL,HOU,29,14,0,7.0,43.5
2011,6,CIN,IND,27,17,0,5.0,40.0
2011,6,PIT,JAX,17,13,0,12.5,40.0
2011,6,CHI,MIN,39,10,0,1.0,41.5
2011,6,TB,NO,26,20,0,-6.0,49.5
2011,6,WAS,PHI,13,20,0,-3.0,46.5
2011,6,DET,SF,19,25,0,5.5,45.0
2011,6,GB,LA,24,3,0,14.0,47.0
2011,6,NYJ,MIA,24,6,0,7.0,41.5
2011,7,DET,ATL,16,23,0,4.5,47.0
2011,7,TB,CHI,18,24,1,-1.5,44.0
2011,7,MIA,DEN,15,18,0,-1.0,41.5
2011,7,MIN,GB,27,33,0,-10.0,47.0
2011,7,TEN,HOU,7,41,0,3.0,44.0
2011,7,NO,IND,62,7,0,13.5,49.0
2011,7,LV,KC,0,28,0,3.5,41.5
2011,7,ARI,PIT,20,32,0,-4.0,46.0
2011,7,NYJ,LAC,27,21,0,-1.0,43.0
2011,7,CLE,SEA,6,3,0,3.0,41.0
2011,7,DAL,LA,34,7,0,14.0,43.0
2011,7,CAR,WAS,33,20,0,1.5,44.5
2011,7,JAX,BAL,12,7,0,-10.0,38.5
2011,8,BAL,ARI,30,27,0,12.0,43.0
2011,8,SEA,CIN,12,34,0,-1.0,37.5
2011,8,SF,CLE,20,10,0,9.0,38.5
2011,8,PHI,DAL,34,7,0,3.0,49.0
2011,8,DEN,DET,10,45,0,-3.0,43.5
2011,8,TEN,IND,27,10,0,9.0,43.5
2011,8,HOU,JAX,24,14,0,10.0,41.0
2011,8,NYG,MIA,20,17,0,9.5,43.5
2011,8,CAR,MIN,21,24,0,3.0,47.0
2011,8,PIT,NE,25,17,0,-3.0,52.0
2011,8,LA,NO,31,21,0,-13.5,48.5
2011,8,BUF,WAS,23,0,0,4.0,46.5
2011,8,KC,LAC,23,20,0,-3.0,44.5
2011,9,IND,ATL,7,31,0,-6.5,45.0
2011,9,PIT,BAL,20,23,0,3.5,41.5
2011,9,TEN,CIN,17,24,0,1.5,41.5
2011,9,HOU,CLE,30,12,0,10.5,42.5
2011,9,LV,DEN,24,38,0,7.0,41.5
2011,9,LAC,GB,38,45,0,-5.5,50.5
2011,9,KC,MIA,3,31,0,5.0,41.0
2011,9,NE,NYG,20,24,0,9.5,51.5
2011,9,BUF,NYJ,11,27,0,2.5,45.0
2011,9,DAL,SEA,23,13,0,11.0,46.0
2011,9,WAS,SF,11,19,0,-5.0,38.0
2011,9,ARI,LA,19,13,0,1.0,41.5
2011,9,NO,TB,27,16,0,9.0,50.5
2011,9,PHI,CHI,24,30,0,9.0,47.5
2011,10,LAC,LV,17,24,0,7.5,47.5
2011,10,PHI,ARI,17,21,0,13.5,47.0
2011,10,SEA,BAL,22,17,0,-7.0,38.5
2011,10,DAL,BUF,44,7,0,4.5,48.5
2011,10,KC,DEN,10,17,0,3.0,42.0
2011,10,CHI,DET,37,13,0,2.5,42.5
2011,10,TB,HOU,9,37,0,-3.5,45.5
2011,10,IND,JAX,3,17,0,-3.0,37.5
2011,10,NYJ,NE,16,37,0,2.5,47.0
2011,10,ATL,NO,23,26,0,1.0,49.5
2011,10,SF,NYG,27,20,0,4.0,42.5
2011,10,CIN,PIT,17,24,0,-3.5,40.5
2011,10,CLE,LA,12,13,0,2.5,36.5
2011,10,CAR,TEN,3,30,0,3.5,47.5
2011,10,MIA,WAS,20,9,0,4.0,38.5
2011,10,GB,MIN,45,7,0,12.5,49.0
2011,11,DEN,NYJ,17,13,0,-6.5,38.5
2011,11,SF,ARI,23,7,0,10.0,40.5
2011,11,MIA,BUF,35,8,0,3.0,44.0
2011,11,DET,CAR,49,35,0,7.0,47.5
2011,11,BAL,CIN,31,24,0,7.0,39.5
2011,11,WAS,DAL,24,27,0,-7.0,43.0
2011,11,CLE,JAX,14,10,0,1.0,34.5
2011,11,MIN,LV,21,27,0,1.0,46.0
2011,11,NYG,PHI,10,17,0,6.0,45.0
2011,11,CHI,LAC,31,20,0,4.5,45.0
2011,11,LA,SEA,7,24,0,3.0,40.5
2011,11,GB,TB,35,26,0,13.5,48.5
2011,11,ATL,TEN,23,17,0,6.0,44.0
2011,11,NE,KC,34,3,0,17.0,46.5
2011,12,DET,GB,15,27,0,-4.0,55.0
2011,12,DAL,MIA,20,19,0,7.0,45.5
2011,12,BAL,SF,16,6,0,3.0,38.5
2011,12,LA,ARI,20,23,0,1.0,40.0
2011,12,NYJ,BUF,28,24,0,9.5,42.5
2011,12,IND,CAR,19,27,0,-3.5,46.5
2011,12,LV,CHI,25,20,0,3.0,40.5
2011,12,CIN,CLE,23,20,0,6.5,38.5
2011,12,LAC,DEN,13,16,0,4.5,42.5
2011,12,JAX,HOU,13,20,0,-6.0,37.0
2011,12,ATL,MIN,24,14,0,10.0,44.0
2011,12,PHI,NE,20,38,0,-3.0,50.5
2011,12,KC,PIT,9,13,0,-10.5,41.5
2011,12,TEN,TB,23,17,0,3.0,43.5
2011,12,SEA,WAS,17,23,0,3.0,37.0
2011,12,NO,NYG,49,24,0,7.0,51.0
2011,13,SEA,PHI,31,14,0,-3.0,43.5
2011,13,HOU,ATL,17,10,0,-1.0,38.5
2011,13,CLE,BAL,10,24,0,-7.0,38.5
2011,13,TB,CAR,19,38,0,-1.0,45.5
2011,13,PIT,CIN,35,7,0,7.0,43.5
2011,13,ARI,DAL,19,13,0,-4.0,46.5
2011,13,MIN,DEN,32,35,0,1.0,37.5
2011,13,NO,DET,31,17,0,9.5,55.0
2011,13,NYG,GB,35,38,0,-7.0,53.5
2011,13,NE,IND,31,24,0,20.5,48.5
2011,13,CHI,KC,3,10,0,9.0,35.0
2011,13,WAS,NYJ,19,34,0,-3.0,38.5
2011,13,MIA,LV,34,14,0,3.5,43.0
2011,13,SF,LA,26,0,0,14.0,38.5
2011,13,BUF,TEN,17,23,0,1.0,43.5
2011,13,JAX,LAC,14,38,0,-3.0,39.5
2011,14,PIT,CLE,14,3,0,14.0,40.0
2011,14,CAR,ATL,23,31,0,-3.0,48.0
2011,14,LAC,BUF,37,10,0,7.0,49.5
2011,14,DEN,CHI,13,10,0,3.5,35.0
2011,14,CIN,HOU,19,20,0,2.5,37.5
2011,14,BAL,IND,24,10,0,16.5,41.5
2011,14,NYJ,KC,37,10,0,10.5,35.5
2011,14,DET,MIN,34,28,0,10.0,48.0
2011,14,WAS,NE,27,34,0,-7.5,46.5
2011,14,TEN,NO,17,22,0,-3.5,47.5
2011,14,DAL,NYG,34,37,0,4.5,48.5
2011,14,GB,LV,46,16,0,11.5,49.5
2011,14,MIA,PHI,10,26,0,3.0,44.5
2011,14,ARI,SF,21,19,0,-3.5,39.0
2011,14,JAX,TB,41,14,0,-3.0,41.5
2011,14,SEA,LA,30,13,0,9.0,38.0
2011,15,ATL,JAX,41,14,0,14.0,41.5
2011,15,TB,DAL,15,31,0,-7.0,47.0
2011,15,LAC,BAL,34,14,0,-1.0,44.5
2011,15,HOU,CAR,13,28,0,4.5,45.0
2011,15,LA,CIN,13,20,0,-7.0,38.5
2011,15,ARI,CLE,20,17,0,6.0,37.0
2011,15,LV,DET,27,28,0,-1.0,47.5
2011,15,KC,GB,19,14,0,-11.0,46.0
2011,15,BUF,MIA,23,30,0,-1.0,42.5
2011,15,DEN,NE,23,41,0,-7.0,47.5
2011,15,MIN,NO,20,42,0,-7.0,53.5
2011,15,PHI,NYJ,45,19,0,3.0,44.0
2011,15,CHI,SEA,14,38,0,3.5,34.5
2011,15,IND,TEN,27,13,0,-6.5,41.5
2011,15,NYG,WAS,10,23,0,5.5,45.0
2011,15,SF,PIT,20,3,0,3.0,37.0
2011,16,IND,HOU,19,16,0,-7.0,40.5
2011,16,CIN,ARI,23,16,0,3.5,41.0
2011,16,BAL,CLE,20,14,0,10.5,38.0
2011,16,BUF,DEN,40,14,0,-3.0,43.5
2011,16,TEN,JAX,23,17,0,8.5,38.5
2011,16,NE,MIA,27,24,0,7.5,49.0
2011,16,WAS,MIN,26,33,0,6.0,43.0
2011,16,NYJ,NYG,14,29,0,1.5,45.5
2011,16,KC,LV,13,16,0,3.0,43.0
2011,16,DAL,PHI,7,20,0,-1.5,49.5
2011,16,DET,LAC,38,10,0,-1.0,52.5
2011,16,SEA,SF,17,19,0,-1.5,36.5
2011,16,PIT,LA,27,0,0,10.0,33.5
2011,16,CAR,TB,48,16,0,9.0,48.5
2011,16,GB,CHI,35,21,0,13.0,41.5
2011,16,NO,ATL,45,16,0,7.0,53.0
2011,17,CIN,BAL,16,24,0,-2.5,37.5
2011,17,NE,BUF,49,21,0,10.0,49.5
2011,17,NO,CAR,45,17,0,7.0,54.5
2011,17,MIN,CHI,13,17,0,1.5,41.5
2011,17,NYG,DAL,31,14,0,3.0,48.0
2011,17,GB,DET,45,41,0,-6.5,41.5
2011,17,JAX,IND,19,13,0,3.0,36.5
2011,17,DEN,KC,3,7,0,1.0,37.0
2011,17,MIA,NYJ,19,17,0,1.5,38.0
2011,17,CLE,PIT,9,13,0,-7.0,33.0
2011,17,LV,LAC,26,38,0,2.5,50.5
2011,17,ARI,SEA,23,20,0,2.5,40.5
2011,17,LA,SF,27,34,0,-12.5,35.5
2011,17,ATL,TB,45,24,0,10.0,45.5
2011,17,HOU,TEN,22,23,0,-1.0,38.5
2011,17,PHI,WAS,34,10,0,7.0,44.0
2011,18,HOU,CIN,31,10,0,4.0,38.0
2011,18,NO,DET,45,28,0,10.5,59.5
2011,18,NYG,ATL,24,2,0,3.0,47.5
2011,18,DEN,PIT,29,23,0,-7.5,34.0
2011,19,NE,DEN,45,10,0,14.0,50.0
2011,19,SF,NO,36,32,0,-3.5,46.5
2011,19,BAL,HOU,20,13,0,7.5,37.0
2011,19,GB,NYG,20,37,0,8.5,54.0
2011,20,NE,BAL,23,20,0,7.0,49.0
2011,20,SF,NYG,17,20,0,2.0,40.5
2011,21,NE,NYG,17,21,1,3.0,53.0
2012,1,NYG,DAL,17,24,0,3.5,45.5
2012,1,KC,ATL,24,40,0,-1.0,43.0
2012,1,NYJ,BUF,48,28,0,3.0,39.5
2012,1,TB,CAR,16,10,0,-3.0,45.5
2012,1,CHI,IND,41,21,0,10.0,41.5
2012,1,MIN,JAX,26,23,0,3.5,38.0
2012,1,HOU,MIA,30,10,0,13.0,41.5
2012,1,TEN,NE,13,34,0,-4.5,48.0
2012,1,CLE,PHI,16,17,0,-9.0,42.0
2012,1,DEN,PIT,31,19,0,2.5,45.5
2012,1,ARI,SEA,20,16,0,-1.0,40.5
2012,1,GB,SF,22,30,0,6.0,46.5
2012,1,DET,LA,27,23,0,9.0,46.0
2012,1,NO,WAS,32,40,0,9.5,50.0
2012,1,BAL,CIN,44,13,0,7.0,42.5
2012,1,LV,LAC,14,22,0,1.0,47.5
2012,2,GB,CHI,23,10,0,5.0,50.5
2012,2,NE,ARI,18,20,0,13.0,47.0
2012,2,PHI,BAL,24,23,0,3.0,46.5
2012,2,CIN,CLE,34,27,0,7.0,39.5
2012,2,SEA,DAL,27,7,0,-3.0,43.0
2012,2,SF,DET,27,19,0,7.0,46.0
2012,2,JAX,HOU,7,27,0,-6.5,40.0
2012,2,BUF,KC,35,17,0,3.0,45.0
2012,2,IND,MIN,23,20,0,-3.0,45.5
2012,2,CAR,NO,35,27,0,-3.0,53.0
2012,2,PIT,NYJ,27,10,0,4.5,43.0
2012,2,MIA,LV,35,13,0,-1.0,41.0
2012,2,NYG,TB,41,34,0,9.0,43.5
2012,2,LAC,TEN,38,10,0,6.5,43.5
2012,2,LA,WAS,31,28,0,-3.5,42.5
2012,2,ATL,DEN,27,21,0,3.0,50.0
2012,3,CAR,NYG,7,36,0,2.5,49.0
2012,3,LAC,ATL,3,27,0,3.0,47.0
2012,3,CLE,BUF,14,24,0,-2.5,45.0
2012,3,WAS,CIN,31,38,0,3.0,49.5
2012,3,TEN,DET,44,41,0,-3.5,47.0
2012,3,DEN,HOU,25,31,0,-1.0,43.5
2012,3,IND,JAX,17,22,0,3.0,41.5
2012,3,NO,KC,24,27,0,9.0,51.5
2012,3,BAL,NE,31,30,0,2.5,48.5
2012,3,MIA,NYJ,20,23,0,-2.5,40.5
2012,3,ARI,PHI,27,6,0,-3.0,42.5
2012,3,LV,PIT,34,31,0,-3.5,45.5
2012,3,MIN,SF,24,13,0,-6.5,42.5
2012,3,CHI,LA,23,6,0,7.0,41.5
2012,3,DAL,TB,16,10,0,7.0,45.5
2012,3,SEA,GB,14,12,0,-3.0,45.5
2012,4,BAL,CLE,23,16,0,11.5,44.0
2012,4,ATL,CAR,30,28,0,7.0,48.0
2012,4,JAX,CIN,10,27,0,1.0,45.5
2012,4,ARI,MIA,24,21,0,4.0,38.5
2012,4,DET,MIN,13,20,0,3.5,48.0
2012,4,BUF,NE,28,52,0,-3.5,48.0
2012,4,GB,NO,28,27,0,7.5,54.0
2012,4,PHI,NYG,19,17,0,1.5,46.0
2012,4,DEN,LV,37,6,0,6.5,47.0
2012,4,KC,LAC,20,37,0,-2.5,43.0
2012,4,LA,SEA,19,13,0,-2.0,39.5
2012,4,NYJ,SF,0,34,0,-3.5,40.5
2012,4,HOU,TEN,38,14,0,13.0,44.5
2012,4,TB,WAS,22,24,0,1.5,44.5
2012,4,DAL,CHI,18,34,0,3.0,41.0
2012,5,LA,ARI,17,3,0,-1.0,37.5
2012,5,WAS,ATL,17,24,0,-3.0,50.5
2012,5,KC,BAL,6,9,0,-6.0,46.5
2012,5,SF,BUF,45,3,0,10.0,45.5
2012,5,JAX,CHI,3,41,0,-6.0,38.5
2012,5,NYG,CLE,41,27,0,7.5,44.0
2012,5,NE,DEN,31,21,0,6.0,50.5
2012,5,IND,GB,30,27,0,-6.5,49.5
2012,5,CIN,MIA,13,17,0,3.0,45.0
2012,5,PIT,PHI,16,14,0,4.0,44.0
2012,5,NO,LAC,31,24,0,3.5,53.0
2012,5,CAR,SEA,12,16,0,1.0,42.5
2012,5,MIN,TEN,30,7,0,6.0,44.0
2012,5,NYJ,HOU,17,23,0,-9.5,40.5
2012,6,TEN,PIT,26,23,0,-5.5,42.5
2012,6,ARI,BUF,16,19,0,5.0,44.0
2012,6,CLE,CIN,34,24,0,-1.0,42.0
2012,6,BAL,DAL,31,29,0,3.0,45.5
2012,6,PHI,DET,23,26,0,3.5,47.5
2012,6,HOU,GB,24,42,0,4.0,46.5
2012,6,NYJ,IND,35,9,0,3.5,43.5
2012,6,TB,KC,38,10,0,5.0,39.5
2012,6,WAS,MIN,38,26,0,-1.5,44.0
2012,6,SEA,NE,24,23,0,-3.5,42.5
2012,6,SF,NYG,3,26,0,7.0,46.5
2012,6,ATL,LV,23,20,0,10.0,49.0
2012,6,MIA,LA,17,14,0,5.5,38.0
2012,6,LAC,DEN,24,35,0,1.0,47.5
2012,7,SF,SEA,13,6,0,7.5,37.5
2012,7,MIN,ARI,21,14,0,7.0,38.5
2012,7,HOU,BAL,43,13,0,6.5,47.0
2012,7,IND,CLE,17,13,0,1.0,46.5
2012,7,CAR,DAL,14,19,0,-2.5,45.0
2012,7,LA,GB,20,30,0,-4.0,45.0
2012,7,LV,JAX,26,23,0,6.0,44.5
2012,7,TB,NO,28,35,0,-1.0,49.5
2012,7,NE,NYJ,29,26,0,11.0,47.5
2012,7,CIN,PIT,17,24,0,-1.0,46.5
2012,7,BUF,TEN,34,35,0,4.0,47.0
2012,7,NYG,WAS,27,23,0,6.5,51.5
2012,7,CHI,DET,13,7,0,6.5,45.5
2012,8,MIN,TB,17,36,0,5.0,43.0
2012,8,PHI,ATL,17,30,0,1.5,43.5
2012,8,CHI,CAR,23,22,0,7.0,41.5
2012,8,TEN,IND,13,19,0,3.5,46.5
2012,8,GB,JAX,24,15,0,15.0,45.0
2012,8,NYJ,MIA,9,30,0,1.0,38.5
2012,8,LA,NE,7,45,1,-7.5,46.0
2012,8,DEN,NO,34,14,0,6.0,55.0
2012,8,DAL,NYG,24,29,0,-1.5,47.5
2012,8,KC,LV,16,26,0,1.0,41.5
2012,8,CLE,LAC,7,6,0,-2.5,40.5
2012,8,DET,SEA,28,24,0,3.0,42.5
2012,8,PIT,WAS,27,12,0,4.5,44.5
2012,8,ARI,SF,3,24,0,-7.0,37.5
2012,9,LAC,KC,31,13,0,7.5,41.0
2012,9,GB,ARI,31,17,0,10.5,43.0
2012,9,CLE,BAL,15,25,0,-3.5,44.0
2012,9,HOU,BUF,21,9,0,11.0,47.5
2012,9,WAS,CAR,13,21,0,3.0,48.0
2012,9,TEN,CHI,20,51,0,-4.5,44.0
2012,9,ATL,DAL,19,13,0,4.0,47.0
2012,9,CIN,DEN,23,31,0,-5.0,47.5
2012,9,JAX,DET,14,31,0,-6.0,44.0
2012,9,IND,MIA,23,20,0,-2.5,44.0
2012,9,SEA,MIN,30,20,0,4.5,38.0
2012,9,NYG,PIT,20,24,0,3.5,48.0
2012,9,LV,TB,32,42,0,1.0,47.0
2012,9,NO,PHI,28,13,0,2.5,52.0
2012,10,JAX,IND,10,27,0,-3.0,43.5
2012,10,NO,ATL,31,27,0,-1.0,54.0
2012,10,NE,BUF,37,31,0,13.5,54.0
2012,10,PHI,DAL,23,38,0,-1.0,44.0
2012,10,CAR,DEN,14,36,0,-3.5,46.5
2012,10,MIN,DET,34,24,0,-3.0,46.0
2012,10,CHI,HOU,6,13,0,1.0,37.0
2012,10,CIN,NYG,31,13,0,-3.5,47.0
2012,10,SEA,NYJ,28,7,0,5.0,38.0
2012,10,BAL,LV,55,20,0,9.5,48.0
2012,10,TB,LAC,34,24,0,3.0,46.5
2012,10,SF,LA,24,24,0,13.5,38.0
2012,10,MIA,TEN,3,37,0,6.5,44.0
2012,10,PIT,KC,16,13,0,12.5,39.5
2012,11,BUF,MIA,19,14,0,1.0,46.0
2012,11,ATL,ARI,23,19,0,9.5,43.0
2012,11,PIT,BAL,10,13,0,-3.0,41.0
2012,11,KC,CIN,6,28,0,-3.0,41.0
2012,11,DAL,CLE,23,20,0,7.0,43.5
2012,11,DET,GB,20,24,0,-3.0,53.5
2012,11,NE,IND,59,24,0,10.0,54.5
2012,11,HOU,JAX,43,37,0,15.0,40.5
2012,11,LV,NO,17,38,0,-6.0,56.5
2012,11,LA,NYJ,13,27,0,3.5,38.0
2012,11,WAS,PHI,31,6,0,3.5,46.0
2012,11,DEN,LAC,30,23,0,7.5,47.5
2012,11,CAR,TB,21,27,0,-1.0,46.0
2012,11,SF,CHI,32,7,0,3.5,34.0
2012,12,DET,HOU,31,34,0,-3.5,48.5
2012,12,NYJ,NE,19,49,0,-7.0,48.0
2012,12,DAL,WAS,31,38,0,3.5,47.0
2012,12,TB,ATL,23,24,0,-1.0,50.5
2012,12,LAC,BAL,13,16,0,-1.0,46.5
2012,12,IND,BUF,20,13,0,2.0,51.0
2012,12,KC,DEN,9,17,0,-10.0,41.5
2012,12,NYG,GB,38,10,0,1.0,50.0
2012,12,CHI,MIN,28,10,0,6.5,38.5
2012,12,CIN,LV,34,10,0,9.5,50.5
2012,12,CLE,PIT,20,14,0,-1.0,33.0
2012,12,MIA,SEA,24,21,0,-3.0,37.5
2012,12,NO,SF,21,31,0,-1.0,50.0
2012,12,ARI,LA,17,31,0,1.0,36.0
2012,12,JAX,TEN,24,19,0,-3.5,45.0
2012,12,PHI,CAR,22,30,0,-3.0,41.5
2012,13,ATL,NO,23,13,0,3.5,54.5
2012,13,NYJ,ARI,7,6,0,6.0,37.0
2012,13,KC,CAR,27,21,0,-5.0,41.0
2012,13,LAC,CIN,13,20,0,1.0,45.0
2012,13,LV,CLE,17,20,0,-2.5,39.5
2012,13,TEN,HOU,10,24,0,-7.0,47.5
2012,13,DET,IND,33,35,0,7.0,51.5
2012,13,BUF,JAX,34,18,0,6.0,41.0
2012,13,GB,MIN,23,14,0,7.0,47.0
2012,13,MIA,NE,16,23,0,-7.0,51.0
2012,13,DAL,PHI,38,33,0,10.5,44.0
2012,13,BAL,PIT,20,23,0,7.0,36.5
2012,13,CHI,SEA,17,23,0,3.0,36.5
2012,13,LA,SF,16,13,0,-7.0,40.5
2012,13,DEN,TB,31,23,0,9.5,50.0
2012,13,WAS,NYG,17,16,0,-2.5,50.0
2012,14,LV,DEN,13,26,0,-10.0,47.0
2012,14,SEA,ARI,58,0,0,10.5,36.0
2012,14,CAR,ATL,30,20,0,-3.0,46.5
2012,14,WAS,BAL,31,28,0,1.0,47.5
2012,14,MIN,CHI,21,14,0,-1.0,40.5
2012,14,CIN,DAL,19,20,0,3.5,46.0
2012,14,GB,DET,27,20,0,6.0,49.5
2012,14,CLE,KC,30,7,0,7.0,38.0
2012,14,SF,MIA,27,13,0,10.5,38.5
2012,14,NYG,NO,52,27,0,4.0,52.5
2012,14,JAX,NYJ,10,17,0,-3.0,39.5
2012,14,TB,PHI,21,23,0,8.0,47.5
2012,14,PIT,LAC,24,34,0,7.0,37.5
2012,14,BUF,LA,12,15,0,3.5,42.0
2012,14,IND,TEN,27,23,0,3.5,47.0
2012,14,NE,HOU,42,14,0,5.5,50.5
2012,15,PHI,CIN,13,34,0,-4.5,45.0
2012,15,LAC,CAR,7,31,0,3.0,45.0
2012,15,BAL,DEN,17,34,0,-3.0,48.0
2012,15,ARI,DET,38,10,0,-5.5,43.5
2012,15,CHI,GB,13,21,0,-3.0,43.0
2012,15,HOU,IND,29,17,0,10.5,47.5
2012,15,MIA,JAX,24,3,0,7.5,38.5
2012,15,LV,KC,15,0,0,4.5,44.0
2012,15,LA,MIN,22,36,0,1.0,39.0
2012,15,ATL,NYG,34,0,0,1.0,50.0
2012,15,DAL,PIT,27,24,0,-1.0,45.5
2012,15,BUF,SEA,17,50,0,-4.5,44.0
2012,15,NE,SF,34,41,0,4.0,47.0
2012,15,NO,TB,41,0,0,3.5,54.5
2012,15,CLE,WAS,21,38,0,4.0,40.5
2012,15,TEN,NYJ,14,10,0,1.0,40.0
2012,16,DET,ATL,18,31,0,-3.5,50.0
2012,16,MIA,BUF,24,10,0,5.0,43.5
2012,16,ARI,CHI,13,28,0,-7.0,35.5
2012,16,PIT,CIN,10,13,0,3.5,40.0
2012,16,DEN,CLE,34,12,0,11.0,43.5
2012,16,KC,IND,13,20,0,-4.5,41.5
2012,16,HOU,MIN,6,23,0,7.5,43.0
2012,16,JAX,NE,16,23,0,-14.0,51.5
2012,16,DAL,NO,31,34,0,1.0,55.0
2012,16,BAL,NYG,33,14,0,-1.0,48.0
2012,16,CAR,LV,17,6,0,9.5,47.5
2012,16,NYJ,LAC,17,27,0,3.0,37.0
2012,16,SEA,SF,42,13,0,2.5,40.0
2012,16,TB,LA,13,28,0,3.0,43.5
2012,16,GB,TEN,55,7,0,10.5,44.0
2012,16,PHI,WAS,20,27,0,-3.5,46.0
2012,17,SF,ARI,27,13,0,16.0,39.0
2012,17,CIN,BAL,23,17,0,5.5,43.0
2012,17,NO,CAR,38,44,0,4.0,53.5
2012,17,DET,CHI,24,26,0,-3.0,46.0
2012,17,PIT,CLE,24,10,0,10.0,36.5
2012,17,WAS,DAL,28,18,0,3.0,49.0
2012,17,MIN,GB,37,34,0,-3.0,45.5
2012,17,IND,HOU,28,16,0,-6.5,47.0
2012,17,TEN,JAX,38,20,0,6.0,42.0
2012,17,DEN,KC,38,3,0,17.0,41.0
2012,17,NE,MIA,28,0,0,11.5,48.0
2012,17,BUF,NYJ,28,9,0,3.5,40.5
2012,17,LAC,LV,24,21,0,9.5,41.0
2012,17,NYG,PHI,42,7,0,6.5,44.0
2012,17,SEA,LA,20,13,0,11.0,41.5
2012,17,ATL,TB,17,22,0,3.0,46.0
2012,18,HOU,CIN,19,13,0,4.0,42.5
2012,18,GB,MIN,24,10,0,10.5,44.0
2012,18,BAL,IND,24,9,0,7.5,47.5
2012,18,WAS,SEA,14,24,0,-3.0,44.5
2012,19,DEN,BAL,35,38,0,9.5,44.0
2012,19,SF,GB,45,31,0,3.0,45.0
2012,19,NE,HOU,41,28,0,9.5,50.5
2012,19,ATL,SEA,30,28,0,2.5,46.0
2012,20,NE,BAL,13,28,0,8.0,49.5
2012,20,ATL,SF,24,28,0,-3.5,47.5
2012,21,SF,BAL,31,34,1,4.5,47.5
2013,1,DEN,BAL,49,27,0,7.5,48.5
2013,1,LA,ARI,27,24,0,3.5,42.5
2013,1,NO,ATL,23,17,0,3.5,54.5
2013,1,CHI,CIN,24,21,0,3.0,41.5
2013,1,SF,GB,34,28,0,5.0,47.0
2013,1,JAX,KC,2,28,0,-3.5,42.5
2013,1,CLE,MIA,10,23,0,2.5,40.5
2013,1,DET,MIN,34,24,0,4.0,46.0
2013,1,BUF,NE,21,23,0,-10.0,50.5
2013,1,DAL,NYG,36,31,0,3.5,49.5
2013,1,IND,LV,21,17,0,11.0,45.0
2013,1,CAR,SEA,7,12,0,-3.0,44.5
2013,1,NYJ,TB,18,17,0,-4.0,40.0
2013,1,PIT,TEN,9,16,0,6.0,42.0
2013,1,LAC,HOU,28,31,0,-5.0,44.0
2013,1,WAS,PHI,27,33,0,4.0,51.0
2013,2,NE,NYJ,13,10,0,10.5,43.0
2013,2,BUF,CAR,24,23,0,-3.5,43.5
2013,2,BAL,CLE,14,6,0,5.5,43.5
2013,2,KC,DAL,17,16,0,3.0,45.0
2013,2,NYG,DEN,23,41,0,-3.5,52.5
2013,2,ARI,DET,25,21,0,-1.0,47.5
2013,2,LV,JAX,19,9,0,3.5,40.5
2013,2,IND,MIA,20,24,0,1.0,43.5
2013,2,CHI,MIN,31,30,0,6.0,41.0
2013,2,TB,NO,14,16,0,-3.0,48.5
2013,2,PHI,LAC,30,33,0,7.5,51.0
2013,2,SEA,SF,29,3,0,3.0,43.5
2013,2,ATL,LA,31,24,0,4.0,47.5
2013,2,HOU,TEN,30,24,0,7.5,42.5
2013,2,GB,WAS,38,20,0,9.0,48.5
2013,2,CIN,PIT,20,10,0,7.0,40.0
2013,3,PHI,KC,16,26,0,3.0,50.0
2013,3,NO,ARI,31,7,0,8.0,48.5
2013,3,MIA,ATL,27,23,0,3.0,45.5
2013,3,NYJ,BUF,27,20,0,2.5,41.0
2013,3,PIT,CHI,23,40,0,-2.5,40.5
2013,3,MIN,CLE,27,31,0,7.0,40.0
2013,3,WAS,DET,20,27,0,-1.0,48.5
2013,3,CIN,GB,34,30,0,-3.0,49.5
2013,3,BAL,HOU,30,9,0,1.0,44.5
2013,3,SF,IND,7,27,0,10.5,45.5
2013,3,SEA,JAX,45,17,0,19.5,39.0
2013,3,CAR,NYG,38,0,0,-1.0,46.5
2013,3,TEN,LAC,20,17,0,3.0,43.0
2013,3,DAL,LA,31,7,0,3.5,47.5
2013,3,NE,TB,23,3,0,7.5,44.5
2013,3,DEN,LV,37,21,0,16.0,48.5
2013,4,LA,SF,11,35,0,-3.0,43.0
2013,4,TB,ARI,10,13,0,2.5,40.0
2013,4,BUF,BAL,23,20,0,-4.0,45.0
2013,4,DET,CHI,40,32,0,3.0,48.0
2013,4,CLE,CIN,17,6,0,-3.5,42.5
2013,4,LAC,DAL,30,21,0,-1.0,47.0
2013,4,JAX,IND,3,37,0,-9.5,42.5
2013,4,ATL,NE,23,30,0,3.0,49.0
2013,4,KC,NYG,31,7,0,3.5,43.5
2013,4,TEN,NYJ,38,13,0,3.5,40.5
2013,4,DEN,PHI,52,20,0,10.5,57.5
2013,4,MIN,PIT,34,27,1,-3.0,41.5
2013,4,HOU,SEA,20,23,0,-1.0,41.0
2013,4,LV,WAS,14,24,0,-3.5,45.5
2013,4,NO,MIA,38,17,0,7.0,48.5
2013,5,CLE,BUF,37,24,0,3.5,40.5
2013,5,MIA,BAL,23,26,0,2.5,42.5
2013,5,ARI,CAR,22,6,0,-3.0,41.0
2013,5,DAL,DEN,48,51,0,-7.5,56.5
2013,5,GB,DET,22,9,0,10.0,53.0
2013,5,SF,HOU,34,3,0,4.0,43.0
2013,5,LA,JAX,34,20,0,11.0,40.5
2013,5,TEN,KC,17,26,0,-2.5,38.0
2013,5,CIN,NE,13,6,0,-2.0,45.5
2013,5,CHI,NO,18,26,0,1.0,50.5
2013,5,NYG,PHI,21,36,0,-1.0,53.5
2013,5,LV,LAC,27,17,0,-6.0,46.0
2013,5,IND,SEA,34,28,0,-3.0,43.5
2013,5,ATL,NYJ,28,30,0,10.0,45.0
2013,6,CHI,NYG,27,21,0,9.5,46.5
2013,6,SF,ARI,32,20,0,10.0,40.5
2013,6,MIN,CAR,10,35,0,2.5,44.5
2013,6,BUF,CIN,24,27,0,-6.0,41.0
2013,6,CLE,DET,17,31,0,-1.0,44.0
2013,6,BAL,GB,17,19,0,-1.0,48.5
2013,6,DEN,JAX,35,19,0,27.0,53.0
2013,6,NE,NO,30,27,0,2.5,51.5
2013,6,KC,LV,24,7,0,7.5,41.0
2013,6,TB,PHI,20,31,0,-2.5,44.5
2013,6,NYJ,PIT,6,19,0,-1.0,40.5
2013,6,HOU,LA,13,38,0,9.5,43.0
2013,6,SEA,TEN,20,13,0,11.0,42.0
2013,6,DAL,WAS,31,16,0,5.5,52.0
2013,6,LAC,IND,19,9,0,-1.0,50.5
2013,7,ARI,SEA,22,34,0,-5.0,41.0
2013,7,PIT,BAL,19,16,0,2.5,41.0
2013,7,MIA,BUF,21,23,0,6.0,43.5
2013,7,WAS,CHI,45,41,0,-1.0,47.5
2013,7,DET,CIN,24,27,0,2.5,45.5
2013,7,GB,CLE,31,13,0,7.5,45.0
2013,7,PHI,DAL,3,17,0,3.0,55.0
2013,7,IND,DEN,39,33,0,-6.0,54.5
2013,7,KC,HOU,17,16,0,7.0,38.5
2013,7,NYJ,NE,30,27,0,-3.5,43.0
2013,7,JAX,LAC,6,24,0,-7.5,44.5
2013,7,TEN,SF,17,31,0,-3.0,41.0
2013,7,CAR,LA,30,15,0,8.0,42.0
2013,7,ATL,TB,31,23,0,6.0,43.0
2013,7,NYG,MIN,23,7,0,4.0,47.5
2013,8,TB,CAR,13,31,0,-6.5,39.0
2013,8,ARI,ATL,27,13,0,2.5,44.5
2013,8,NO,BUF,35,17,0,10.5,48.0
2013,8,KC,CLE,23,17,0,7.0,39.0
2013,8,DET,DAL,31,30,0,3.0,51.0
2013,8,MIN,GB,31,44,0,-7.0,47.5
2013,8,NE,MIA,27,17,0,6.5,46.5
2013,8,PHI,NYG,7,15,0,5.5,49.0
2013,8,CIN,NYJ,49,9,0,6.0,40.5
2013,8,LV,PIT,21,18,0,-2.5,40.0
2013,8,JAX,SF,10,42,1,-16.0,40.0
2013,8,DEN,WAS,45,21,0,11.0,58.0
2013,8,LA,SEA,9,14,0,-13.0,43.0
2013,9,MIA,CIN,22,20,0,-3.0,42.0
2013,9,CAR,ATL,34,10,0,10.0,46.5
2013,9,CLE,BAL,24,18,0,-1.0,41.5
2013,9,HOU,IND,24,27,0,-1.0,42.5
2013,9,BUF,KC,13,23,0,-4.5,40.5
2013,9,DAL,MIN,27,23,0,10.0,51.0
2013,9,NYJ,NO,26,20,0,-6.0,45.5
2013,9,LV,PHI,20,49,0,-1.0,45.5
2013,9,NE,PIT,55,31,0,5.5,42.5
2013,9,WAS,LAC,30,24,0,1.0,49.5
2013,9,SEA,TB,27,24,0,16.0,40.0
2013,9,LA,TEN,21,28,0,-3.0,41.0
2013,9,GB,CHI,20,27,0,10.0,50.5
2013,10,MIN,WAS,34,27,0,-1.0,48.0
2013,10,PIT,BUF,23,10,0,3.0,42.5
2013,10,SF,CAR,9,10,0,6.0,43.0
2013,10,BAL,CIN,20,17,0,1.0,44.0
2013,10,NO,DAL,49,17,0,6.0,54.0
2013,10,LAC,DEN,20,28,0,-7.0,56.0
2013,10,CHI,DET,19,21,0,-1.0,52.0
2013,10,ARI,HOU,27,24,0,4.0,41.5
2013,10,TEN,JAX,27,29,0,11.5,41.5
2013,10,NYG,LV,24,20,0,7.5,41.0
2013,10,GB,PHI,13,27,0,-1.0,47.0
2013,10,ATL,SEA,10,33,0,-3.5,47.0
2013,10,IND,LA,8,38,0,7.5,43.0
2013,10,TB,MIA,22,19,0,-1.0,39.0
2013,11,TEN,IND,27,30,0,-2.5,42.0
2013,11,JAX,ARI,14,27,0,-9.5,40.5
2013,11,TB,ATL,41,28,0,1.0,44.0
2013,11,CHI,BAL,23,20,0,4.0,41.0
2013,11,CIN,CLE,41,20,0,4.0,40.0
2013,11,PIT,DET,37,27,0,-3.0,45.0
2013,11,NYG,GB,27,13,0,3.5,41.0
2013,11,DEN,KC,27,17,0,7.5,48.5
2013,11,SEA,MIN,41,20,0,13.0,45.0
2013,11,BUF,NYJ,37,14,0,-1.0,39.5
2013,11,HOU,LV,23,28,0,10.5,41.0
2013,11,MIA,LAC,20,16,0,-2.5,44.0
2013,11,NO,SF,23,20,0,3.5,50.0
2013,11,PHI,WAS,24,16,0,4.5,54.5
2013,11,CAR,NE,24,20,0,3.0,46.5
2013,12,ATL,NO,13,17,0,-7.5,52.5
2013,12,MIA,CAR,16,20,0,-4.5,40.0
2013,12,LA,CHI,42,21,0,1.0,46.0
2013,12,NYG,DAL,21,24,0,1.0,44.5
2013,12,NE,DEN,34,31,0,1.0,54.0
2013,12,ARI,IND,40,11,0,3.5,44.5
2013,12,HOU,JAX,6,13,0,10.5,44.0
2013,12,GB,MIN,26,26,0,6.0,44.5
2013,12,BAL,NYJ,19,3,0,4.0,38.0
2013,12,CLE,PIT,11,27,0,2.5,40.0
2013,12,KC,LAC,38,41,0,3.5,43.0
2013,12,DET,TB,21,24,0,7.0,48.5
2013,12,LV,TEN,19,23,0,-2.5,42.0
2013,12,WAS,SF,6,27,0,-5.5,45.5
2013,13,DET,GB,40,10,0,7.0,48.5
2013,13,DAL,LV,31,24,0,10.0,49.5
2013,13,BAL,PIT,22,20,0,3.0,40.5
2013,13,PHI,ARI,24,21,0,3.5,48.0
2013,13,BUF,ATL,31,34,1,5.0,48.0
2013,13,MIN,CHI,23,20,0,2.5,48.5
2013,13,LAC,CIN,10,17,0,-2.5,48.5
2013,13,KC,DEN,28,35,0,-5.0,50.5
2013,13,CLE,JAX,28,32,0,7.5,39.5
2013,13,NYJ,MIA,3,23,0,-1.0,39.5
2013,13,HOU,NE,31,34,0,-7.0,49.5
2013,13,WAS,NYG,17,24,0,1.0,45.5
2013,13,SF,LA,23,13,0,7.5,40.5
2013,13,CAR,TB,27,6,0,7.5,41.0
2013,13,IND,TEN,22,14,0,3.5,46.0
2013,13,SEA,NO,34,7,0,6.5,48.5
2013,14,JAX,HOU,27,20,0,-3.0,43.5
2013,14,GB,ATL,22,21,0,3.5,47.0
2013,14,TB,BUF,27,6,0,3.0,42.5
2013,14,NO,CAR,31,13,0,3.0,47.0
2013,14,NE,CLE,27,26,0,9.5,47.5
2013,14,PHI,DET,34,20,0,2.5,54.0
2013,14,CIN,IND,42,28,0,7.0,43.0
2013,14,WAS,KC,10,45,0,-3.5,44.0
2013,14,PIT,MIA,28,34,0,3.0,40.5
2013,14,BAL,MIN,29,26,0,6.0,41.5
2013,14,LAC,NYG,37,14,0,4.5,46.5
2013,14,NYJ,LV,37,27,0,3.0,39.0
2013,14,SF,SEA,19,17,0,2.5,41.0
2013,14,ARI,LA,30,10,0,4.0,41.0
2013,14,DEN,TEN,51,28,0,13.0,49.5
2013,14,CHI,DAL,45,28,0,2.0,49.0
2013,15,DEN,LAC,20,27,0,10.0,56.5
2013,15,TEN,ARI,34,37,0,-3.0,43.0
2013,15,JAX,BUF,20,27,0,-4.0,43.0
2013,15,CLE,CHI,31,38,0,1.0,43.5
2013,15,PIT,CIN,30,20,0,-2.0,44.0
2013,15,DAL,GB,36,37,0,4.0,49.5
2013,15,IND,HOU,25,3,0,6.0,47.0
2013,15,LV,KC,31,56,0,-6.5,44.0
2013,15,MIA,NE,24,20,0,2.5,46.5
2013,15,LA,NO,27,16,0,-6.5,48.0
2013,15,CAR,NYJ,30,20,0,10.0,40.5
2013,15,MIN,PHI,48,30,0,-6.5,53.0
2013,15,NYG,SEA,0,23,0,-9.5,43.5
2013,15,TB,SF,14,33,0,-4.5,41.0
2013,15,ATL,WAS,27,26,0,5.5,50.0
2013,15,DET,BAL,16,18,0,4.5,49.0
2013,16,SEA,ARI,10,17,0,8.0,42.5
2013,16,PHI,CHI,54,11,0,2.5,53.5
2013,16,NYJ,CLE,24,13,0,2.5,41.5
2013,16,WAS,DAL,23,24,0,-3.0,51.0
2013,16,HOU,DEN,13,37,0,-9.0,53.0
2013,16,KC,IND,7,23,0,7.5,46.5
2013,16,BUF,MIA,19,0,0,1.0,42.0
2013,16,CIN,MIN,42,14,0,7.5,48.0
2013,16,BAL,NE,7,41,0,-1.0,45.0
2013,16,CAR,NO,17,13,0,3.5,44.5
2013,16,DET,NYG,20,23,0,9.5,47.0
2013,16,LAC,LV,26,13,0,10.0,50.0
2013,16,GB,PIT,31,38,0,-1.0,43.5
2013,16,LA,TB,23,13,0,3.5,43.0
2013,16,JAX,TEN,16,20,0,-4.0,44.0
2013,16,SF,ATL,34,24,0,15.5,46.0
2013,17,CIN,BAL,34,17,0,6.5,43.0
2013,17,NE,BUF,34,20,0,7.5,46.5
2013,17,ATL,CAR,20,21,0,-5.5,46.5
2013,17,PIT,CLE,20,7,0,9.5,44.5
2013,17,LV,DEN,14,34,0,-10.0,53.5
2013,17,MIN,DET,14,13,0,-2.5,50.0
2013,17,CHI,GB,28,33,0,-3.0,51.0
2013,17,TEN,HOU,16,10,0,7.0,44.5
2013,17,IND,JAX,30,10,0,11.0,45.0
2013,17,LAC,KC,27,24,0,15.5,45.0
2013,17,MIA,NYJ,7,20,0,7.5,41.0
2013,17,DAL,PHI,22,24,0,-7.5,54.0
2013,17,ARI,SF,20,23,0,3.0,41.0
2013,17,SEA,LA,27,9,0,13.0,41.0
2013,17,NO,TB,42,17,0,11.0,47.0
2013,17,NYG,WAS,20,6,0,3.5,44.0
2013,18,IND,KC,45,44,0,-2.0,48.0
2013,18,PHI,NO,24,26,0,3.0,55.5
2013,18,CIN,LAC,10,27,0,6.5,47.5
2013,18,GB,SF,20,23,0,-3.0,46.5
2013,19,NE,IND,43,22,0,7.5,51.0
2013,19,SEA,NO,23,15,0,10.0,44.0
2013,19,DEN,LAC,24,17,0,8.0,55.0
2013,19,CAR,SF,10,23,0,-0.0,41.0
2013,20,DEN,NE,26,16,0,5.0,56.5
2013,20,SEA,SF,23,17,0,4.0,40.0
2013,21,DEN,SEA,8,43,1,1.5,47.0
2014,1,SEA,GB,36,16,0,4.5,46.5
2014,1,CHI,BUF,20,23,0,7.0,47.0
2014,1,TB,CAR,14,20,0,5.5,38.5
2014,1,BAL,CIN,16,23,0,1.0,43.5
2014,1,PIT,CLE,30,27,0,5.5,41.5
2014,1,DEN,IND,31,24,0,8.0,52.5
2014,1,PHI,JAX,34,17,0,10.0,49.0
2014,1,LA,MIN,6,34,0,3.0,43.5
2014,1,MIA,NE,33,20,0,-3.5,47.5
2014,1,ATL,NO,37,34,0,-3.0,51.0
2014,1,NYJ,LV,19,14,0,6.5,41.0
2014,1,DAL,SF,17,28,0,-3.5,49.0
2014,1,KC,TEN,10,26,0,3.0,45.5
2014,1,HOU,WAS,17,6,0,3.0,43.5
2014,1,DET,NYG,35,14,0,6.5,45.0
2014,1,ARI,LAC,18,17,0,3.0,45.5
2014,2,BAL,PIT,26,6,0,2.5,44.0
2014,2,NYG,ARI,14,25,0,1.0,41.5
2014,2,CIN,ATL,24,10,0,5.5,48.5
2014,2,SF,CHI,20,28,0,7.0,47.0
2014,2,TEN,DAL,10,26,0,3.0,49.5
2014,2,CAR,DET,24,7,0,1.0,43.5
2014,2,LV,HOU,14,30,0,-3.0,41.0
2014,2,WAS,JAX,41,10,0,5.0,43.0
2014,2,DEN,KC,24,17,0,13.0,49.0
2014,2,BUF,MIA,29,10,0,1.0,43.0
2014,2,MIN,NE,7,30,0,-3.5,49.0
2014,2,CLE,NO,26,24,0,-4.5,49.5
2014,2,GB,NYJ,31,24,0,7.0,46.5
2014,2,LAC,SEA,30,21,0,-4.5,45.0
2014,2,TB,LA,17,19,0,4.0,37.5
2014,2,IND,PHI,27,30,0,3.0,53.5
2014,3,ATL,TB,56,14,0,6.5,47.0
2014,3,CLE,BAL,21,23,0,-2.0,43.0
2014,3,LA,DAL,31,34,0,-1.5,45.0
2014,3,SEA,DEN,26,20,0,4.0,48.0
2014,3,DET,GB,19,7,0,1.5,51.0
2014,3,NYG,HOU,30,17,0,1.0,41.5
2014,3,JAX,IND,17,44,0,-6.0,45.5
2014,3,MIA,KC,15,34,0,6.0,43.0
2014,3,NO,MIN,20,9,0,10.0,49.5
2014,3,NE,LV,16,9,0,14.0,47.5
2014,3,CAR,PIT,19,37,0,3.0,42.5
2014,3,BUF,LAC,10,22,0,2.5,45.5
2014,3,ARI,SF,23,14,0,-3.0,41.0
2014,3,CIN,TEN,33,7,0,6.5,44.5
2014,3,PHI,WAS,37,34,0,4.0,50.5
2014,3,NYJ,CHI,19,27,0,1.5,44.5
2014,4,WAS,NYG,14,45,0,3.0,44.5
2014,4,MIN,ATL,41,28,0,-5.5,48.0
2014,4,HOU,BUF,23,17,0,3.0,44.0
2014,4,BAL,CAR,38,10,0,3.5,42.5
2014,4,NYJ,DET,17,24,0,2.0,43.5
2014,4,CHI,GB,17,38,0,-2.0,51.0
2014,4,LAC,JAX,33,14,0,13.0,45.0
2014,4,LV,MIA,14,38,1,-4.0,41.0
2014,4,DAL,NO,38,17,0,-3.0,53.5
2014,4,SF,PHI,26,21,0,3.5,48.5
2014,4,PIT,TB,24,27,0,7.5,44.5
2014,4,IND,TEN,41,17,0,7.5,45.5
2014,4,KC,NE,41,14,0,-3.0,45.0
2014,5,GB,MIN,42,10,0,8.5,46.5
2014,5,DEN,ARI,41,20,0,8.0,47.0
2014,5,NYG,ATL,30,20,0,4.0,50.5
2014,5,IND,BAL,20,13,0,2.5,49.5
2014,5,DET,BUF,14,17,0,4.5,43.0
2014,5,CAR,CHI,31,24,0,1.5,46.5
2014,5,NE,CIN,43,17,0,-2.5,46.0
2014,5,TEN,CLE,28,29,0,-1.0,44.5
2014,5,DAL,HOU,20,17,0,5.0,47.5
2014,5,SF,KC,22,17,0,4.0,43.5
2014,5,LAC,NYJ,31,0,0,7.0,44.5
2014,5,JAX,PIT,9,17,0,-6.0,47.0
2014,5,PHI,LA,34,28,0,3.5,48.0
2014,5,NO,TB,37,31,0,11.0,47.5
2014,5,WAS,SEA,17,27,0,-7.0,45.5
2014,6,HOU,IND,28,33,0,-2.5,46.0
2014,6,TB,BAL,17,48,0,-3.5,44.0
2014,6,CIN,CAR,37,37,0,7.0,43.5
2014,6,ATL,CHI,13,27,0,3.5,55.5
2014,6,SEA,DAL,23,30,0,10.0,47.0
2014,6,NYJ,DEN,17,31,0,-10.0,47.0
2014,6,MIN,DET,3,17,0,1.0,43.0
2014,6,MIA,GB,24,27,0,-1.5,46.5
2014,6,TEN,JAX,16,14,0,4.0,42.5
2014,6,BUF,NE,22,37,0,1.0,44.0
2014,6,PHI,NYG,27,0,0,1.0,50.5
2014,6,CLE,PIT,31,10,0,2.5,46.5
2014,6,LV,LAC,28,31,0,-7.0,43.5
2014,6,ARI,WAS,30,20,0,5.0,47.0
2014,6,LA,SF,17,31,0,-3.5,44.0
2014,7,NE,NYJ,27,25,0,9.5,44.5
2014,7,LV,ARI,13,24,0,-3.5,46.0
2014,7,BAL,ATL,29,7,0,7.0,49.5
2014,7,GB,CAR,38,17,0,6.5,48.5
2014,7,IND,CIN,27,0,0,3.0,50.5
2014,7,JAX,CLE,24,6,0,-4.0,44.5
2014,7,LAC,KC,20,23,0,3.0,46.0
2014,7,CHI,MIA,14,27,0,3.0,47.5
2014,7,BUF,MIN,17,16,0,7.0,43.5
2014,7,DET,NO,24,23,0,1.5,45.5
2014,7,DAL,NYG,31,21,0,5.0,47.0
2014,7,LA,SEA,28,26,0,-7.0,43.5
2014,7,DEN,SF,42,17,0,7.0,48.0
2014,7,WAS,TEN,19,17,0,6.0,46.0
2014,7,PIT,HOU,30,23,0,3.0,44.5
2014,8,DEN,LAC,35,21,0,9.0,51.0
2014,8,CIN,BAL,27,24,0,-2.5,44.5
2014,8,NYJ,BUF,23,43,0,3.0,40.0
2014,8,NE,CHI,51,23,0,5.5,51.0
2014,8,ATL,DET,21,22,1,-3.5,45.0
2014,8,NO,GB,44,23,0,2.0,55.0
2014,8,TEN,HOU,16,30,0,-3.5,43.0
2014,8,PIT,IND,51,34,0,-5.0,48.0
2014,8,JAX,MIA,13,27,0,-7.0,42.0
2014,8,TB,MIN,13,19,0,1.0,43.0
2014,8,CLE,LV,23,13,0,6.5,44.5
2014,8,ARI,PHI,24,20,0,1.0,49.0
2014,8,CAR,SEA,9,13,0,-6.0,44.5
2014,8,KC,LA,34,7,0,7.5,44.5
2014,8,DAL,WAS,17,20,0,9.5,49.0
2014,9,CAR,NO,10,28,0,-3.0,48.5
2014,9,DAL,ARI,17,28,0,1.5,45.0
2014,9,PIT,BAL,43,23,0,2.5,47.5
2014,9,NE,DEN,43,21,0,-3.0,52.5
2014,9,CIN,JAX,33,23,0,10.0,44.0
2014,9,KC,NYJ,24,10,0,9.5,41.5
2014,9,SEA,LV,30,24,0,13.5,43.5
2014,9,HOU,PHI,21,31,0,-1.5,48.5
2014,9,MIA,LAC,37,0,0,3.0,45.5
2014,9,SF,LA,10,13,0,10.5,44.0
2014,9,CLE,TB,22,17,0,7.0,44.0
2014,9,MIN,WAS,29,26,0,-1.0,43.5
2014,9,NYG,IND,24,40,0,-3.0,51.0
2014,10,CIN,CLE,3,24,0,6.5,45.5
2014,10,TB,ATL,17,27,0,-3.5,47.0
2014,10,GB,CHI,55,14,0,9.5,53.0
2014,10,JAX,DAL,17,31,1,-7.5,45.0
2014,10,LV,DEN,17,41,0,-13.0,50.5
2014,10,BUF,KC,13,17,0,2.0,42.0
2014,10,DET,MIA,20,16,0,3.0,43.0
2014,10,SEA,NYG,38,17,0,9.0,44.5
2014,10,NYJ,PIT,20,13,0,-4.5,47.0
2014,10,NO,SF,24,27,0,6.0,49.5
2014,10,ARI,LA,31,14,0,7.0,43.0
2014,10,BAL,TEN,21,7,0,10.5,44.5
2014,10,PHI,CAR,45,21,0,7.0,48.5
2014,11,MIA,BUF,22,9,0,4.0,40.5
2014,11,CAR,ATL,17,19,0,-2.5,46.5
2014,11,NO,CIN,10,27,0,8.5,51.0
2014,11,LA,DEN,22,7,0,-8.0,49.5
2014,11,ARI,DET,14,6,0,-1.0,41.5
2014,11,CLE,HOU,7,23,0,4.5,42.0
2014,11,CHI,MIN,21,13,0,2.5,46.5
2014,11,IND,NE,20,42,0,3.0,58.0
2014,11,LAC,LV,13,6,0,10.5,45.5
2014,11,GB,PHI,53,20,0,4.5,55.5
2014,11,KC,SEA,24,20,0,-1.0,43.5
2014,11,NYG,SF,10,16,0,-4.0,45.0
2014,11,WAS,TB,7,27,0,6.5,45.5
2014,11,TEN,PIT,24,27,0,-7.0,46.5
2014,12,LV,KC,24,20,0,-7.5,42.0
2014,12,SEA,ARI,19,3,0,7.5,42.0
2014,12,HOU,CIN,13,22,0,3.0,44.5
2014,12,ATL,CLE,24,26,0,3.0,48.5
2014,12,NYG,DAL,28,31,0,-4.0,48.5
2014,12,NE,DET,34,9,0,7.5,47.5
2014,12,MIN,GB,21,24,0,-7.5,50.0
2014,12,IND,JAX,23,3,0,13.0,49.0
2014,12,DEN,MIA,39,36,0,6.5,47.5
2014,12,LAC,LA,27,24,0,4.0,43.5
2014,12,CHI,TB,21,13,0,4.0,47.0
2014,12,PHI,TEN,43,24,0,11.0,49.0
2014,12,SF,WAS,17,13,0,9.0,44.0
2014,12,NO,BAL,27,34,0,2.5,50.5
2014,12,BUF,NYJ,38,3,1,2.5,42.0
2014,13,DET,CHI,34,17,0,7.5,46.0
2014,13,DAL,PHI,10,33,0,3.0,56.5
2014,13,SF,SEA,3,19,0,1.0,40.0
2014,13,ATL,ARI,29,18,0,-1.5,45.5
2014,13,MIN,CAR,31,13,0,2.5,41.5
2014,13,TB,CIN,13,14,0,-6.0,43.5
2014,13,BUF,CLE,26,10,0,3.0,42.0
2014,13,KC,DEN,16,29,0,1.0,49.0
2014,13,GB,NE,26,21,0,3.0,57.0
2014,13,PIT,NO,32,35,0,3.5,54.5
2014,13,JAX,NYG,25,24,0,-3.0,44.0
2014,13,LA,LV,52,0,0,6.5,43.0
2014,13,BAL,LAC,33,34,0,6.5,45.5
2014,13,HOU,TEN,45,21,0,7.0,43.0
2014,13,IND,WAS,49,27,0,7.5,48.5
2014,13,NYJ,MIA,13,16,0,-6.5,41.5
2014,14,CHI,DAL,28,41,0,-3.5,50.5
2014,14,MIA,BAL,13,28,0,3.0,45.0
2014,14,DEN,BUF,24,17,0,9.0,47.0
2014,14,NO,CAR,10,41,0,8.5,50.5
2014,14,JAX,HOU,13,27,0,-6.5,41.5
2014,14,CLE,IND,24,25,0,-3.0,50.0
2014,14,ARI,KC,17,14,0,-2.5,41.5
2014,14,LAC,NE,14,23,0,-4.0,53.0
2014,14,TEN,NYG,7,36,0,-3.0,46.5
2014,14,MIN,NYJ,30,24,0,4.5,40.5
2014,14,CIN,PIT,21,42,0,3.0,47.0
2014,14,PHI,SEA,14,24,0,-1.5,48.0
2014,14,LV,SF,24,13,0,-8.0,40.0
2014,14,WAS,LA,0,24,0,-2.5,44.5
2014,14,DET,TB,34,17,0,10.5,42.0
2014,14,GB,ATL,43,37,0,13.5,54.5
2014,15,LA,ARI,6,12,0,6.0,40.5
2014,15,CLE,CIN,0,30,0,2.5,44.0
2014,15,PHI,DAL,27,38,0,3.5,54.5
2014,15,LAC,DEN,10,22,0,-4.0,49.0
2014,15,BUF,GB,21,13,0,-3.5,49.5
2014,15,IND,HOU,17,10,0,7.0,49.0
2014,15,BAL,JAX,20,12,0,14.0,44.5
2014,15,NE,MIA,41,13,0,9.5,49.0
2014,15,DET,MIN,16,14,0,8.0,42.5
2014,15,TEN,NYJ,11,16,0,-3.5,42.0
2014,15,KC,LV,31,13,0,11.0,41.5
2014,15,ATL,PIT,20,27,0,-3.0,55.0
2014,15,SEA,SF,17,7,0,10.0,38.0
2014,15,CAR,TB,19,17,0,3.5,41.0
2014,15,NYG,WAS,24,13,0,7.0,46.5
2014,15,CHI,NO,15,31,0,-3.0,53.5
2014,16,JAX,TEN,21,13,0,4.0,39.0
2014,16,WAS,PHI,27,24,0,-7.0,51.0
2014,16,SF,LAC,35,38,0,2.0,40.5
2014,16,NO,ATL,14,30,0,6.0,56.0
2014,16,HOU,BAL,25,13,0,-6.0,42.0
2014,16,LV,BUF,26,24,0,-7.0,42.0
2014,16,CAR,CLE,17,13,0,6.0,40.0
2014,16,CHI,DET,14,20,0,-10.0,44.5
2014,16,TB,GB,3,20,0,-11.5,48.5
2014,16,DAL,IND,42,7,0,3.5,53.0
2014,16,PIT,KC,20,12,0,2.5,49.5
2014,16,MIA,MIN,37,35,0,4.5,42.0
2014,16,NYJ,NE,16,17,0,-10.0,47.0
2014,16,LA,NYG,27,37,0,7.0,43.5
2014,16,ARI,SEA,6,35,0,-9.5,36.5
2014,16,CIN,DEN,37,28,0,-3.5,47.0
2014,17,SF,ARI,20,17,0,6.0,38.0
2014,17,NE,BUF,9,17,0,4.5,43.5
2014,17,ATL,CAR,3,34,0,2.5,48.0
2014,17,MIN,CHI,13,9,0,7.0,47.0
2014,17,PIT,CIN,27,17,0,3.0,48.0
2014,17,BAL,CLE,20,10,0,14.0,40.0
2014,17,WAS,DAL,17,44,0,-6.0,47.5
2014,17,GB,DET,30,20,0,9.0,46.5
2014,17,TEN,IND,10,27,0,-7.5,46.5
2014,17,HOU,JAX,23,17,0,8.5,38.5
2014,17,TB,NO,20,23,0,-6.0,47.0
2014,17,MIA,NYJ,24,37,0,7.0,41.0
2014,17,DEN,LV,47,14,0,16.5,49.0
2014,17,NYG,PHI,26,34,0,-1.0,51.5
2014,17,KC,LAC,19,7,0,3.0,42.5
2014,17,SEA,LA,20,6,0,11.0,41.5
2014,18,CAR,ARI,27,16,0,5.5,37.5
2014,18,PIT,BAL,17,30,0,3.0,47.5
2014,18,IND,CIN,26,10,0,3.5,47.0
2014,18,DAL,DET,24,20,0,6.0,47.5
2014,19,NE,BAL,35,31,0,7.0,47.5
2014,19,SEA,CAR,31,17,0,13.5,40.0
2014,19,GB,DAL,26,21,0,5.5,52.5
2014,19,DEN,IND,13,24,0,9.5,53.5
2014,20,SEA,GB,28,22,0,8.5,44.5
2014,20,NE,IND,45,7,0,7.0,52.0
2014,21,SEA,NE,24,28,1,-1.0,47.0
2015,1,NE,PIT,28,21,0,7.5,51.0
2015,1,DEN,BAL,19,13,0,4.5,46.5
2015,1,JAX,CAR,9,20,0,-3.0,41.0
2015,1,LV,CIN,13,33,0,-3.0,43.0
2015,1,NYJ,CLE,31,10,0,3.5,39.0
2015,1,LAC,DET,33,28,0,3.5,45.5
2015,1,CHI,GB,23,31,0,-5.5,48.5
2015,1,BUF,IND,27,14,0,-1.0,44.5
2015,1,HOU,KC,20,27,0,-1.0,41.0
2015,1,WAS,MIA,10,17,0,-4.0,45.5
2015,1,ARI,NO,31,19,0,2.0,48.5
2015,1,DAL,NYG,27,26,0,7.0,52.0
2015,1,LA,SEA,34,31,0,-3.5,41.5
2015,1,TB,TEN,14,42,0,3.0,40.5
2015,1,SF,MIN,20,3,0,-2.5,42.5
2015,1,ATL,PHI,26,24,0,-3.5,55.0
2015,2,KC,DEN,24,31,0,3.0,42.0
2015,2,CHI,ARI,23,48,0,-2.0,45.5
2015,2,NYG,ATL,20,24,0,2.0,49.5
2015,2,LV,BAL,37,33,0,-6.0,42.0
2015,2,PHI,DAL,10,20,0,7.0,53.0
2015,2,MIN,DET,26,16,0,2.5,44.0
2015,2,CAR,HOU,24,17,0,3.0,41.0
2015,2,JAX,MIA,23,20,0,-5.0,42.5
2015,2,BUF,NE,32,40,0,2.0,45.0
2015,2,CIN,LAC,24,19,0,3.5,47.5
2015,2,GB,SEA,27,17,0,3.5,49.0
2015,2,PIT,SF,43,18,0,6.0,46.0
2015,2,WAS,LA,24,10,0,-3.0,41.0
2015,2,NO,TB,19,26,0,9.5,47.0
2015,2,CLE,TEN,28,14,0,1.0,41.0
2015,2,IND,NYJ,7,20,0,6.0,45.5
2015,3,NYG,WAS,32,21,0,3.0,45.0
2015,3,DAL,ATL,28,39,0,1.0,43.5
2015,3,MIA,BUF,14,41,0,1.0,43.5
2015,3,SEA,CHI,26,0,0,16.5,43.5
2015,3,BAL,CIN,24,28,0,2.5,45.5
2015,3,DET,DEN,12,24,0,-3.0,45.0
2015,3,TEN,IND,33,35,0,-3.0,46.5
2015,3,NE,JAX,51,17,0,14.5,48.5
2015,3,CAR,NO,27,22,0,10.0,43.0
2015,3,CLE,LV,20,27,0,3.5,43.5
2015,3,NYJ,PHI,17,24,0,3.0,47.0
2015,3,LA,PIT,6,12,0,1.5,48.5
2015,3,MIN,LAC,31,14,0,2.5,45.5
2015,3,ARI,SF,47,7,0,7.0,45.0
2015,3,HOU,TB,19,9,0,6.0,41.0
2015,3,GB,KC,38,28,0,4.5,47.0
2015,4,PIT,BAL,20,23,0,-3.0,44.0
2015,4,TB,CAR,23,37,0,-3.0,40.0
2015,4,LAC,CLE,30,27,0,4.5,44.5
2015,4,NO,DAL,26,20,0,3.0,48.0
2015,4,SF,GB,3,17,0,-7.5,48.0
2015,4,ATL,HOU,48,21,0,4.0,47.5
2015,4,IND,JAX,16,13,0,4.0,43.0
2015,4,CIN,KC,36,21,0,3.5,45.0
2015,4,DEN,MIN,23,20,0,7.0,43.5
2015,4,BUF,NYG,10,24,0,6.0,46.5
2015,4,MIA,NYJ,14,27,1,-2.5,42.0
2015,4,CHI,LV,22,20,0,-3.0,44.5
2015,4,WAS,PHI,23,20,0,-3.0,46.0
2015,4,ARI,LA,22,24,0,7.0,43.5
2015,4,SEA,DET,13,10,0,10.0,43.0
2015,5,HOU,IND,20,27,0,4.5,40.5
2015,5,DET,ARI,17,42,0,-4.5,46.0
2015,5,TEN,BUF,13,14,0,1.0,43.0
2015,5,KC,CHI,17,18,0,10.0,44.0
2015,5,BAL,CLE,30,33,0,6.0,43.0
2015,5,LV,DEN,10,16,0,-5.0,44.5
2015,5,TB,JAX,38,31,0,1.0,41.0
2015,5,DAL,NE,6,30,0,-8.0,51.0
2015,5,PHI,NO,39,17,0,6.5,49.5
2015,5,CIN,SEA,27,24,0,3.0,44.5
2015,5,NYG,SF,30,27,0,7.5,43.5
2015,5,GB,LA,24,10,0,8.5,45.0
2015,5,ATL,WAS,25,19,0,7.5,48.5
2015,5,LAC,PIT,20,24,0,4.0,45.5
2015,6,NO,ATL,31,21,0,-3.0,52.0
2015,6,PIT,ARI,25,13,0,-5.5,45.0
2015,6,SF,BAL,25,20,0,-2.5,43.5
2015,6,SEA,CAR,23,27,0,7.0,41.0
2015,6,DET,CHI,37,34,0,3.5,45.0
2015,6,BUF,CIN,21,34,0,-3.0,42.5
2015,6,CLE,DEN,23,26,0,-3.5,41.5
2015,6,JAX,HOU,20,31,0,2.5,43.5
2015,6,MIN,KC,16,10,0,3.5,43.0
2015,6,TEN,MIA,10,38,0,2.5,44.0
2015,6,IND,NE,27,34,0,-8.0,53.5
2015,6,GB,LAC,27,20,0,10.5,50.0
2015,6,NYJ,WAS,34,20,0,7.5,39.5
2015,6,PHI,NYG,27,7,0,3.5,50.5
2015,7,SF,SEA,3,20,0,-6.5,41.5
2015,7,TEN,ATL,7,10,0,-5.5,45.5
2015,7,JAX,BUF,34,31,1,-3.5,41.0
2015,7,LA,CLE,24,6,0,6.5,43.5
2015,7,NYG,DAL,27,20,0,3.0,44.5
2015,7,MIA,HOU,44,26,0,4.5,46.5
2015,7,DET,MIN,19,28,0,1.0,44.5
2015,7,IND,NO,21,27,0,5.5,52.5
2015,7,NE,NYJ,30,23,0,7.0,47.0
2015,7,LAC,LV,29,37,0,3.5,48.0
2015,7,CAR,PHI,27,16,0,3.0,46.0
2015,7,KC,PIT,23,13,0,4.0,41.5
2015,7,WAS,TB,31,30,0,3.0,42.0
2015,7,ARI,BAL,26,18,0,10.0,49.5
2015,8,NE,MIA,36,7,0,8.0,51.0
2015,8,CLE,ARI,20,34,0,-7.0,46.0
2015,8,PIT,CIN,10,16,0,1.0,49.0
2015,8,KC,DET,45,10,1,3.0,45.0
2015,8,DEN,GB,29,10,0,-2.5,46.0
2015,8,CHI,MIN,20,23,0,-1.0,43.5
2015,8,NO,NYG,52,49,0,3.0,51.5
2015,8,LV,NYJ,34,20,0,-3.0,43.5
2015,8,BAL,LAC,29,26,0,4.5,50.0
2015,8,DAL,SEA,12,13,0,-4.5,41.5
2015,8,LA,SF,27,6,0,8.0,41.0
2015,8,ATL,TB,20,23,0,8.0,47.5
2015,8,HOU,TEN,20,6,0,3.5,43.0
2015,8,CAR,IND,29,26,0,5.0,44.5
2015,9,CIN,CLE,31,10,0,13.0,45.5
2015,9,SF,ATL,17,16,0,-9.5,43.5
2015,9,IND,DEN,27,24,0,-3.5,45.0
2015,9,CAR,GB,37,29,0,-2.0,45.5
2015,9,NYJ,JAX,28,23,0,7.5,42.0
2015,9,BUF,MIA,33,17,0,4.0,44.0
2015,9,TB,NYG,18,32,0,-1.5,49.0
2015,9,PIT,LV,38,35,0,6.0,47.5
2015,9,DAL,PHI,27,33,0,-3.0,43.5
2015,9,MIN,LA,21,18,0,2.0,40.0
2015,9,NO,TEN,28,34,0,7.0,50.0
2015,9,NE,WAS,27,10,0,13.5,51.5
2015,9,LAC,CHI,19,22,0,3.5,49.0
2015,10,NYJ,BUF,17,22,0,2.5,41.5
2015,10,SEA,ARI,32,39,0,3.0,43.5
2015,10,TEN,CAR,10,27,0,-3.5,42.5
2015,10,LA,CHI,13,37,0,7.5,42.0
2015,10,PIT,CLE,30,9,0,7.0,43.5
2015,10,TB,DAL,10,6,0,-1.0,43.5
2015,10,GB,DET,16,18,0,10.5,50.0
2015,10,BAL,JAX,20,22,0,4.0,47.0
2015,10,DEN,KC,13,29,0,4.0,42.0
2015,10,PHI,MIA,19,20,0,5.5,49.0
2015,10,LV,MIN,14,30,0,3.0,44.0
2015,10,NYG,NE,26,27,0,-7.0,52.5
2015,10,WAS,NO,47,14,0,-1.0,52.0
2015,10,CIN,HOU,6,10,0,10.0,46.5
2015,11,JAX,TEN,19,13,0,3.0,41.5
2015,11,ARI,CIN,34,31,0,4.0,48.0
2015,11,MIA,DAL,14,24,0,-2.5,45.0
2015,11,CHI,DEN,15,17,0,-2.5,41.5
2015,11,MIN,GB,13,30,0,-1.0,45.0
2015,11,ATL,IND,21,24,0,3.5,47.5
2015,11,LAC,KC,3,33,0,-3.0,45.5
2015,11,HOU,NYJ,24,17,0,-4.0,40.0
2015,11,DET,LV,18,13,0,-2.0,50.0
2015,11,SEA,SF,29,13,0,14.0,40.0
2015,11,BAL,LA,16,13,0,3.0,41.0
2015,11,PHI,TB,17,45,0,7.0,46.0
2015,11,CAR,WAS,44,16,0,7.0,44.0
2015,11,NE,BUF,20,13,0,7.0,47.5
2015,12,DAL,CAR,14,33,0,-1.0,44.5
2015,12,GB,CHI,13,17,0,7.5,45.0
2015,12,DET,PHI,45,14,0,3.0,46.5
2015,12,SF,ARI,13,19,0,-7.5,45.0
2015,12,KC,BUF,30,22,0,4.5,41.0
2015,12,NYJ,MIA,38,20,0,4.5,44.0
2015,12,ATL,MIN,10,20,0,2.0,45.0
2015,12,DEN,NE,30,24,0,-2.5,43.0
2015,12,HOU,NO,24,6,0,3.5,50.5
2015,12,WAS,NYG,20,14,0,-1.0,47.5
2015,12,TEN,LV,21,24,0,-1.0,45.0
2015,12,SEA,PIT,39,30,0,3.0,46.5
2015,12,JAX,LAC,25,31,0,5.0,47.0
2015,12,CIN,LA,31,7,0,10.5,42.0
2015,12,IND,TB,25,12,0,3.0,46.5
2015,12,CLE,BAL,27,33,0,6.0,41.0
2015,13,DET,GB,23,27,0,-2.5,46.0
2015,13,LA,ARI,3,27,0,-3.5,43.0
2015,13,TB,ATL,23,19,0,1.0,46.5
2015,13,MIA,BAL,15,13,0,3.5,43.0
2015,13,NO,CAR,38,41,0,-5.5,50.5
2015,13,CLE,CIN,3,37,0,-7.5,44.0
2015,13,LAC,DEN,3,17,0,-6.0,45.0
2015,13,BUF,HOU,30,21,0,3.0,42.0
2015,13,PIT,IND,45,10,0,10.0,50.5
2015,13,TEN,JAX,42,39,0,3.0,43.5
2015,13,LV,KC,20,34,0,-3.0,45.5
2015,13,NYG,NYJ,20,23,0,-2.0,45.5
2015,13,NE,PHI,28,35,0,9.5,49.5
2015,13,MIN,SEA,7,38,0,-2.5,43.0
2015,13,CHI,SF,20,26,0,6.0,43.0
2015,13,WAS,DAL,16,19,0,2.0,43.0
2015,14,ARI,MIN,23,20,0,10.0,46.5
2015,14,CAR,ATL,38,0,0,8.5,45.5
2015,14,PHI,BUF,23,20,0,1.0,48.0
2015,14,GB,DAL,28,7,0,6.0,43.0
2015,14,LA,DET,21,14,0,-3.0,41.5
2015,14,JAX,IND,51,16,0,1.0,45.5
2015,14,HOU,NE,6,27,0,-4.0,46.0
2015,14,TB,NO,17,24,0,6.0,52.0
2015,14,DEN,LV,12,15,0,6.0,43.0
2015,14,CIN,PIT,20,33,0,1.0,49.0
2015,14,KC,LAC,10,3,0,11.5,42.0
2015,14,BAL,SEA,6,35,0,-10.5,42.0
2015,14,CLE,SF,24,10,0,2.5,43.0
2015,14,NYJ,TEN,30,8,0,8.0,43.0
2015,14,CHI,WAS,21,24,0,4.0,42.5
2015,14,MIA,NYG,24,31,0,-2.5,47.5
2015,15,LA,TB,31,23,0,1.0,41.0
2015,15,DAL,NYJ,16,19,0,-3.0,41.0
2015,15,PHI,ARI,17,40,0,-3.5,50.5
2015,15,JAX,ATL,17,23,0,2.0,47.5
2015,15,WAS,BUF,35,25,0,-2.5,46.0
2015,15,NYG,CAR,35,38,0,-4.5,46.5
2015,15,MIN,CHI,38,17,0,4.0,43.5
2015,15,SF,CIN,14,24,0,-7.0,41.0
2015,15,SEA,CLE,30,13,0,14.5,45.0
2015,15,PIT,DEN,34,27,0,7.5,45.5
2015,15,LV,GB,20,30,0,-4.0,47.0
2015,15,IND,HOU,10,16,0,2.5,42.0
2015,15,BAL,KC,14,34,0,-6.5,41.0
2015,15,LAC,MIA,30,14,0,1.0,46.5
2015,15,NE,TEN,33,16,0,14.5,48.0
2015,15,NO,DET,27,35,0,2.5,52.0
2015,16,LV,LAC,23,20,0,4.0,45.0
2015,16,PHI,WAS,24,38,0,3.5,48.0
2015,16,ATL,CAR,20,13,0,-7.0,45.5
2015,16,TB,CHI,21,26,0,3.0,44.0
2015,16,KC,CLE,17,13,0,11.5,42.5
2015,16,BUF,DAL,16,6,0,6.5,42.0
2015,16,ARI,GB,38,8,0,6.0,50.0
2015,16,TEN,HOU,6,34,0,-3.5,39.0
2015,16,MIA,IND,12,18,0,2.5,44.0
2015,16,NO,JAX,38,27,0,2.5,52.5
2015,16,NYJ,NE,26,20,0,-2.5,45.5
2015,16,MIN,NYG,49,17,0,7.0,44.5
2015,16,BAL,PIT,20,17,0,-11.0,47.5
2015,16,DET,SF,32,17,0,8.5,42.5
2015,16,SEA,LA,17,23,0,11.0,42.0
2015,16,DEN,CIN,20,17,0,3.5,39.0
2015,17,CIN,BAL,24,16,0,10.0,40.5
2015,17,CHI,DET,20,24,0,-2.5,45.0
2015,17,HOU,JAX,30,6,0,5.0,45.0
2015,17,GB,MIN,13,20,0,3.0,44.0
2015,17,MIA,NE,20,10,0,-10.0,46.5
2015,17,ATL,NO,17,20,0,6.0,53.5
2015,17,BUF,NYJ,22,17,0,-2.5,41.0
2015,17,KC,LV,23,17,0,6.5,43.5
2015,17,NYG,PHI,30,35,0,4.0,51.0
2015,17,CLE,PIT,12,28,0,-13.0,47.0
2015,17,DEN,LAC,27,20,0,10.0,42.0
2015,17,ARI,SEA,6,36,0,6.0,46.5
2015,17,SF,LA,19,16,0,-3.0,39.0
2015,17,CAR,TB,38,10,0,10.0,44.0
2015,17,IND,TEN,30,24,0,3.5,39.0
2015,17,DAL,WAS,23,34,0,3.0,41.0
2015,18,HOU,KC,0,30,0,-3.0,39.5
2015,18,CIN,PIT,16,18,0,-2.0,46.0
2015,18,WAS,GB,18,35,0,2.0,47.0
2015,18,MIN,SEA,9,10,0,-4.0,40.0
2015,19,ARI,GB,26,20,0,7.0,49.0
2015,19,NE,KC,27,20,0,6.0,44.0
2015,19,DEN,PIT,23,16,0,7.0,41.5
2015,19,CAR,SEA,31,24,0,2.5,41.5
2015,20,CAR,ARI,49,15,0,3.5,47.0
2015,20,DEN,NE,20,18,0,-2.5,45.0
2015,21,DEN,CAR,24,10,1,-4.5,43.0
2016,1,DEN,CAR,21,20,0,-3.0,40.5
2016,1,BAL,BUF,13,7,0,3.0,44.5
2016,1,HOU,CHI,23,14,0,5.5,43.0
2016,1,NYJ,CIN,22,23,0,1.0,42.0
2016,1,PHI,CLE,29,10,0,3.5,41.0
2016,1,IND,DET,35,39,0,2.5,51.5
2016,1,JAX,GB,23,27,0,-3.5,47.0
2016,1,SEA,MIA,12,10,0,10.5,43.5
2016,1,TEN,MIN,16,25,0,-2.5,40.0
2016,1,ARI,NE,21,23,0,9.0,44.5
2016,1,DAL,NYG,19,20,0,1.0,47.5
2016,1,NO,LV,34,35,0,2.5,50.0
2016,1,KC,LAC,33,27,0,6.5,45.5
2016,1,ATL,TB,24,31,0,2.5,46.5
2016,1,SF,LA,28,0,0,-2.5,44.0
2016,1,WAS,PIT,16,38,0,-2.5,49.0
2016,2,BUF,NYJ,31,37,0,1.5,40.5
2016,2,LV,ATL,28,35,0,4.0,47.5
2016,2,CLE,BAL,20,25,0,-4.0,42.0
2016,2,PIT,CIN,24,16,0,3.0,48.0
2016,2,WAS,DAL,23,27,0,3.5,47.0
2016,2,MIN,GB,17,14,0,-1.5,43.0
2016,2,DEN,IND,34,20,0,5.0,47.0
2016,2,LAC,JAX,38,14,0,3.0,47.5
2016,2,HOU,KC,19,12,0,-1.0,41.5
2016,2,NE,MIA,31,24,0,5.5,42.0
2016,2,NYG,NO,16,13,0,3.5,54.0
2016,2,LA,SEA,9,3,0,-5.5,38.0
2016,2,CAR,SF,46,27,0,12.0,44.5
2016,2,ARI,TB,40,7,0,7.5,49.5
2016,2,DET,TEN,15,16,0,6.0,48.0
2016,2,CHI,PHI,14,29,0,3.0,42.5
2016,3,NE,HOU,27,0,0,1.0,38.5
2016,3,BUF,ARI,33,18,0,-5.0,48.0
2016,3,JAX,BAL,17,19,0,-1.0,45.0
2016,3,DAL,CHI,31,17,0,6.5,45.0
2016,3,MIA,CLE,30,24,0,10.0,42.0
2016,3,CIN,DEN,17,29,0,3.5,42.0
2016,3,GB,DET,34,27,0,6.0,47.5
2016,3,TB,LA,32,37,0,3.5,40.5
2016,3,CAR,MIN,10,22,0,6.0,43.0
2016,3,KC,NYJ,24,3,0,3.0,44.5
2016,3,TEN,LV,10,17,0,-1.5,47.0
2016,3,PHI,PIT,34,3,0,-3.5,46.5
2016,3,IND,LAC,26,22,0,1.5,51.5
2016,3,SEA,SF,37,18,0,10.5,42.0
2016,3,NYG,WAS,27,29,0,3.5,47.0
2016,3,NO,ATL,32,45,0,2.5,54.0
2016,4,CIN,MIA,22,7,0,7.5,46.0
2016,4,NE,BUF,0,16,0,3.5,41.0
2016,4,ATL,CAR,48,33,0,-2.5,48.5
2016,4,WAS,CLE,31,20,0,7.5,48.0
2016,4,SF,DAL,17,24,0,-1.0,44.0
2016,4,TB,DEN,7,27,0,-3.5,43.0
2016,4,CHI,DET,17,14,0,-3.0,48.0
2016,4,JAX,IND,30,27,1,1.0,48.0
2016,4,PIT,KC,43,14,0,3.0,48.0
2016,4,ARI,LA,13,17,0,10.0,43.5
2016,4,LAC,NO,34,35,0,4.0,54.0
2016,4,BAL,LV,27,28,0,3.5,45.0
2016,4,NYJ,SEA,17,27,0,-1.0,40.0
2016,4,HOU,TEN,27,20,0,4.0,40.0
2016,4,MIN,NYG,24,10,0,3.5,42.5
2016,5,SF,ARI,21,33,0,-3.5,42.5
2016,5,DEN,ATL,16,23,0,3.5,44.5
2016,5,LA,BUF,19,30,0,-2.5,41.5
2016,5,IND,CHI,29,23,0,4.0,47.5
2016,5,DAL,CIN,28,14,0,-2.5,46.0
2016,5,MIN,HOU,31,13,0,6.0,39.0
2016,5,CLE,NE,13,33,0,-10.0,47.5
2016,5,GB,NYG,23,16,0,7.0,49.0
2016,5,PIT,NYJ,31,13,0,10.0,50.0
2016,5,DET,PHI,24,23,0,-3.5,46.0
2016,5,LV,LAC,34,31,0,3.5,50.5
2016,5,MIA,TEN,17,30,0,2.5,44.5
2016,5,BAL,WAS,10,16,0,4.0,44.5
2016,5,CAR,TB,14,17,0,6.0,46.5
2016,6,LAC,DEN,21,13,0,-3.0,44.0
2016,6,SEA,ATL,26,24,0,7.0,45.5
2016,6,NYG,BAL,27,23,0,3.5,42.5
2016,6,NO,CAR,41,38,0,-2.5,53.5
2016,6,NE,CIN,35,17,0,7.5,48.5
2016,6,TEN,CLE,28,26,0,7.5,45.0
2016,6,GB,DAL,16,30,0,5.0,47.0
2016,6,HOU,IND,26,23,0,3.0,47.5
2016,6,CHI,JAX,16,17,0,2.5,46.0
2016,6,LV,KC,10,26,0,-1.0,46.5
2016,6,DET,LA,31,28,0,2.5,44.0
2016,6,WAS,PHI,27,20,0,-3.0,45.0
2016,6,MIA,PIT,30,15,0,-7.5,49.5
2016,6,BUF,SF,45,16,0,7.5,44.0
2016,6,ARI,NYJ,28,3,0,7.5,46.0
2016,7,GB,CHI,26,10,0,7.5,46.5
2016,7,NYJ,BAL,24,16,0,2.0,40.5
2016,7,MIA,BUF,28,25,0,-2.5,46.0
2016,7,CIN,CLE,31,17,0,11.5,46.5
2016,7,TEN,IND,26,34,0,4.0,48.5
2016,7,PHI,MIN,21,10,0,-2.5,39.0
2016,7,PIT,NE,16,27,0,-7.5,49.0
2016,7,KC,NO,27,21,0,6.0,51.0
2016,7,LA,NYG,10,17,1,-3.0,44.5
2016,7,JAX,LV,16,33,0,1.5,47.5
2016,7,ATL,LAC,30,33,0,4.5,52.5
2016,7,ARI,SEA,6,6,0,2.5,43.0
2016,7,SF,TB,17,34,0,1.0,45.0
2016,7,DET,WAS,20,17,0,-1.0,50.0
2016,7,DEN,HOU,27,9,0,8.5,40.0
2016,8,TEN,JAX,36,22,0,3.0,43.5
2016,8,CAR,ARI,30,20,0,2.5,45.5
2016,8,HOU,DET,20,13,0,1.0,46.5
2016,8,ATL,GB,33,32,0,3.0,51.0
2016,8,IND,KC,14,30,0,-3.0,50.5
2016,8,BUF,NE,25,41,0,-5.5,48.0
2016,8,CLE,NYJ,28,31,0,-2.5,45.5
2016,8,TB,LV,24,30,0,1.0,48.0
2016,8,DAL,PHI,29,23,0,5.0,44.0
2016,8,DEN,LAC,27,19,0,3.5,43.0
2016,8,NO,SEA,25,20,0,-1.0,50.0
2016,8,CIN,WAS,27,27,1,3.0,49.0
2016,8,CHI,MIN,20,10,0,-5.5,39.5
2016,9,TB,ATL,28,43,0,-4.5,49.0
2016,9,LA,CAR,10,13,0,-3.0,44.5
2016,9,CLE,DAL,10,35,0,-7.0,49.0
2016,9,LV,DEN,30,20,0,1.0,44.5
2016,9,MIN,DET,16,22,0,4.0,42.5
2016,9,GB,IND,26,31,0,7.5,52.0
2016,9,KC,JAX,19,14,0,7.0,42.5
2016,9,SF,NO,23,41,0,-5.0,53.0
2016,9,MIA,NYJ,27,23,0,3.5,45.0
2016,9,NYG,PHI,28,23,0,3.0,42.5
2016,9,BAL,PIT,21,14,0,-3.5,46.0
2016,9,LAC,TEN,43,35,0,3.5,47.5
2016,9,SEA,BUF,31,25,0,5.5,43.5
2016,10,BAL,CLE,28,7,0,7.5,44.0
2016,10,PHI,ATL,24,15,0,2.0,48.5
2016,10,TB,CHI,36,10,0,-2.5,45.0
2016,10,PIT,DAL,30,35,0,3.0,50.5
2016,10,NO,DEN,23,25,0,3.0,50.0
2016,10,TEN,GB,47,25,0,-3.0,48.5
2016,10,JAX,HOU,21,24,0,3.0,42.0
2016,10,CAR,KC,17,20,0,3.0,44.0
2016,10,NYJ,LA,6,9,0,-1.0,39.0
2016,10,LAC,MIA,24,31,0,4.0,48.5
2016,10,WAS,MIN,26,20,0,2.5,42.0
2016,10,NE,SEA,24,31,0,7.5,49.5
2016,10,ARI,SF,23,20,0,14.0,46.5
2016,10,NYG,CIN,21,20,0,-1.0,49.5
2016,11,CAR,NO,23,20,0,3.5,52.5
2016,11,MIN,ARI,30,24,0,2.0,39.5
2016,11,DAL,BAL,27,17,0,7.0,44.5
2016,11,CIN,BUF,12,16,0,2.5,48.0
2016,11,NYG,CHI,22,16,0,7.0,41.5
2016,11,WAS,GB,42,24,0,2.5,48.5
2016,11,DET,JAX,26,19,0,5.5,47.0
2016,11,LA,MIA,10,14,0,1.0,39.0
2016,11,SF,NE,17,30,0,-10.5,51.5
2016,11,SEA,PHI,26,15,0,6.5,43.0
2016,11,CLE,PIT,9,24,0,-8.0,45.5
2016,11,KC,TB,17,19,0,7.0,45.0
2016,11,IND,TEN,24,17,0,3.0,53.5
2016,11,LV,HOU,27,20,1,6.5,45.5
2016,12,DET,MIN,16,13,0,2.0,42.0
2016,12,IND,PIT,7,28,0,-8.0,50.0
2016,12,DAL,WAS,31,26,0,5.5,53.0
2016,12,ATL,ARI,38,19,0,3.5,49.0
2016,12,LV,CAR,35,32,0,3.5,48.5
2016,12,BAL,CIN,19,14,0,3.5,42.0
2016,12,BUF,JAX,28,21,0,8.5,43.5
2016,12,DEN,KC,27,30,0,3.5,40.0
2016,12,NO,LA,49,21,0,7.5,46.0
2016,12,NYJ,NE,17,22,0,-9.0,48.0
2016,12,CLE,NYG,13,27,0,-6.5,47.0
2016,12,HOU,LAC,13,21,0,-2.5,45.5
2016,12,TB,SEA,14,5,0,-5.0,46.0
2016,12,MIA,SF,31,24,0,7.0,44.5
2016,12,CHI,TEN,21,27,0,-6.5,41.5
2016,12,PHI,GB,13,27,0,4.0,47.0
2016,13,MIN,DAL,15,17,0,-3.0,43.5
2016,13,LV,BUF,38,24,0,3.0,48.5
2016,13,SEA,CAR,40,7,0,8.5,44.0
2016,13,JAX,DEN,10,20,0,-3.5,39.0
2016,13,NO,DET,13,28,0,6.5,53.0
2016,13,GB,HOU,21,13,0,7.0,44.5
2016,13,ATL,KC,28,29,0,5.0,50.0
2016,13,NE,LA,26,10,0,13.0,44.5
2016,13,BAL,MIA,38,6,0,3.5,41.5
2016,13,PIT,NYG,24,14,0,7.0,49.5
2016,13,CIN,PHI,32,14,0,1.0,42.0
2016,13,CHI,SF,26,6,0,-0.0,44.0
2016,13,LAC,TB,21,28,0,3.5,49.0
2016,13,ARI,WAS,31,23,0,2.5,48.5
2016,13,NYJ,IND,10,41,0,1.0,48.5
2016,14,KC,LV,21,13,0,3.5,46.0
2016,14,MIA,ARI,26,23,0,-2.0,44.0
2016,14,LA,ATL,14,42,0,-4.5,44.0
2016,14,DET,CHI,20,17,0,7.5,42.0
2016,14,CLE,CIN,10,23,0,-4.0,42.0
2016,14,NYG,DAL,10,7,0,-3.5,47.0
2016,14,TEN,DEN,13,10,0,2.0,44.0
2016,14,IND,HOU,17,22,0,6.5,47.5
2016,14,JAX,MIN,16,25,0,-3.0,38.0
2016,14,TB,NO,16,11,0,2.0,52.0
2016,14,SF,NYJ,17,23,0,3.0,42.5
2016,14,BUF,PIT,20,27,0,-1.0,45.5
2016,14,CAR,LAC,28,16,0,1.0,48.5
2016,14,GB,SEA,38,10,0,-3.0,47.0
2016,14,PHI,WAS,22,27,0,-1.5,48.5
2016,14,NE,BAL,30,23,0,6.0,45.5
2016,15,SEA,LA,24,3,0,15.0,39.5
2016,15,NYJ,MIA,13,34,0,-2.5,40.0
2016,15,BUF,CLE,33,13,0,10.5,43.5
2016,15,NYG,DET,17,6,0,4.0,42.5
2016,15,CHI,GB,27,30,0,-4.5,40.0
2016,15,MIN,IND,6,34,0,5.0,44.5
2016,15,HOU,JAX,21,20,0,3.5,39.5
2016,15,DEN,NE,3,16,0,-3.0,43.5
2016,15,ARI,NO,41,48,0,3.0,48.5
2016,15,LAC,LV,16,19,0,-2.5,49.5
2016,15,BAL,PHI,27,26,0,5.0,41.0
2016,15,CIN,PIT,20,24,0,-3.0,45.5
2016,15,ATL,SF,41,13,0,13.5,51.5
2016,15,DAL,TB,26,20,0,7.0,47.5
2016,15,KC,TEN,17,19,0,6.0,43.0
2016,15,WAS,CAR,15,26,0,7.0,50.5
2016,16,PHI,NYG,24,19,0,2.0,42.5
2016,16,SEA,ARI,31,34,0,9.0,43.5
2016,16,CAR,ATL,16,33,0,-3.0,48.5
2016,16,HOU,CIN,12,10,0,3.0,41.5
2016,16,LV,IND,33,25,0,3.5,52.0
2016,16,BUF,MIA,31,34,0,4.5,44.5
2016,16,GB,MIN,38,25,0,6.0,44.5
2016,16,NE,NYJ,41,3,0,17.0,45.0
2016,16,CLE,LAC,20,17,0,-4.5,45.0
2016,16,LA,SF,21,22,0,6.0,39.5
2016,16,NO,TB,31,24,0,3.0,53.0
2016,16,JAX,TEN,38,17,0,-4.0,44.0
2016,16,CHI,WAS,21,41,0,-3.0,49.0
2016,16,PIT,BAL,31,27,0,5.5,46.5
2016,16,KC,DEN,33,10,0,3.5,38.5
2016,16,DAL,DET,42,21,0,6.5,47.0
2016,17,LA,ARI,6,44,0,-7.0,39.0
2016,17,CIN,BAL,27,10,0,-2.5,40.5
2016,17,NYJ,BUF,30,10,0,-3.5,43.0
2016,17,TB,CAR,17,16,0,3.5,44.5
2016,17,MIN,CHI,38,10,0,6.0,44.0
2016,17,PIT,CLE,27,24,0,3.5,41.5
2016,17,PHI,DAL,27,13,0,6.5,44.0
2016,17,DET,GB,24,31,0,-3.5,50.0
2016,17,TEN,HOU,24,17,0,3.0,41.5
2016,17,IND,JAX,24,20,0,5.5,48.5
2016,17,LAC,KC,27,37,0,-5.5,45.0
2016,17,MIA,NE,14,35,0,-7.5,47.0
2016,17,ATL,NO,38,32,0,7.5,58.5
2016,17,WAS,NYG,10,19,0,10.0,47.5
2016,17,DEN,LV,24,6,0,1.0,40.0
2016,17,SF,SEA,23,25,0,-11.5,44.5
2016,18,SEA,DET,26,6,0,8.0,45.5
2016,18,HOU,LV,27,14,0,4.0,37.5
2016,18,PIT,MIA,30,12,0,11.0,47.5
2016,18,GB,NYG,38,13,0,5.0,46.5
2016,19,NE,HOU,34,16,0,16.0,44.0
2016,19,ATL,SEA,36,20,0,6.5,51.0
2016,19,DAL,GB,31,34,0,5.5,52.5
2016,19,KC,PIT,16,18,0,2.5,45.5
2016,20,ATL,GB,44,21,0,6.5,59.5
2016,20,NE,PIT,36,17,0,5.5,49.5
2016,21,ATL,NE,28,34,1,-3.0,57.0
2017,1,NE,KC,27,42,0,8.0,47.5
2017,1,DET,ARI,35,23,0,-2.5,48.5
2017,1,CHI,ATL,17,23,0,-6.5,48.0
2017,1,CIN,BAL,0,20,0,2.5,41.5
2017,1,SF,CAR,3,23,0,-4.5,45.5
2017,1,LA,IND,46,9,0,3.5,41.5
2017,1,HOU,JAX,7,29,0,5.5,38.0
2017,1,DAL,NYG,19,3,0,6.0,46.5
2017,1,BUF,NYJ,21,12,0,7.0,42.0
2017,1,TEN,LV,16,26,0,2.5,49.5
2017,1,WAS,PHI,17,30,0,-2.0,49.5
2017,1,CLE,PIT,18,21,0,-10.0,47.0
2017,1,GB,SEA,17,9,0,2.5,49.5
2017,1,DEN,LAC,24,21,0,3.0,41.5
2017,1,MIN,NO,29,19,0,3.0,47.5
2017,2,CIN,HOU,9,13,0,5.5,38.0
2017,2,IND,ARI,13,16,0,-7.0,44.0
2017,2,CAR,BUF,9,3,0,6.5,43.0
2017,2,TB,CHI,29,7,0,7.0,44.0
2017,2,BAL,CLE,24,10,0,7.5,39.5
2017,2,DEN,DAL,42,17,0,-2.5,44.0
2017,2,ATL,GB,34,23,0,3.5,55.0
2017,2,LAC,MIA,17,19,0,3.5,46.5
2017,2,PIT,MIN,26,9,0,8.5,43.0
2017,2,NO,NE,20,36,0,-5.5,55.0
2017,2,LV,NYJ,45,20,0,14.0,44.0
2017,2,KC,PHI,27,20,0,4.0,46.5
2017,2,SEA,SF,12,9,0,13.5,42.0
2017,2,JAX,TEN,16,37,0,-1.0,42.0
2017,2,LA,WAS,20,27,0,3.0,45.5
2017,2,NYG,DET,10,24,0,3.0,42.0
2017,3,SF,LA,39,41,0,-3.0,40.5
2017,3,DET,ATL,26,30,0,-3.0,51.0
2017,3,JAX,BAL,44,7,1,-3.0,38.0
2017,3,GB,CIN,27,24,0,7.0,47.5
2017,3,IND,CLE,31,28,0,1.0,42.0
2017,3,BUF,DEN,26,16,0,-3.5,40.0
2017,3,NE,HOU,36,33,0,13.5,44.5
2017,3,LAC,KC,10,24,0,-3.0,47.5
2017,3,NYJ,MIA,20,6,0,-5.5,43.0
2017,3,CAR,NO,13,34,0,5.5,46.5
2017,3,PHI,NYG,27,24,0,5.0,42.0
2017,3,WAS,LV,27,10,0,-3.5,53.0
2017,3,CHI,PIT,23,17,0,-7.0,43.5
2017,3,TEN,SEA,33,27,0,2.0,42.0
2017,3,MIN,TB,34,17,0,-0.0,41.0
2017,3,ARI,DAL,17,28,0,-3.0,46.5
2017,4,GB,CHI,35,14,0,7.5,44.0
2017,4,ATL,BUF,17,23,0,8.0,48.0
2017,4,NE,CAR,30,33,0,9.0,48.0
2017,4,CLE,CIN,7,31,0,-3.0,41.5
2017,4,MIN,DET,7,14,0,2.5,43.0
2017,4,SEA,IND,46,18,0,12.5,41.5
2017,4,NYJ,JAX,23,20,0,-4.0,38.5
2017,4,DAL,LA,30,35,0,5.0,51.0
2017,4,MIA,NO,0,20,1,-4.0,51.5
2017,4,TB,NYG,25,23,0,2.5,46.0
2017,4,DEN,LV,16,10,0,3.5,44.0
2017,4,LAC,PHI,24,26,0,1.5,48.0
2017,4,BAL,PIT,9,26,0,-3.5,42.0
2017,4,ARI,SF,18,15,0,6.5,43.0
2017,4,HOU,TEN,57,14,0,-2.5,43.0
2017,4,KC,WAS,29,20,0,6.5,48.0
2017,5,TB,NE,14,19,0,-3.5,54.5
2017,5,PHI,ARI,34,7,0,6.0,45.0
2017,5,LV,BAL,17,30,0,3.0,40.5
2017,5,CIN,BUF,20,16,0,3.0,39.0
2017,5,DET,CAR,24,27,0,2.0,42.0
2017,5,DAL,GB,31,35,0,2.5,52.0
2017,5,PIT,JAX,9,30,0,7.5,41.0
2017,5,HOU,KC,34,42,0,-2.0,45.0
2017,5,NYG,LAC,22,27,0,3.0,45.5
2017,5,CLE,NYJ,14,17,0,-1.5,41.5
2017,5,LA,SEA,10,16,0,2.0,46.5
2017,5,IND,SF,26,23,0,-1.0,43.5
2017,5,MIA,TEN,16,10,0,-0.0,41.5
2017,5,CHI,MIN,17,20,0,-3.5,41.0
2017,6,CAR,PHI,23,28,0,3.0,44.0
2017,6,BAL,CHI,24,27,0,5.5,39.5
2017,6,HOU,CLE,33,17,0,7.5,46.0
2017,6,NO,DET,52,38,0,6.0,50.5
2017,6,MIN,GB,23,10,0,-3.0,46.0
2017,6,LV,LAC,16,17,0,3.0,48.5
2017,6,JAX,LA,17,27,0,1.0,42.0
2017,6,ATL,MIA,17,20,0,14.0,46.0
2017,6,NYJ,NE,17,24,0,-9.0,48.5
2017,6,DEN,NYG,10,23,0,14.0,37.5
2017,6,KC,PIT,13,19,0,3.5,46.5
2017,6,WAS,SF,26,24,0,12.0,46.0
2017,6,ARI,TB,38,33,0,-2.5,46.5
2017,6,TEN,IND,36,22,0,7.0,46.0
2017,7,LV,KC,31,30,0,-3.0,46.5
2017,7,LA,ARI,33,0,1,3.0,45.5
2017,7,NE,ATL,23,7,0,3.0,56.5
2017,7,MIN,BAL,24,16,0,5.0,37.5
2017,7,CHI,CAR,17,3,0,-2.5,39.5
2017,7,PIT,CIN,29,14,0,4.0,40.0
2017,7,SF,DAL,10,40,0,-6.5,48.0
2017,7,LAC,DEN,21,0,0,-1.0,41.0
2017,7,IND,JAX,0,27,0,-3.0,41.0
2017,7,GB,NO,17,26,0,-3.5,45.5
2017,7,MIA,NYJ,31,28,0,3.0,40.0
2017,7,NYG,SEA,7,24,0,-4.0,39.0
2017,7,BUF,TB,30,27,0,3.0,46.5
2017,7,CLE,TEN,9,12,0,-5.5,42.5
2017,7,PHI,WAS,34,24,0,5.0,48.5
2017,8,BAL,MIA,40,0,0,3.0,38.0
2017,8,NYJ,ATL,20,25,0,-6.5,43.5
2017,8,TB,CAR,3,17,0,1.5,46.0
2017,8,NO,CHI,20,12,0,7.5,46.0
2017,8,WAS,DAL,19,33,0,-3.0,46.5
2017,8,SEA,HOU,41,38,0,6.0,45.0
2017,8,CIN,IND,24,23,0,11.0,44.0
2017,8,NE,LAC,21,13,0,6.5,49.5
2017,8,CLE,MIN,16,33,1,-11.0,38.5
2017,8,BUF,LV,34,14,0,2.5,47.0
2017,8,DET,PIT,15,20,0,-3.0,44.5
2017,8,PHI,SF,33,10,0,13.0,45.0
2017,8,KC,DEN,29,19,0,7.0,42.0
2017,9,NYJ,BUF,34,21,0,-3.0,42.0
2017,9,SF,ARI,10,20,0,-2.5,39.0
2017,9,CAR,ATL,20,17,0,-3.0,42.0
2017,9,TEN,BAL,23,20,0,3.0,41.0
2017,9,JAX,CIN,23,7,0,6.0,38.0
2017,9,PHI,DEN,51,23,0,7.0,41.0
2017,9,HOU,IND,14,20,0,6.0,45.0
2017,9,DAL,KC,28,17,0,2.0,53.0
2017,9,NYG,LA,17,51,0,-5.5,42.5
2017,9,MIA,LV,24,27,0,-3.0,44.5
2017,9,NO,TB,30,10,0,7.0,54.0
2017,9,SEA,WAS,14,17,0,8.0,44.5
2017,9,GB,DET,17,30,0,-2.5,42.5
2017,10,ARI,SEA,16,22,0,-6.0,40.0
2017,10,TEN,CIN,24,20,0,4.5,40.5
2017,10,DET,CLE,38,24,0,10.5,42.5
2017,10,ATL,DAL,27,7,0,3.5,49.0
2017,10,CHI,GB,16,23,0,4.5,37.5
2017,10,LA,HOU,33,7,0,12.0,45.0
2017,10,JAX,LAC,20,17,0,5.0,40.5
2017,10,WAS,MIN,30,38,0,-1.0,43.0
2017,10,DEN,NE,16,41,0,-7.0,45.0
2017,10,BUF,NO,10,47,0,-2.0,48.5
2017,10,SF,NYG,31,21,0,-3.0,41.5
2017,10,TB,NYJ,15,10,0,1.0,44.5
2017,10,IND,PIT,17,20,0,-10.5,47.0
2017,10,CAR,MIA,45,21,0,8.0,38.5
2017,11,PIT,TEN,40,17,0,7.0,44.5
2017,11,HOU,ARI,31,21,0,2.5,38.0
2017,11,GB,BAL,0,23,0,-2.5,38.5
2017,11,LAC,BUF,54,24,0,7.0,41.5
2017,11,DEN,CIN,17,20,0,2.5,37.5
2017,11,CHI,DET,24,27,0,-3.0,41.0
2017,11,CLE,JAX,7,19,0,-7.5,37.0
2017,11,NYG,KC,12,9,0,-10.0,44.5
2017,11,MIN,LA,24,7,0,1.0,46.0
2017,11,LV,NE,8,33,1,-7.0,55.0
2017,11,DAL,PHI,9,37,0,-6.0,48.0
2017,11,MIA,TB,20,30,0,-1.0,44.0
2017,11,NO,WAS,34,31,0,9.5,52.5
2017,11,SEA,ATL,31,34,0,1.0,46.0
2017,12,DAL,LAC,6,28,0,-1.0,46.5
2017,12,DET,MIN,23,30,0,-2.5,46.0
2017,12,WAS,NYG,20,10,0,7.0,44.0
2017,12,KC,BUF,10,16,0,8.5,47.5
2017,12,NYJ,CAR,27,35,0,-5.5,39.5
2017,12,PHI,CHI,31,3,0,14.0,43.5
2017,12,CIN,CLE,30,16,0,7.5,39.0
2017,12,LV,DEN,21,14,0,3.5,41.0
2017,12,PIT,GB,31,28,0,14.0,43.0
2017,12,ARI,JAX,27,24,0,-6.5,37.5
2017,12,NE,MIA,35,17,0,17.0,49.0
2017,12,LA,NO,26,20,0,2.5,54.0
2017,12,SF,SEA,13,24,0,-7.0,45.0
2017,12,ATL,TB,34,20,0,10.5,47.0
2017,12,IND,TEN,16,20,0,-3.0,46.5
2017,12,BAL,HOU,23,16,0,7.5,39.5
2017,13,DAL,WAS,38,14,0,-1.5,47.0
2017,13,NO,CAR,31,21,0,5.5,48.0
2017,13,LAC,CLE,19,10,0,13.5,45.0
2017,13,MIA,DEN,35,9,0,-1.0,41.0
2017,13,BAL,DET,44,20,0,2.5,43.0
2017,13,TEN,HOU,24,13,0,7.0,42.5
2017,13,JAX,IND,30,10,0,10.0,41.0
2017,13,NYJ,KC,38,31,0,-3.5,44.0
2017,13,ARI,LA,16,32,0,-7.5,43.0
2017,13,ATL,MIN,9,14,0,2.0,48.5
2017,13,BUF,NE,3,23,0,-7.5,48.5
2017,13,LV,NYG,24,17,0,10.0,43.0
2017,13,SEA,PHI,24,10,0,-3.5,46.5
2017,13,CHI,SF,14,15,0,2.5,42.0
2017,13,GB,TB,26,20,0,3.0,45.0
2017,13,CIN,PIT,20,23,0,-4.5,42.5
2017,14,ATL,NO,20,17,0,2.5,51.5
2017,14,PIT,BAL,39,38,0,6.0,43.0
2017,14,CIN,CHI,7,33,0,6.0,40.5
2017,14,NYG,DAL,10,30,0,-4.0,42.0
2017,14,TB,DET,21,24,0,-0.0,47.5
2017,14,CLE,GB,21,27,0,-2.5,38.5
2017,14,BUF,IND,13,7,0,3.5,36.5
2017,14,CAR,MIN,31,24,0,-2.5,40.5
2017,14,DEN,NYJ,23,0,0,-1.0,40.5
2017,14,KC,LV,26,15,0,4.5,48.5
2017,14,LA,PHI,35,43,0,-1.0,47.5
2017,14,JAX,SEA,30,24,0,3.0,41.0
2017,14,HOU,SF,16,26,0,1.0,45.5
2017,14,ARI,TEN,12,7,0,-2.5,42.0
2017,14,LAC,WAS,30,13,0,6.0,46.5
2017,14,MIA,NE,27,20,0,-10.0,48.0
2017,15,IND,DEN,13,25,0,-3.0,40.5
2017,15,DET,CHI,20,10,0,5.0,43.5
2017,15,KC,LAC,30,13,0,1.0,47.0
2017,15,WAS,ARI,20,15,0,4.0,40.0
2017,15,CLE,BAL,10,27,0,-6.5,42.0
2017,15,MIN,CIN,34,7,0,12.5,42.5
2017,15,LV,DAL,17,20,0,-3.0,46.0
2017,15,CAR,GB,31,24,0,3.0,46.5
2017,15,JAX,HOU,45,7,0,10.5,39.0
2017,15,SEA,LA,7,42,0,-1.0,47.5
2017,15,BUF,MIA,24,16,0,3.5,39.5
2017,15,PIT,NE,24,27,0,-2.5,53.0
2017,15,NO,NYJ,31,19,0,16.5,47.0
2017,15,NYG,PHI,29,34,0,-7.5,40.5
2017,15,SF,TEN,25,23,0,2.5,44.5
2017,15,TB,ATL,21,24,0,-7.0,49.5
2017,16,BAL,IND,23,16,0,13.5,41.0
2017,16,GB,MIN,0,16,0,-8.5,41.0
2017,16,NO,ATL,23,13,0,5.5,52.0
2017,16,NE,BUF,37,16,0,11.0,47.5
2017,16,CHI,CLE,20,3,0,5.5,37.0
2017,16,WAS,DEN,27,11,0,3.0,39.5
2017,16,CIN,DET,26,17,0,-3.0,43.5
2017,16,SF,JAX,44,33,0,-4.0,43.0
2017,16,NYJ,LAC,7,14,0,-7.5,42.5
2017,16,TEN,LA,23,27,0,-5.5,46.0
2017,16,KC,MIA,29,13,0,11.0,43.5
2017,16,ARI,NYG,23,0,0,3.0,39.0
2017,16,DAL,SEA,12,21,0,4.5,47.0
2017,16,CAR,TB,22,19,0,10.0,46.5
2017,16,PHI,LV,19,10,0,10.0,46.0
2017,16,HOU,PIT,6,34,0,-8.0,45.5
2017,17,SEA,ARI,24,26,0,8.0,38.0
2017,17,MIA,BUF,16,22,0,-2.5,41.5
2017,17,ATL,CAR,22,10,0,5.0,44.5
2017,17,MIN,CHI,23,10,0,13.5,38.0
2017,17,BAL,CIN,27,31,0,8.0,40.0
2017,17,PIT,CLE,28,24,0,5.0,38.5
2017,17,PHI,DAL,0,6,0,-3.5,41.0
2017,17,DET,GB,35,11,0,7.5,45.0
2017,17,IND,HOU,22,13,0,5.5,42.0
2017,17,TEN,JAX,15,10,0,2.5,40.0
2017,17,DEN,KC,24,27,0,3.0,37.5
2017,17,TB,NO,31,24,0,-6.0,49.0
2017,17,NE,NYJ,26,6,0,17.0,43.5
2017,17,LAC,LV,30,10,0,7.0,43.0
2017,17,LA,SF,13,34,0,-6.5,44.5
2017,17,NYG,WAS,18,10,0,-5.0,41.0
2017,18,LA,ATL,13,26,0,6.5,48.0
2017,18,KC,TEN,21,22,0,8.5,44.0
2017,18,JAX,BUF,10,3,0,8.5,39.5
2017,18,NO,CAR,31,26,0,6.5,47.5
2017,19,PHI,ATL,15,10,0,-2.5,40.0
2017,19,NE,TEN,35,14,0,13.5,48.0
2017,19,PIT,JAX,42,45,0,7.0,40.5
2017,19,MIN,NO,29,24,0,5.5,47.0
2017,20,NE,JAX,24,20,0,7.5,46.0
2017,20,PHI,MIN,38,7,0,-3.0,39.0
2017,21,NE,PHI,33,41,1,4.5,48.5
2018,1,PHI,ATL,18,12,0,1.0,44.5
2018,1,BAL,BUF,47,3,0,7.5,39.0
2018,1,GB,CHI,24,23,0,6.5,45.0
2018,1,IND,CIN,23,34,0,-1.0,47.5
2018,1,CAR,DAL,16,8,0,2.5,42.5
2018,1,NE,HOU,27,20,0,6.0,49.5
2018,1,NYG,JAX,15,20,0,-2.5,43.0
2018,1,LAC,KC,28,38,0,3.5,48.0
2018,1,CLE,PIT,21,21,0,-3.5,41.0
2018,1,DEN,SEA,27,24,0,3.0,42.5
2018,1,MIN,SF,24,16,0,6.0,46.5
2018,1,NO,TB,40,48,0,10.0,50.0
2018,1,MIA,TEN,27,20,0,-1.0,43.5
2018,1,ARI,WAS,6,24,0,2.0,43.5
2018,1,LV,LA,13,33,0,-6.0,47.5
2018,1,DET,NYJ,17,48,0,7.0,44.0
2018,2,CIN,BAL,34,23,0,1.0,43.0
2018,2,LA,ARI,34,0,0,13.5,43.5
2018,2,ATL,CAR,31,24,0,5.5,44.0
2018,2,NO,CLE,21,18,0,10.0,51.0
2018,2,SF,DET,30,27,0,6.0,48.5
2018,2,TEN,HOU,20,17,0,-3.5,41.0
2018,2,WAS,IND,9,21,0,6.0,48.0
2018,2,PIT,KC,37,42,0,4.5,52.0
2018,2,BUF,LAC,20,31,0,-7.5,41.5
2018,2,NYJ,MIA,12,20,0,3.0,43.0
2018,2,GB,MIN,29,29,0,-2.0,45.0
2018,2,JAX,NE,31,20,0,-2.0,44.5
2018,2,DAL,NYG,20,13,0,3.0,42.0
2018,2,DEN,LV,20,19,0,5.5,44.5
2018,2,TB,PHI,27,21,0,-3.0,46.5
2018,2,CHI,SEA,24,17,0,5.0,42.5
2018,3,CLE,NYJ,21,17,0,3.0,41.0
2018,3,MIN,BUF,6,27,0,16.5,41.0
2018,3,ARI,CHI,14,16,0,-6.0,39.0
2018,3,CAR,CIN,31,21,0,2.5,44.0
2018,3,SEA,DAL,24,13,0,1.0,40.0
2018,3,BAL,DEN,27,14,0,5.5,46.0
2018,3,WAS,GB,31,17,0,-2.5,46.5
2018,3,PHI,IND,20,16,0,6.5,45.5
2018,3,LA,LAC,35,23,0,7.5,49.0
2018,3,DET,NE,26,10,0,-7.0,55.5
2018,3,ATL,NO,37,43,0,1.5,54.0
2018,3,HOU,NYG,22,27,0,6.5,44.0
2018,3,MIA,LV,28,20,0,3.0,46.0
2018,3,KC,SF,38,27,0,6.0,53.0
2018,3,JAX,TEN,6,9,0,10.0,39.0
2018,3,TB,PIT,27,30,0,1.0,55.0
2018,4,LA,MIN,38,31,0,7.5,48.5
2018,4,PIT,BAL,14,26,0,3.0,51.0
2018,4,GB,BUF,22,0,0,8.5,44.0
2018,4,ATL,CIN,36,37,0,3.5,52.0
2018,4,LV,CLE,45,42,0,2.5,44.5
2018,4,DAL,DET,26,24,0,2.5,44.0
2018,4,IND,HOU,34,37,0,-1.0,48.0
2018,4,NE,MIA,38,7,0,6.5,50.5
2018,4,NYG,NO,18,33,0,-3.5,51.5
2018,4,JAX,NYJ,31,12,0,7.5,40.5
2018,4,TEN,PHI,26,23,0,-3.0,41.5
2018,4,ARI,SEA,17,20,0,-3.5,40.0
2018,4,LAC,SF,29,27,0,10.0,46.0
2018,4,CHI,TB,48,10,0,3.0,46.0
2018,4,DEN,KC,23,27,0,-3.5,53.5
2018,5,NE,IND,38,24,0,10.5,49.5
2018,5,SF,ARI,18,28,0,3.0,40.5
2018,5,PIT,ATL,41,17,0,3.5,57.0
2018,5,CLE,BAL,12,9,0,-3.0,44.5
2018,5,HOU,DAL,19,16,0,3.5,45.0
2018,5,NYJ,DEN,34,16,0,-1.0,42.0
2018,5,DET,GB,31,23,0,1.0,50.0
2018,5,KC,JAX,30,14,0,3.0,48.0
2018,5,SEA,LA,31,33,0,-7.5,50.5
2018,5,CIN,MIA,27,17,0,6.0,47.5
2018,5,PHI,MIN,21,23,0,3.5,48.0
2018,5,CAR,NYG,33,31,0,7.0,43.5
2018,5,LAC,LV,26,10,0,5.5,52.0
2018,5,BUF,TEN,13,12,0,-6.0,38.0
2018,5,NO,WAS,43,19,0,5.5,51.5
2018,6,NYG,PHI,13,34,0,-1.5,45.5
2018,6,MIN,ARI,27,17,0,10.0,43.5
2018,6,TEN,BAL,0,21,0,-2.5,43.5
2018,6,HOU,BUF,20,13,0,10.5,40.5
2018,6,WAS,CAR,23,17,0,-1.0,44.5
2018,6,MIA,CHI,31,28,0,-7.5,40.5
2018,6,NYJ,IND,42,34,0,2.5,47.5
2018,6,DAL,JAX,40,7,0,-3.0,39.5
2018,6,NE,KC,43,40,0,4.0,59.5
2018,6,CLE,LAC,14,38,0,1.0,47.0
2018,6,DEN,LA,20,23,0,-7.0,50.0
2018,6,CIN,PIT,21,28,0,1.0,49.5
2018,6,LV,SEA,3,27,1,-3.0,47.5
2018,6,ATL,TB,34,29,0,3.0,57.5
2018,6,GB,SF,33,30,0,9.0,46.5
2018,7,ARI,DEN,10,45,0,-1.0,42.5
2018,7,IND,BUF,37,5,0,7.0,43.5
2018,7,PHI,CAR,17,21,0,5.0,45.0
2018,7,KC,CIN,45,10,0,6.5,56.0
2018,7,TB,CLE,26,23,0,3.5,52.5
2018,7,WAS,DAL,20,17,0,-1.5,40.5
2018,7,MIA,DET,21,32,0,-3.0,47.0
2018,7,JAX,HOU,7,20,0,4.0,43.0
2018,7,SF,LA,10,39,0,-8.0,52.0
2018,7,NYJ,MIN,17,37,0,-3.5,45.0
2018,7,CHI,NE,31,38,0,-1.0,49.0
2018,7,BAL,NO,23,24,0,2.5,49.0
2018,7,LAC,TEN,20,19,1,6.5,46.0
2018,7,ATL,NYG,23,20,0,4.5,52.0
2018,8,HOU,MIA,42,23,0,7.5,45.0
2018,8,CAR,BAL,36,21,0,-2.5,44.0
2018,8,PIT,CLE,33,18,0,8.5,47.5
2018,8,KC,DEN,30,23,0,8.5,53.0
2018,8,LA,GB,29,27,0,7.5,57.0
2018,8,LV,IND,28,42,0,-3.5,51.0
2018,8,MIN,NO,20,30,0,-2.5,53.5
2018,8,CHI,NYJ,24,10,0,8.5,42.5
2018,8,JAX,PHI,18,24,1,-4.0,44.5
2018,8,DET,SEA,14,28,0,3.0,47.5
2018,8,ARI,SF,18,15,0,-2.5,40.0
2018,8,CIN,TB,37,34,0,3.5,55.0
2018,8,NYG,WAS,13,20,0,-1.0,43.0
2018,8,BUF,NE,6,25,0,-13.5,44.0
2018,9,SF,LV,34,3,0,-1.5,44.0
2018,9,WAS,ATL,14,38,0,1.5,46.5
2018,9,BUF,CHI,9,41,0,-10.5,38.0
2018,9,MIN,DET,24,9,0,4.5,47.0
2018,9,NE,GB,31,17,0,5.0,56.0
2018,9,DEN,HOU,17,19,0,1.0,46.5
2018,9,CLE,KC,21,37,0,-7.5,51.0
2018,9,SEA,LAC,17,25,0,1.0,48.5
2018,9,NO,LA,45,35,0,-2.5,57.5
2018,9,MIA,NYJ,13,6,0,3.0,43.5
2018,9,BAL,PIT,16,23,0,1.5,47.0
2018,9,CAR,TB,42,28,0,6.0,55.5
2018,9,DAL,TEN,14,28,0,4.5,40.0
2018,10,PIT,CAR,52,21,0,3.5,51.0
2018,10,KC,ARI,26,14,0,16.5,49.5
2018,10,CLE,ATL,28,16,0,-5.5,49.5
2018,10,NYJ,BUF,10,41,0,6.5,38.0
2018,10,PHI,DAL,20,27,0,7.5,45.5
2018,10,CHI,DET,34,22,0,7.5,44.5
2018,10,IND,JAX,29,26,0,3.0,48.0
2018,10,LV,LAC,6,20,0,-10.5,50.0
2018,10,GB,MIA,31,12,0,13.0,48.5
2018,10,TEN,NE,34,10,0,-6.0,47.0
2018,10,CIN,NO,14,51,0,-5.5,53.0
2018,10,LA,SEA,36,31,0,10.0,51.0
2018,10,TB,WAS,3,16,0,3.5,51.0
2018,10,SF,NYG,23,27,0,3.0,45.0
2018,11,SEA,GB,27,24,0,3.0,49.0
2018,11,DET,CAR,20,19,0,-4.0,48.0
2018,11,BAL,CIN,24,21,0,6.5,44.0
2018,11,ATL,DAL,19,22,0,3.5,50.0
2018,11,LAC,DEN,22,23,0,7.5,47.0
2018,11,WAS,HOU,21,23,0,-3.0,40.5
2018,11,CHI,MIN,25,20,0,2.5,44.0
2018,11,ARI,LV,21,23,0,4.5,41.0
2018,11,NO,PHI,48,7,0,7.0,56.5
2018,11,JAX,PIT,16,20,0,-4.0,47.0
2018,11,NYG,TB,38,35,0,3.0,54.5
2018,11,IND,TEN,38,10,0,2.0,50.0
2018,11,LA,KC,54,51,0,3.0,63.5
2018,12,NO,ATL,31,17,0,11.5,61.0
2018,12,DET,CHI,16,23,0,-3.0,43.0
2018,12,DAL,WAS,31,23,0,7.0,40.0
2018,12,LAC,ARI,45,10,0,14.0,43.5
2018,12,CIN,CLE,20,35,0,-1.0,46.5
2018,12,MIN,GB,24,17,0,4.0,48.5
2018,12,BUF,JAX,24,21,0,-3.0,36.5
2018,12,IND,MIA,27,24,0,9.0,52.5
2018,12,NYJ,NE,13,27,0,-13.0,46.5
2018,12,PHI,NYG,25,22,0,4.5,49.0
2018,12,BAL,LV,34,17,0,13.0,42.0
2018,12,DEN,PIT,24,17,0,-3.0,47.5
2018,12,CAR,SEA,27,30,0,3.0,46.5
2018,12,TB,SF,27,9,0,1.5,54.5
2018,12,HOU,TEN,34,17,0,3.5,42.5
2018,13,DAL,NO,13,10,0,-7.0,51.5
2018,13,GB,ARI,17,20,0,13.5,41.0
2018,13,ATL,BAL,16,26,0,2.5,46.5
2018,13,MIA,BUF,21,17,0,3.5,40.0
2018,13,TB,CAR,24,17,0,-3.5,52.0
2018,13,NYG,CHI,30,27,0,-3.5,44.0
2018,13,HOU,CLE,29,13,0,5.0,47.5
2018,13,CIN,DEN,10,24,0,-3.5,45.0
2018,13,JAX,IND,6,0,0,-4.0,45.5
2018,13,LV,KC,33,40,0,-14.0,53.5
2018,13,PIT,LAC,30,33,0,3.5,53.5
2018,13,DET,LA,16,30,0,-10.5,54.0
2018,13,NE,MIN,24,10,0,6.0,50.0
2018,13,TEN,NYJ,26,22,0,10.5,40.5
2018,13,SEA,SF,43,16,0,10.0,45.5
2018,13,PHI,WAS,28,13,0,5.5,45.0
2018,14,TEN,JAX,30,9,0,5.5,36.5
2018,14,GB,ATL,34,20,0,4.0,51.0
2018,14,KC,BAL,27,24,0,6.5,49.0
2018,14,CLE,CAR,26,20,0,-1.0,48.0
2018,14,LAC,CIN,26,21,0,17.0,48.5
2018,14,SF,DEN,20,14,0,-3.0,45.5
2018,14,ARI,DET,3,17,0,-2.5,40.0
2018,14,HOU,IND,21,24,0,4.0,49.5
2018,14,CHI,LA,15,6,0,-3.0,50.5
2018,14,MIA,NE,34,33,0,-8.5,49.5
2018,14,TB,NO,14,28,0,-8.5,55.0
2018,14,WAS,NYG,16,40,0,-3.0,40.5
2018,14,BUF,NYJ,23,27,0,4.5,37.0
2018,14,DAL,PHI,29,23,0,3.5,46.0
2018,14,LV,PIT,24,21,0,-10.5,51.0
2018,14,SEA,MIN,21,7,0,3.0,45.5
2018,15,KC,LAC,28,29,0,3.5,54.0
2018,15,DEN,CLE,16,17,0,1.0,47.0
2018,15,NYJ,HOU,22,29,0,-7.0,44.0
2018,15,ATL,ARI,40,14,0,10.0,43.5
2018,15,IND,DAL,23,0,0,3.0,47.0
2018,15,BUF,DET,14,13,0,2.5,40.0
2018,15,CHI,GB,24,17,0,6.0,46.5
2018,15,MIN,MIA,41,17,0,7.5,45.0
2018,15,PIT,NE,17,10,0,-2.5,55.0
2018,15,CIN,LV,30,16,0,3.0,46.0
2018,15,LA,PHI,23,30,0,13.5,52.5
2018,15,SF,SEA,26,23,0,-3.5,44.0
2018,15,BAL,TB,20,12,0,8.5,44.5
2018,15,NYG,TEN,0,17,0,-2.5,42.0
2018,15,JAX,WAS,13,16,0,7.5,36.0
2018,15,CAR,NO,9,12,0,-6.0,50.5
2018,16,LAC,BAL,10,22,0,4.0,42.5
2018,16,TEN,WAS,25,16,0,12.5,38.0
2018,16,CAR,ATL,10,24,0,-2.5,46.5
2018,16,NE,BUF,24,12,0,14.0,46.0
2018,16,SF,CHI,9,14,0,-3.5,44.0
2018,16,CLE,CIN,26,18,0,10.0,44.0
2018,16,NYJ,GB,38,44,0,-3.0,47.5
2018,16,PHI,HOU,32,30,0,1.0,47.0
2018,16,MIA,JAX,7,17,0,3.0,39.5
2018,16,SEA,KC,38,31,0,-1.0,54.0
2018,16,ARI,LA,9,31,0,-14.5,43.0
2018,16,DET,MIN,9,27,0,-6.5,41.5
2018,16,IND,NYG,28,27,0,10.0,48.5
2018,16,NO,PIT,31,28,0,6.5,53.0
2018,16,DAL,TB,27,20,0,7.0,48.0
2018,16,LV,DEN,27,14,0,-2.5,42.5
2018,17,SEA,ARI,27,24,0,15.5,39.5
2018,17,TB,ATL,32,34,0,-2.5,52.0
2018,17,NO,CAR,14,33,0,8.0,42.0
2018,17,MIN,CHI,10,24,0,6.0,39.5
2018,17,PIT,CIN,16,13,0,14.0,45.5
2018,17,BAL,CLE,26,24,0,7.0,41.0
2018,17,NYG,DAL,35,36,0,7.5,38.5
2018,17,GB,DET,0,31,0,7.5,44.5
2018,17,TEN,IND,17,33,0,-5.0,42.5
2018,17,HOU,JAX,20,3,0,7.0,39.5
2018,17,DEN,LAC,9,23,0,-7.0,43.5
2018,17,BUF,MIA,42,17,0,5.5,39.5
2018,17,NE,NYJ,38,3,0,14.0,47.0
2018,17,KC,LV,35,3,0,14.5,54.0
2018,17,WAS,PHI,0,24,0,-6.0,43.0
2018,17,LA,SF,48,32,0,10.5,50.5
2018,18,HOU,IND,7,21,0,2.0,48.5
2018,18,DAL,SEA,24,22,0,2.5,43.0
2018,18,BAL,LAC,17,23,0,3.0,43.0
2018,18,CHI,PHI,15,16,0,6.5,42.5
2018,19,LA,DAL,30,22,0,7.5,48.0
2018,19,KC,IND,31,13,0,4.0,54.5
2018,19,NE,LAC,41,28,0,4.0,47.5
2018,19,NO,PHI,20,14,0,8.5,52.0
2018,20,NO,LA,23,26,0,3.0,55.0
2018,20,KC,NE,31,37,0,3.0,56.5
2018,21,LA,NE,3,13,1,-2.0,55.5
2019,1,CHI,GB,3,10,0,3.5,47.0
2019,1,MIN,ATL,28,12,0,3.5,47.0
2019,1,MIA,BAL,10,59,0,-7.0,41.0
2019,1,NYJ,BUF,16,17,0,2.5,41.0
2019,1,SEA,CIN,21,20,0,9.5,44.0
2019,1,ARI,DET,27,27,0,-2.5,45.5
2019,1,LAC,IND,30,24,0,6.0,44.5
2019,1,JAX,KC,26,40,0,-3.5,49.0
2019,1,CAR,LA,27,30,0,-1.5,49.5
2019,1,DAL,NYG,35,17,0,7.0,44.0
2019,1,NE,PIT,33,3,0,5.5,49.0
2019,1,TB,SF,17,31,0,1.0,51.0
2019,1,CLE,TEN,13,43,0,5.5,44.0
2019,1,PHI,WAS,32,27,0,10.5,44.0
2019,1,LV,DEN,24,16,0,-3.0,42.5
2019,1,NO,HOU,30,28,0,6.5,52.0
2019,2,CAR,TB,14,20,0,6.5,48.0
2019,2,BAL,ARI,23,17,0,13.0,46.0
2019,2,NYG,BUF,14,28,0,-1.0,44.5
2019,2,DEN,CHI,14,16,0,-3.0,41.0
2019,2,WAS,DAL,21,31,0,-6.0,46.5
2019,2,TEN,IND,17,19,0,3.0,43.5
2019,2,HOU,JAX,13,12,0,7.5,43.0
2019,2,LV,KC,10,28,0,-7.0,53.5
2019,2,DET,LAC,13,10,0,-1.0,47.0
2019,2,GB,MIN,21,16,0,3.0,43.0
2019,2,MIA,NE,0,43,0,-18.0,48.5
2019,2,LA,NO,27,9,0,2.0,52.5
2019,2,ATL,PHI,24,20,0,-1.0,53.0
2019,2,PIT,SEA,26,28,0,4.0,47.0
2019,2,CIN,SF,17,41,0,1.0,46.0
2019,2,NYJ,CLE,3,23,0,-6.5,45.5
2019,3,JAX,TEN,20,7,0,-1.5,38.0
2019,3,IND,ATL,27,24,0,1.0,48.0
2019,3,KC,BAL,33,28,0,4.5,52.0
2019,3,ARI,CAR,20,38,0,2.5,46.0
2019,3,BUF,CIN,21,17,0,5.5,43.5
2019,3,GB,DEN,27,16,0,7.0,42.0
2019,3,PHI,DET,24,27,0,4.0,45.0
2019,3,LAC,HOU,20,27,0,3.0,49.0
2019,3,CLE,LA,13,20,0,-4.0,48.0
2019,3,DAL,MIA,31,6,0,22.0,46.5
2019,3,SEA,NO,27,33,0,5.0,44.0
2019,3,TB,NYG,31,32,0,5.0,48.0
2019,3,NE,NYJ,30,14,0,20.5,43.0
2019,3,MIN,LV,34,14,0,8.5,43.0
2019,3,SF,PIT,24,20,0,6.0,44.5
2019,3,WAS,CHI,15,31,0,-5.0,41.0
2019,4,GB,PHI,27,34,0,3.5,46.0
2019,4,HOU,CAR,10,16,0,5.5,47.5
2019,4,BAL,CLE,25,40,0,7.5,47.0
2019,4,NO,DAL,12,10,0,-2.5,47.0
2019,4,DEN,JAX,24,26,0,2.5,37.0
2019,4,DET,KC,30,34,0,-7.5,54.5
2019,4,MIA,LAC,10,30,0,-15.0,43.5
2019,4,CHI,MIN,16,6,0,-1.0,38.0
2019,4,BUF,NE,10,16,0,-7.0,41.5
2019,4,IND,LV,24,31,0,5.5,46.0
2019,4,ARI,SEA,10,27,0,-5.5,49.0
2019,4,LA,TB,40,55,0,9.0,48.5
2019,4,ATL,TEN,10,24,0,3.5,46.0
2019,4,NYG,WAS,24,3,0,3.0,48.0
2019,4,PIT,CIN,27,3,0,3.5,45.5
2019,5,SEA,LA,30,29,0,1.5,49.0
2019,5,CIN,ARI,23,26,0,3.0,45.0
2019,5,HOU,ATL,53,32,0,4.0,49.0
2019,5,PIT,BAL,23,26,0,-3.5,44.0
2019,5,TEN,BUF,7,14,0,3.5,39.5
2019,5,LV,CHI,24,21,1,-6.5,39.5
2019,5,LAC,DEN,13,20,0,4.0,46.0
2019,5,DAL,GB,24,34,0,3.5,46.5
2019,5,KC,IND,13,19,0,10.5,55.5
2019,5,CAR,JAX,34,27,0,3.0,41.0
2019,5,NYG,MIN,10,28,0,-5.5,44.0
2019,5,WAS,NE,7,33,0,-15.5,42.0
2019,5,PHI,NYJ,31,6,0,14.0,43.0
2019,5,NO,TB,31,24,0,3.0,46.0
2019,5,SF,CLE,31,3,0,5.0,47.5
2019,6,NE,NYG,35,14,0,16.5,43.0
2019,6,ARI,ATL,34,33,0,-3.0,52.5
2019,6,TB,CAR,26,37,1,-2.0,48.5
2019,6,BAL,CIN,23,17,0,10.5,47.0
2019,6,NYJ,DAL,24,22,0,-7.0,43.5
2019,6,KC,HOU,24,31,0,3.5,54.5
2019,6,JAX,NO,6,13,0,2.5,42.5
2019,6,MIN,PHI,38,20,0,3.5,44.0
2019,6,LAC,PIT,17,24,0,6.0,42.5
2019,6,CLE,SEA,28,32,0,1.0,45.5
2019,6,LA,SF,7,20,0,3.0,49.5
2019,6,DEN,TEN,16,0,0,1.0,41.0
2019,6,MIA,WAS,16,17,0,-6.0,42.0
2019,6,GB,DET,23,22,0,3.5,47.0
2019,7,DEN,KC,6,30,0,-3.0,49.5
2019,7,NYG,ARI,21,27,0,3.5,49.5
2019,7,SEA,BAL,16,30,0,3.0,49.0
2019,7,IND,HOU,30,23,0,1.5,46.5
2019,7,CIN,JAX,17,27,0,-4.0,44.5
2019,7,TEN,LAC,23,20,0,3.0,42.5
2019,7,ATL,LA,10,37,0,-3.0,54.5
2019,7,BUF,MIA,31,21,0,17.0,42.5
2019,7,DET,MIN,30,42,0,-2.5,43.5
2019,7,CHI,NO,25,36,0,4.0,37.0
2019,7,GB,LV,42,24,0,5.5,48.0
2019,7,DAL,PHI,37,10,0,3.0,50.0
2019,7,WAS,SF,0,9,0,-10.0,39.0
2019,7,NYJ,NE,0,33,0,-9.5,43.0
2019,8,MIN,WAS,19,9,0,16.5,42.0
2019,8,NO,ARI,31,9,0,12.5,47.5
2019,8,SF,CAR,51,13,0,4.5,41.0
2019,8,LA,CIN,24,10,1,12.0,48.5
2019,8,NE,CLE,27,13,0,9.5,43.0
2019,8,IND,DEN,15,13,0,6.0,41.0
2019,8,KC,GB,24,31,0,-5.0,48.0
2019,8,CHI,LAC,16,17,0,3.5,41.0
2019,8,DET,NYG,31,26,0,6.5,49.0
2019,8,JAX,NYJ,29,15,0,7.0,39.5
2019,8,HOU,LV,27,24,0,5.0,52.0
2019,8,BUF,PHI,13,31,0,1.0,39.5
2019,8,ATL,SEA,20,27,0,-7.5,48.5
2019,8,TEN,TB,27,23,0,2.0,45.5
2019,8,PIT,MIA,27,14,0,14.0,44.0
2019,9,ARI,SF,25,28,0,-10.5,43.5
2019,9,PHI,CHI,22,14,0,5.0,41.0
2019,9,DEN,CLE,24,19,0,-4.0,39.0
2019,9,LV,DET,31,24,0,2.5,51.5
2019,9,LAC,GB,26,11,0,-4.0,50.0
2019,9,JAX,HOU,3,26,1,1.0,46.0
2019,9,PIT,IND,26,24,0,1.0,39.5
2019,9,KC,MIN,26,23,0,-5.5,46.0
2019,9,BAL,NE,37,20,0,-3.0,44.5
2019,9,MIA,NYJ,26,18,0,-3.5,42.5
2019,9,SEA,TB,40,34,0,4.0,51.0
2019,9,CAR,TEN,30,20,0,3.5,43.0
2019,9,BUF,WAS,24,9,0,10.5,37.0
2019,9,NYG,DAL,18,37,0,-6.5,48.5
2019,10,LV,LAC,26,24,0,-1.0,49.0
2019,10,TB,ARI,30,27,0,5.5,51.0
2019,10,NO,ATL,9,26,0,14.0,51.5
2019,10,CIN,BAL,13,49,0,-10.5,44.0
2019,10,CLE,BUF,19,16,0,3.0,42.0
2019,10,GB,CAR,24,16,0,5.0,49.0
2019,10,CHI,DET,20,13,0,6.0,38.0
2019,10,TEN,KC,35,32,0,-5.0,49.0
2019,10,PIT,LA,17,12,0,-4.0,43.0
2019,10,IND,MIA,12,16,0,11.0,44.5
2019,10,DAL,MIN,24,28,0,3.5,48.5
2019,10,NYJ,NYG,34,27,0,-3.0,43.0
2019,10,SF,SEA,24,27,0,6.5,47.0
2019,11,CLE,PIT,21,7,0,3.0,41.5
2019,11,SF,ARI,36,26,0,10.0,44.0
2019,11,CAR,ATL,3,29,0,3.5,49.0
2019,11,MIA,BUF,20,37,0,-7.0,41.5
2019,11,LA,CHI,17,7,0,5.0,40.0
2019,11,LV,CIN,17,10,0,13.0,48.0
2019,11,DET,DAL,27,35,0,-7.5,46.5
2019,11,MIN,DEN,27,23,0,10.0,40.5
2019,11,BAL,HOU,41,7,0,4.0,51.0
2019,11,IND,JAX,33,13,0,2.5,41.5
2019,11,PHI,NE,10,17,0,-4.5,45.0
2019,11,TB,NO,17,34,0,-5.0,50.5
2019,11,WAS,NYJ,17,34,0,1.0,37.5
2019,11,LAC,KC,17,24,1,-5.5,52.5
2019,12,HOU,IND,20,17,0,3.5,46.0
2019,12,NO,CAR,34,31,0,10.0,46.0
2019,12,NE,DAL,13,9,0,5.5,44.5
2019,12,BUF,DEN,20,3,0,3.5,37.0
2019,12,WAS,DET,19,16,0,-4.0,39.0
2019,12,SF,GB,37,8,0,3.0,48.0
2019,12,TEN,JAX,42,20,0,4.5,42.0
2019,12,CLE,MIA,41,24,0,11.0,45.5
2019,12,CHI,NYG,19,14,0,6.0,41.0
2019,12,NYJ,LV,34,3,0,-3.5,45.0
2019,12,CIN,PIT,10,16,0,-5.5,37.5
2019,12,PHI,SEA,9,17,0,-1.0,45.5
2019,12,ATL,TB,22,35,0,3.5,51.5
2019,12,LA,BAL,6,45,0,-3.5,47.0
2019,13,DAL,BUF,15,26,0,6.5,46.5
2019,13,DET,CHI,20,24,0,-5.5,37.5
2019,13,ATL,NO,18,26,0,-7.0,48.0
2019,13,PIT,CLE,20,13,0,-1.0,40.0
2019,13,NYG,GB,13,31,0,-6.5,43.5
2019,13,DEN,LAC,23,20,0,-4.5,39.0
2019,13,ARI,LA,7,34,0,-2.5,47.0
2019,13,HOU,NE,28,22,0,-3.5,47.0
2019,13,CIN,NYJ,22,6,0,-2.5,43.0
2019,13,KC,LV,40,9,0,11.5,49.5
2019,13,MIA,PHI,37,31,0,-10.5,45.0
2019,13,BAL,SF,20,17,0,5.5,45.0
2019,13,JAX,TB,11,28,0,-3.0,46.5
2019,13,IND,TEN,17,31,0,-1.0,41.5
2019,13,CAR,WAS,21,29,0,10.5,38.5
2019,13,SEA,MIN,37,30,0,2.5,48.0
2019,14,CHI,DAL,31,24,0,-3.0,43.0
2019,14,BUF,BAL,17,24,0,-6.5,44.0
2019,14,ATL,CAR,40,20,0,3.5,48.0
2019,14,CLE,CIN,27,19,0,6.5,43.0
2019,14,HOU,DEN,24,38,0,8.0,42.5
2019,14,MIN,DET,20,7,0,12.0,43.5
2019,14,TB,IND,38,35,0,3.0,46.5
2019,14,NE,KC,16,23,0,3.0,49.5
2019,14,JAX,LAC,10,45,0,-3.5,42.0
2019,14,NYJ,MIA,22,21,0,5.0,47.0
2019,14,ARI,PIT,17,23,0,-2.5,43.5
2019,14,LA,SEA,28,12,0,1.0,47.5
2019,14,NO,SF,46,48,0,1.0,45.0
2019,14,LV,TEN,21,42,0,-3.0,47.0
2019,14,GB,WAS,20,15,0,13.0,42.5
2019,14,PHI,NYG,23,17,0,9.5,45.5
2019,15,BAL,NYJ,42,21,0,17.0,44.0
2019,15,SF,ATL,22,29,0,10.5,50.0
2019,15,PIT,BUF,10,17,0,1.0,37.0
2019,15,GB,CHI,21,13,0,4.0,40.0
2019,15,ARI,CLE,38,24,0,-3.0,49.0
2019,15,KC,DEN,23,3,0,10.0,43.0
2019,15,TEN,HOU,21,24,0,3.0,50.0
2019,15,LV,JAX,16,20,0,7.0,47.0
2019,15,DAL,LA,44,21,0,-1.0,48.5
2019,15,NYG,MIA,36,20,0,3.5,47.0
2019,15,LAC,MIN,10,39,0,-1.0,45.0
2019,15,CIN,NE,13,34,0,-10.5,42.0
2019,15,WAS,PHI,27,37,0,-7.0,38.0
2019,15,CAR,SEA,24,30,0,-6.0,48.5
2019,15,DET,TB,17,38,0,-5.5,46.0
2019,15,NO,IND,34,7,0,8.0,48.5
2019,16,NE,BUF,24,17,0,7.0,39.5
2019,16,TB,HOU,20,23,0,-3.0,50.0
2019,16,SF,LA,34,31,0,7.0,45.5
2019,16,SEA,ARI,13,27,0,8.0,51.0
2019,16,CLE,BAL,15,31,0,-9.5,48.5
2019,16,IND,CAR,38,6,0,7.5,46.0
2019,16,MIA,CIN,38,35,0,-1.5,46.0
2019,16,PHI,DAL,17,9,0,-2.0,47.0
2019,16,DEN,DET,27,17,0,9.5,40.0
2019,16,ATL,JAX,24,12,0,7.5,48.0
2019,16,CHI,KC,3,26,0,-6.5,45.5
2019,16,TEN,NO,28,38,0,-3.5,49.0
2019,16,WAS,NYG,35,41,0,-1.0,42.0
2019,16,LAC,LV,17,24,0,7.5,45.0
2019,16,NYJ,PIT,16,10,0,-3.0,36.5
2019,16,MIN,GB,10,23,0,4.0,47.0
2019,17,LA,ARI,31,24,0,7.0,46.0
2019,17,TB,ATL,22,28,0,1.0,48.0
2019,17,MIN,CHI,19,21,0,-5.5,36.5
2019,17,CIN,CLE,33,23,0,-2.5,44.0
2019,17,DET,GB,20,23,0,-13.5,44.0
2019,17,JAX,IND,38,20,0,-5.0,41.5
2019,17,KC,LAC,31,21,0,10.0,46.0
2019,17,NE,MIA,24,27,0,17.5,46.0
2019,17,CAR,NO,10,42,0,-13.5,45.0
2019,17,BUF,NYJ,6,13,0,-1.5,37.0
2019,17,DEN,LV,16,15,0,5.5,41.5
2019,17,NYG,PHI,17,34,0,-4.0,44.0
2019,17,BAL,PIT,28,10,0,-2.0,35.0
2019,17,SEA,SF,21,26,0,-3.5,47.0
2019,17,HOU,TEN,14,35,0,-10.0,43.0
2019,17,DAL,WAS,47,16,0,13.0,47.5
2019,18,HOU,BUF,22,19,0,2.5,43.0
2019,18,NE,TEN,13,20,0,4.5,45.0
2019,18,NO,MIN,20,26,0,7.5,50.0
2019,18,PHI,SEA,9,17,0,1.0,44.0
2019,19,SF,MIN,27,10,0,7.0,44.5
2019,19,BAL,TEN,12,28,0,10.0,47.5
2019,19,KC,HOU,51,31,0,10.0,50.5
2019,19,GB,SEA,28,23,0,4.5,46.0
2019,20,SF,GB,37,20,0,8.0,46.5
2019,20,KC,TEN,35,24,0,7.5,51.0
2019,21,KC,SF,31,20,1,1.5,52.5
2020,1,KC,HOU,34,20,0,9.5,53.5
2020,1,SF,ARI,20,24,0,7.0,48.5
2020,1,DET,CHI,23,27,0,2.5,42.5
2020,1,BAL,CLE,38,6,0,7.0,47.0
2020,1,LA,DAL,20,17,0,1.0,52.0
2020,1,MIN,GB,34,43,0,1.0,45.0
2020,1,JAX,IND,27,20,0,-7.0,44.0
2020,1,CIN,LAC,13,16,0,-2.5,41.5
2020,1,CAR,LV,30,34,0,-3.0,48.0
2020,1,NE,MIA,21,11,0,7.5,41.5
2020,1,BUF,NYJ,27,17,0,6.5,39.5
2020,1,WAS,PHI,27,17,0,-5.5,41.5
2020,1,ATL,SEA,25,38,0,1.0,49.5
2020,1,NO,TB,34,23,0,4.0,48.5
2020,1,NYG,PIT,16,26,0,-6.0,44.0
2020,1,DEN,TEN,14,16,0,-3.0,41.0
2020,2,CLE,CIN,35,30,0,6.0,44.5
2020,2,DAL,ATL,40,39,0,3.0,53.0
2020,2,HOU,BAL,16,33,0,-7.5,49.5
2020,2,MIA,BUF,28,31,0,-5.5,42.5
2020,2,TB,CAR,31,17,0,7.5,47.0
2020,2,PIT,DEN,26,21,0,6.0,41.0
2020,2,GB,DET,42,21,0,7.0,51.0
2020,2,TEN,JAX,33,30,0,7.0,44.5
2020,2,LAC,KC,20,23,0,-8.5,47.0
2020,2,PHI,LA,19,37,0,2.0,46.0
2020,2,IND,MIN,28,11,0,3.5,49.0
2020,2,SEA,NE,35,30,0,4.0,45.0
2020,2,CHI,NYG,17,13,0,4.5,42.5
2020,2,NYJ,SF,13,31,0,-7.0,41.5
2020,2,ARI,WAS,30,15,0,7.5,46.5
2020,2,LV,NO,34,24,0,-4.0,47.5
2020,3,JAX,MIA,13,31,0,3.0,49.0
2020,3,LAC,CAR,16,21,0,6.0,43.5
2020,3,ATL,CHI,26,30,0,2.5,46.0
2020,3,PHI,CIN,23,23,0,5.5,46.5
2020,3,SEA,DAL,38,31,0,5.5,58.0
2020,3,ARI,DET,23,26,0,4.5,55.5
2020,3,NO,GB,30,37,0,3.5,52.0
2020,3,PIT,HOU,28,21,0,4.0,46.5
2020,3,BUF,LA,35,32,0,1.5,46.5
2020,3,NE,LV,36,20,0,7.0,47.0
2020,3,IND,NYJ,36,7,0,12.5,44.0
2020,3,NYG,SF,9,36,0,-3.0,44.0
2020,3,DEN,TB,10,28,0,-6.0,42.5
2020,3,MIN,TEN,30,31,0,-3.0,49.5
2020,3,CLE,WAS,34,20,0,7.5,45.0
2020,3,BAL,KC,20,34,0,3.5,55.0
2020,4,NYJ,DEN,28,37,0,1.0,41.0
2020,4,CAR,ARI,31,21,0,-3.0,52.5
2020,4,WAS,BAL,17,31,0,-14.5,45.0
2020,4,LV,BUF,23,30,0,-3.0,53.0
2020,4,DAL,CLE,38,49,0,3.5,56.5
2020,4,CHI,IND,11,19,0,-3.5,43.5
2020,4,CIN,JAX,33,25,0,1.0,50.0
2020,4,TB,LAC,38,31,0,7.5,42.5
2020,4,HOU,MIN,23,31,0,3.5,52.5
2020,4,DET,NO,29,35,0,-3.0,51.5
2020,4,LA,NYG,17,9,0,13.5,49.5
2020,4,SF,PHI,20,25,0,8.5,45.5
2020,4,MIA,SEA,23,31,0,-4.5,55.0
2020,4,GB,ATL,30,16,0,5.0,56.5
2020,4,KC,NE,26,10,0,7.0,52.5
2020,5,CHI,TB,20,19,0,-3.5,44.0
2020,5,NYJ,ARI,10,30,0,-7.0,48.5
2020,5,ATL,CAR,16,23,0,2.5,53.5
2020,5,BAL,CIN,27,3,0,12.5,49.0
2020,5,CLE,IND,32,23,0,1.0,48.5
2020,5,HOU,JAX,30,14,0,6.5,55.0
2020,5,WAS,LA,10,30,0,-7.0,45.0
2020,5,KC,LV,32,40,0,11.0,54.5
2020,5,SF,MIA,17,43,0,8.5,50.5
2020,5,SEA,MIN,27,26,0,6.5,54.0
2020,5,DAL,NYG,37,34,0,7.5,52.0
2020,5,PIT,PHI,38,29,0,7.5,44.0
2020,5,NO,LAC,30,27,0,7.0,49.5
2020,5,TEN,BUF,42,16,0,-3.0,52.0
2020,6,MIN,ATL,23,40,0,3.5,53.0
2020,6,PHI,BAL,28,30,0,-10.5,46.5
2020,6,CAR,CHI,16,23,0,2.0,45.0
2020,6,IND,CIN,31,27,0,7.5,46.0
2020,6,PIT,CLE,38,7,0,3.0,50.0
2020,6,NE,DEN,12,18,0,7.0,43.5
2020,6,JAX,DET,16,34,0,-3.0,52.5
2020,6,TB,GB,38,10,0,-3.0,55.0
2020,6,TEN,HOU,42,36,0,4.0,52.0
2020,6,SF,LA,24,16,0,-2.0,51.0
2020,6,MIA,NYJ,24,0,0,9.5,46.0
2020,6,NYG,WAS,20,19,0,2.0,42.5
2020,6,DAL,ARI,10,38,0,1.0,55.5
2020,6,BUF,KC,17,26,0,-5.5,55.0
2020,7,PHI,NYG,22,21,0,5.0,44.5
2020,7,NYJ,BUF,10,18,0,-9.5,47.0
2020,7,NO,CAR,27,24,0,7.0,49.5
2020,7,CIN,CLE,34,37,0,-4.5,50.0
2020,7,WAS,DAL,25,3,0,-1.0,44.5
2020,7,ATL,DET,22,23,0,1.0,54.0
2020,7,HOU,GB,20,35,0,-2.5,55.5
2020,7,LAC,JAX,39,29,0,8.0,48.0
2020,7,DEN,KC,16,43,0,-7.0,46.0
2020,7,TEN,PIT,24,27,0,1.0,51.0
2020,7,ARI,SEA,37,34,0,-3.5,55.5
2020,7,NE,SF,6,33,0,3.0,44.0
2020,7,LV,TB,20,45,0,-3.5,51.5
2020,7,LA,CHI,24,10,0,6.5,44.0
2020,8,CAR,ATL,17,25,0,1.5,52.0
2020,8,PHI,DAL,23,9,0,10.0,43.0
2020,8,DET,IND,21,41,0,-3.5,49.0
2020,8,DEN,LAC,31,30,0,-3.0,44.5
2020,8,MIA,LA,28,17,0,-3.5,46.5
2020,8,CLE,LV,6,16,0,1.0,48.0
2020,8,GB,MIN,22,28,0,5.5,47.0
2020,8,BUF,NE,24,21,0,4.0,41.0
2020,8,CHI,NO,23,26,0,-5.5,41.0
2020,8,KC,NYJ,35,9,0,20.0,49.0
2020,8,BAL,PIT,24,28,0,4.0,44.0
2020,8,SEA,SF,37,27,0,1.0,54.5
2020,8,CIN,TEN,31,20,0,-7.5,49.5
2020,8,NYG,TB,23,25,0,-13.0,47.0
2020,9,SF,GB,17,34,0,-6.0,48.5
2020,9,IND,BAL,10,24,0,1.0,48.0
2020,9,KC,CAR,33,31,0,10.0,51.5
2020,9,TEN,CHI,24,17,0,6.5,46.5
2020,9,ATL,DEN,34,27,0,4.5,50.0
2020,9,MIN,DET,34,20,0,3.0,51.5
2020,9,JAX,HOU,25,27,0,-7.0,49.0
2020,9,LAC,LV,26,31,0,-1.0,52.5
2020,9,ARI,MIA,31,34,0,6.0,49.0
2020,9,TB,NO,3,38,0,3.0,51.0
2020,9,WAS,NYG,20,23,0,3.0,43.0
2020,9,DAL,PIT,19,24,0,-14.0,44.0
2020,9,BUF,SEA,44,34,0,-3.0,55.0
2020,9,NYJ,NE,27,30,0,-9.5,41.5
2020,10,TEN,IND,17,34,0,-1.0,49.0
2020,10,NE,BAL,23,17,0,-7.0,44.0
2020,10,ARI,BUF,32,30,0,3.0,55.5
2020,10,PIT,CIN,36,10,0,6.5,45.5
2020,10,LV,DEN,37,12,0,3.5,50.5
2020,10,CLE,HOU,10,7,0,4.5,46.0
2020,10,GB,JAX,24,20,0,13.5,47.0
2020,10,MIA,LAC,29,21,0,1.0,48.5
2020,10,NYG,PHI,27,17,0,-4.5,45.0
2020,10,LA,SEA,23,16,0,3.0,55.0
2020,10,NO,SF,27,13,0,9.5,49.5
2020,10,CAR,TB,23,46,0,-6.0,49.5
2020,10,DET,WAS,30,27,0,2.5,46.0
2020,10,CHI,MIN,13,19,0,-3.5,44.0
2020,11,SEA,ARI,28,21,0,3.0,56.5
2020,11,NO,ATL,24,9,0,3.5,49.5
2020,11,WAS,CIN,20,9,0,2.0,48.0
2020,11,MIN,DAL,28,31,0,7.0,50.0
2020,11,CAR,DET,20,0,0,-3.0,47.0
2020,11,IND,GB,34,31,0,1.5,52.0
2020,11,LV,KC,31,35,0,-7.5,56.5
2020,11,DEN,MIA,20,13,0,-4.0,46.0
2020,11,HOU,NE,27,20,0,-2.5,49.5
2020,11,LAC,NYJ,34,28,0,10.0,47.0
2020,11,CLE,PHI,22,17,0,2.5,45.5
2020,11,JAX,PIT,3,27,0,-11.0,47.0
2020,11,BAL,TEN,24,30,0,6.0,50.5
2020,11,TB,LA,24,27,0,4.0,47.5
2020,12,DET,HOU,25,41,0,-3.0,52.5
2020,12,DAL,WAS,16,41,0,2.5,46.0
2020,12,NE,ARI,20,17,0,-1.0,51.0
2020,12,MIN,CAR,28,27,0,3.0,50.0
2020,12,GB,CHI,41,25,0,7.5,44.0
2020,12,JAX,CLE,25,27,0,-7.5,48.5
2020,12,TB,KC,24,27,0,-3.5,56.0
2020,12,BUF,LAC,27,17,0,4.5,51.0
2020,12,ATL,LV,43,6,0,-3.5,53.0
2020,12,NYJ,MIA,3,20,0,-7.5,46.0
2020,12,DEN,NO,3,31,0,-17.0,36.5
2020,12,CIN,NYG,17,19,0,-6.5,45.0
2020,12,LA,SF,20,23,0,5.0,44.5
2020,12,IND,TEN,26,45,0,3.0,51.5
2020,12,PHI,SEA,17,23,0,-6.5,50.0
2020,12,PIT,BAL,19,14,0,10.5,41.5
2020,13,MIA,CIN,19,7,0,10.5,43.0
2020,13,TEN,CLE,35,41,0,4.0,54.0
2020,13,KC,DEN,22,16,0,13.0,51.0
2020,13,CHI,DET,30,34,0,3.0,44.0
2020,13,HOU,IND,20,26,0,-3.5,50.0
2020,13,MIN,JAX,27,24,0,10.5,51.0
2020,13,ARI,LA,28,38,0,-2.5,49.0
2020,13,NYJ,LV,28,31,0,-7.5,48.0
2020,13,LAC,NE,0,45,0,2.5,47.0
2020,13,ATL,NO,16,21,0,-2.5,46.0
2020,13,SEA,NYG,12,17,0,11.0,48.5
2020,13,GB,PHI,30,16,0,8.0,50.0
2020,13,SF,BUF,24,34,1,1.5,48.0
2020,13,PIT,WAS,17,23,0,5.5,43.5
2020,13,BAL,DAL,34,17,0,8.5,46.0
2020,14,LA,NE,24,3,0,5.0,43.5
2020,14,NYG,ARI,7,26,0,-3.0,47.0
2020,14,LAC,ATL,20,17,0,1.0,49.0
2020,14,CIN,DAL,7,30,0,-3.0,44.0
2020,14,CAR,DEN,27,32,0,4.0,46.0
2020,14,DET,GB,24,31,0,-9.5,55.5
2020,14,CHI,HOU,36,7,0,-1.0,46.0
2020,14,LV,IND,27,44,0,-2.5,51.5
2020,14,MIA,KC,27,33,0,-7.5,51.5
2020,14,TB,MIN,26,14,0,7.0,52.5
2020,14,PHI,NO,24,21,0,-7.5,43.0
2020,14,SEA,NYJ,40,3,0,16.5,49.5
2020,14,BUF,PIT,26,15,0,2.0,48.5
2020,14,JAX,TEN,10,31,0,-7.5,53.0
2020,14,SF,WAS,15,23,1,3.0,43.5
2020,14,CLE,BAL,42,47,0,-3.0,45.5
2020,15,LV,LAC,27,30,0,3.5,52.0
2020,15,DEN,BUF,19,48,0,-5.5,49.0
2020,15,GB,CAR,24,16,0,9.5,53.0
2020,15,MIN,CHI,27,33,0,2.5,47.5
2020,15,NYG,CLE,6,20,0,-6.0,44.5
2020,15,TEN,DET,46,25,0,9.5,54.5
2020,15,IND,HOU,27,20,0,7.5,52.5
2020,15,BAL,JAX,40,14,0,13.0,49.5
2020,15,NO,KC,29,32,0,-2.5,53.5
2020,15,MIA,NE,22,12,0,-1.5,40.0
2020,15,LA,NYJ,20,23,0,17.5,44.5
2020,15,ARI,PHI,33,26,0,6.5,49.5
2020,15,WAS,SEA,15,20,0,-6.0,44.5
2020,15,DAL,SF,41,33,0,-4.0,46.0
2020,15,ATL,TB,27,31,0,-6.0,49.5
2020,15,CIN,PIT,27,17,0,-14.5,40.5
2020,16,NO,MIN,52,33,0,6.5,49.0
2020,16,LV,MIA,25,26,0,-2.0,50.0
2020,16,ARI,SF,12,20,0,6.0,49.0
2020,16,DET,TB,7,47,0,-12.0,55.0
2020,16,KC,ATL,17,14,0,11.0,54.0
2020,16,WAS,CAR,13,20,0,-1.0,41.0
2020,16,JAX,CHI,17,41,0,-9.5,47.0
2020,16,HOU,CIN,31,37,0,7.5,46.0
2020,16,NYJ,CLE,23,16,0,-6.5,45.0
2020,16,LAC,DEN,19,16,0,2.5,47.5
2020,16,PIT,IND,28,24,0,-1.0,43.0
2020,16,SEA,LA,20,9,0,1.5,48.0
2020,16,BAL,NYG,27,13,0,10.0,43.5
2020,16,DAL,PHI,37,17,0,-3.0,50.0
2020,16,GB,TEN,40,14,0,3.0,52.5
2020,16,NE,BUF,9,38,0,-7.0,47.0
2020,17,LA,ARI,18,7,0,1.0,42.0
2020,17,TB,ATL,44,27,0,7.5,51.0
2020,17,CIN,BAL,3,38,0,-13.5,46.0
2020,17,NYG,DAL,23,19,0,-1.5,44.5
2020,17,CHI,GB,16,35,0,-4.5,48.5
2020,17,IND,JAX,28,14,0,15.5,48.0
2020,17,KC,LAC,21,38,0,-7.0,43.0
2020,17,DEN,LV,31,32,0,-2.5,50.5
2020,17,BUF,MIA,56,26,0,-3.5,42.5
2020,17,DET,MIN,35,37,0,-3.0,54.0
2020,17,CAR,NO,7,33,0,-6.0,47.0
2020,17,NE,NYJ,28,14,0,3.0,41.0
2020,17,CLE,PIT,24,22,0,10.5,45.0
2020,17,SF,SEA,23,26,1,-7.0,45.0
2020,17,HOU,TEN,38,41,0,-7.0,55.5
2020,17,PHI,WAS,14,20,0,-6.5,43.5
2020,18,BUF,IND,27,24,0,7.0,50.5
2020,18,SEA,LA,20,30,0,3.0,42.0
2020,18,WAS,TB,23,31,0,-10.0,45.0
2020,18,TEN,BAL,13,20,0,-3.5,53.0
2020,18,NO,CHI,21,9,0,11.0,48.0
2020,18,PIT,CLE,37,48,0,5.0,47.5
2020,19,BUF,BAL,17,3,0,2.5,50.0
2020,19,GB,LA,32,18,0,7.0,45.0
2020,19,KC,CLE,22,17,0,7.5,55.5
2020,19,NO,TB,20,30,0,2.5,53.0
2020,20,KC,BUF,38,24,0,3.0,54.5
2020,20,GB,TB,26,31,0,3.0,53.0
2020,21,TB,KC,31,9,1,-3.0,55.0
2021,1,TB,DAL,31,29,0,10.0,52.5
2021,1,TEN,ARI,13,38,0,2.5,54.0
2021,1,LA,CHI,34,14,0,9.5,46.0
2021,1,KC,CLE,33,29,0,5.5,54.5
2021,1,NYG,DEN,13,27,0,-3.0,41.5
2021,1,NO,GB,38,3,1,-4.0,49.0
2021,1,HOU,JAX,37,21,0,-3.5,45.5
2021,1,WAS,LAC,16,20,0,2.5,45.5
2021,1,NE,MIA,16,17,0,3.5,43.5
2021,1,CIN,MIN,27,24,0,-3.0,47.0
2021,1,CAR,NYJ,19,14,0,3.5,44.5
2021,1,ATL,PHI,6,32,0,3.5,49.0
2021,1,BUF,PIT,16,23,0,6.5,48.0
2021,1,IND,SEA,16,28,0,-3.0,49.0
2021,1,DET,SF,33,41,0,-9.5,46.0
2021,1,LV,BAL,33,27,0,-3.0,50.5
2021,2,WAS,NYG,30,29,0,4.0,42.0
2021,2,TB,ATL,48,25,0,13.5,52.0
2021,2,MIA,BUF,0,35,0,-3.5,48.0
2021,2,CHI,CIN,20,17,0,2.0,44.5
2021,2,LAC,DAL,17,20,0,3.0,55.0
2021,2,JAX,DEN,13,23,0,-6.0,45.0
2021,2,CLE,HOU,31,21,0,13.5,48.5
2021,2,BAL,KC,36,35,0,-3.5,53.5
2021,2,IND,LA,24,27,0,-4.0,48.0
2021,2,PIT,LV,17,26,0,5.5,46.5
2021,2,ARI,MIN,34,33,0,4.0,51.0
2021,2,NYJ,NE,6,25,0,-5.5,43.0
2021,2,CAR,NO,26,7,0,-3.0,45.0
2021,2,PHI,SF,11,17,0,-3.0,49.0
2021,2,SEA,TEN,30,33,0,6.5,53.5
2021,2,GB,DET,35,17,0,11.5,49.5
2021,3,HOU,CAR,9,24,0,-8.0,43.0
2021,3,JAX,ARI,19,31,0,-8.0,51.5
2021,3,NYG,ATL,14,17,0,3.0,48.0
2021,3,DET,BAL,17,19,0,-7.5,51.0
2021,3,CLE,CHI,26,6,0,7.5,45.0
2021,3,PIT,CIN,10,24,0,2.5,42.5
2021,3,SF,GB,28,30,0,3.5,50.5
2021,3,TEN,IND,25,16,0,4.5,47.0
2021,3,KC,LAC,24,30,0,6.5,55.0
2021,3,LV,MIA,31,28,0,4.0,45.0
2021,3,NE,NO,13,28,0,3.0,44.0
2021,3,DEN,NYJ,26,0,0,10.5,42.0
2021,3,MIN,SEA,30,17,0,-2.0,53.5
2021,3,LA,TB,34,24,0,-1.0,55.0
2021,3,BUF,WAS,43,21,0,7.5,45.5
2021,3,DAL,PHI,41,21,0,3.5,51.5
2021,4,CIN,JAX,24,21,0,7.5,46.0
2021,4,LA,ARI,20,37,0,3.5,53.5
2021,4,DEN,BAL,7,23,0,1.0,44.0
2021,4,DAL,CAR,36,28,0,4.5,51.5
2021,4,MIN,CLE,7,14,0,-1.0,52.0
2021,4,CHI,DET,24,14,0,3.0,42.0
2021,4,BUF,HOU,40,0,0,19.0,47.5
2021,4,MIA,IND,17,27,0,2.5,41.5
2021,4,PHI,KC,30,42,0,-7.5,53.5
2021,4,NO,NYG,21,27,0,7.5,43.0
2021,4,GB,PIT,27,17,0,6.5,45.0
2021,4,SF,SEA,21,28,0,2.5,52.0
2021,4,NE,TB,17,19,0,-6.0,49.5
2021,4,NYJ,TEN,27,24,0,-5.5,44.5
2021,4,ATL,WAS,30,34,0,-1.0,47.5
2021,4,LAC,LV,28,14,0,3.0,52.0
2021,5,SEA,LA,17,26,0,-2.5,53.5
2021,5,KC,BUF,20,38,0,2.5,57.0
2021,5,LV,CHI,9,20,0,5.5,46.0
2021,5,LAC,CLE,47,42,0,2.5,46.5
2021,5,PIT,DEN,27,19,0,-2.0,40.0
2021,5,MIN,DET,19,17,0,10.0,49.5
2021,5,CIN,GB,22,25,0,-2.0,50.0
2021,5,TB,MIA,45,17,0,11.0,48.0
2021,5,HOU,NE,22,25,0,-8.0,39.5
2021,5,WAS,NO,22,33,0,-2.5,43.5
2021,5,DAL,NYG,44,20,0,7.5,53.0
2021,5,ATL,NYJ,27,20,1,3.0,45.5
2021,5,CAR,PHI,18,21,0,2.5,46.0
2021,5,ARI,SF,17,10,0,6.0,48.5
2021,5,JAX,TEN,19,37,0,-4.0,49.0
2021,5,BAL,IND,31,25,0,7.5,46.5
2021,6,PHI,TB,22,28,0,-7.0,53.0
2021,6,CLE,ARI,14,37,0,3.0,48.0
2021,6,DET,CIN,11,34,0,-3.5,46.5
2021,6,NE,DAL,29,35,0,-3.5,50.5
2021,6,CHI,GB,14,24,0,-5.5,44.0
2021,6,IND,HOU,31,3,0,10.5,43.5
2021,6,WAS,KC,13,31,0,-6.0,54.0
2021,6,BAL,LAC,34,6,0,3.0,50.5
2021,6,NYG,LA,11,38,0,-7.5,49.5
2021,6,DEN,LV,24,34,0,5.0,45.5
2021,6,JAX,MIA,23,20,1,-2.5,47.5
2021,6,CAR,MIN,28,34,0,-2.5,45.5
2021,6,PIT,SEA,23,20,0,5.5,43.0
2021,6,TEN,BUF,34,31,0,-6.0,53.5
2021,7,CLE,DEN,17,14,0,2.0,40.5
2021,7,MIA,ATL,28,30,0,-1.5,48.5
2021,7,NYG,CAR,25,3,0,-3.0,42.5
2021,7,TB,CHI,38,3,0,12.5,47.0
2021,7,BAL,CIN,17,41,0,6.5,45.5
2021,7,LA,DET,28,19,0,17.0,51.0
2021,7,ARI,HOU,31,5,0,20.5,47.0
2021,7,SF,IND,18,30,0,3.5,41.5
2021,7,TEN,KC,27,3,0,-4.0,57.5
2021,7,NE,NYJ,54,13,0,7.0,43.0
2021,7,LV,PHI,33,22,0,1.0,48.0
2021,7,GB,WAS,24,10,0,8.5,48.0
2021,7,SEA,NO,10,13,0,-6.0,42.0
2021,8,ARI,GB,21,24,0,6.5,51.0
2021,8,ATL,CAR,13,19,0,2.5,47.0
2021,8,NYJ,CIN,34,31,0,-11.5,43.5
2021,8,MIN,DAL,16,20,0,4.5,49.5
2021,8,SEA,JAX,31,7,0,4.0,44.0
2021,8,HOU,LA,22,38,0,-17.0,47.0
2021,8,BUF,MIA,26,11,0,15.0,48.5
2021,8,LAC,NE,24,27,0,3.5,50.5
2021,8,DET,PHI,6,44,0,-3.0,48.5
2021,8,CLE,PIT,10,15,0,5.5,43.0
2021,8,CHI,SF,22,33,0,-4.5,40.0
2021,8,NO,TB,36,27,0,-4.0,48.5
2021,8,IND,TEN,31,34,0,3.0,51.0
2021,8,DEN,WAS,17,10,0,4.0,45.0
2021,8,KC,NYG,20,17,0,10.5,53.0
2021,9,IND,NYJ,45,30,0,10.5,46.0
2021,9,SF,ARI,17,31,0,5.5,44.5
2021,9,NO,ATL,25,27,0,7.0,43.0
2021,9,JAX,BUF,9,6,0,-14.5,48.0
2021,9,CIN,CLE,16,41,0,2.5,47.5
2021,9,DAL,DEN,16,30,0,10.5,50.0
2021,9,KC,GB,13,7,0,7.0,48.0
2021,9,MIA,HOU,17,9,0,4.0,45.0
2021,9,PHI,LAC,24,27,0,-1.0,49.5
2021,9,NYG,LV,23,16,0,-3.0,47.0
2021,9,BAL,MIN,34,31,0,7.5,51.0
2021,9,CAR,NE,6,24,0,-3.5,41.5
2021,9,LA,TEN,16,28,0,7.0,53.5
2021,9,PIT,CHI,29,27,0,7.0,40.0
2021,10,MIA,BAL,22,10,0,-8.5,46.5
2021,10,DAL,ATL,43,3,0,8.0,55.0
2021,10,NYJ,BUF,17,45,0,-13.0,47.0
2021,10,ARI,CAR,10,34,0,7.0,42.0
2021,10,NE,CLE,45,7,0,2.5,45.5
2021,10,PIT,DET,16,16,0,9.0,43.0
2021,10,IND,JAX,23,17,0,10.5,47.5
2021,10,LV,KC,14,41,0,-2.5,53.5
2021,10,LAC,MIN,20,27,0,3.0,53.5
2021,10,TEN,NO,23,21,0,3.0,44.0
2021,10,DEN,PHI,13,30,0,1.0,44.5
2021,10,GB,SEA,17,0,0,3.0,49.5
2021,10,WAS,TB,29,19,0,-10.0,51.0
2021,10,SF,LA,31,10,0,-3.5,50.0
2021,11,ATL,NE,0,25,0,-7.0,47.5
2021,11,SEA,ARI,13,23,0,2.5,46.0
2021,11,CHI,BAL,13,16,0,-5.0,43.0
2021,11,LV,CIN,13,32,0,-1.0,50.5
2021,11,KC,DAL,19,9,0,2.5,56.0
2021,11,CLE,DET,13,10,0,13.0,42.5
2021,11,MIN,GB,34,31,0,-1.0,48.0
2021,11,TEN,HOU,13,22,0,10.5,44.5
2021,11,BUF,IND,15,41,0,7.5,49.5
2021,11,NYJ,MIA,17,24,0,-3.5,44.5
2021,11,PHI,NO,40,29,0,2.5,42.5
2021,11,LAC,PIT,41,37,0,5.5,47.5
2021,11,JAX,SF,10,30,0,-6.5,45.0
2021,11,CAR,WAS,21,27,0,3.5,43.0
2021,11,TB,NYG,30,10,0,11.5,49.5
2021,12,NO,BUF,6,31,0,-7.0,45.0
2021,12,DET,CHI,14,16,0,-2.0,41.5
2021,12,DAL,LV,33,36,0,7.0,51.0
2021,12,JAX,ATL,14,21,0,-1.5,46.0
2021,12,MIA,CAR,33,10,0,-1.0,41.0
2021,12,BAL,CLE,16,10,0,3.0,47.0
2021,12,DEN,LAC,28,13,0,-2.5,47.5
2021,12,GB,LA,36,28,0,-2.0,47.0
2021,12,SF,MIN,34,26,0,3.5,49.0
2021,12,HOU,NYJ,14,21,0,3.0,44.5
2021,12,NYG,PHI,13,7,0,-4.0,45.5
2021,12,CIN,PIT,41,10,0,3.5,43.5
2021,12,IND,TB,31,38,0,-3.0,53.0
2021,12,NE,TEN,36,13,0,7.5,43.0
2021,12,WAS,SEA,17,15,0,-1.0,47.0
2021,13,NO,DAL,17,27,0,-6.0,46.0
2021,13,CHI,ARI,22,33,0,-7.5,43.5
2021,13,PIT,BAL,20,19,0,-4.0,44.0
2021,13,KC,DEN,22,9,0,8.5,46.5
2021,13,HOU,IND,0,31,0,-10.0,45.5
2021,13,LA,JAX,37,7,0,14.0,48.0
2021,13,CIN,LAC,22,41,0,2.5,49.5
2021,13,DET,MIN,29,27,0,-7.0,47.5
2021,13,MIA,NYG,20,9,0,6.5,40.0
2021,13,NYJ,PHI,18,33,0,-5.0,44.0
2021,13,SEA,SF,30,23,0,-3.0,44.5
2021,13,ATL,TB,17,30,0,-11.0,51.0
2021,13,LV,WAS,15,17,0,1.0,47.5
2021,13,BUF,NE,10,14,0,3.0,40.0
2021,14,MIN,PIT,36,28,0,3.5,45.0
2021,14,CAR,ATL,21,29,0,2.5,41.0
2021,14,CLE,BAL,24,22,0,3.0,44.0
2021,14,TB,BUF,33,27,0,3.5,52.5
2021,14,GB,CHI,45,30,0,11.5,43.0
2021,14,WAS,DAL,20,27,0,-6.5,48.0
2021,14,DEN,DET,38,10,0,13.0,42.0
2021,14,TEN,JAX,20,0,0,8.5,44.5
2021,14,KC,LV,48,9,0,10.0,48.0
2021,14,NYJ,NO,9,30,0,-4.5,42.0
2021,14,LAC,NYG,37,21,0,9.5,44.0
2021,14,HOU,SEA,13,33,0,-10.0,40.5
2021,14,CIN,SF,23,26,0,-2.5,49.0
2021,14,ARI,LA,23,30,0,3.0,51.0
2021,15,LAC,KC,28,34,0,-3.0,54.0
2021,15,IND,NE,27,17,0,-1.0,46.0
2021,15,DET,ARI,30,12,0,-13.0,48.0
2021,15,SF,ATL,31,13,0,9.5,48.0
2021,15,BUF,CAR,31,14,0,14.0,43.0
2021,15,DEN,CIN,10,15,0,3.0,45.0
2021,15,NYG,DAL,6,21,0,-11.5,43.0
2021,15,BAL,GB,30,31,0,-9.5,45.5
2021,15,JAX,HOU,16,30,0,6.0,40.0
2021,15,TB,NO,0,9,0,11.5,45.5
2021,15,MIA,NYJ,31,24,0,10.5,42.0
2021,15,PIT,TEN,19,13,0,1.0,44.0
2021,15,CLE,LV,14,16,0,-3.0,41.0
2021,15,CHI,MIN,9,17,0,-7.0,48.0
2021,15,LA,SEA,20,10,0,7.5,47.0
2021,15,PHI,WAS,27,17,0,10.0,39.5
2021,16,TEN,SF,20,17,0,-3.5,45.5
2021,16,GB,CLE,24,22,0,7.5,46.5
2021,16,ARI,IND,16,22,0,3.0,48.0
2021,16,CIN,BAL,41,21,0,7.5,43.0
2021,16,NE,BUF,21,33,0,1.0,43.5
2021,16,SEA,CHI,24,25,0,7.0,41.0
2021,16,LV,DEN,17,13,0,-1.0,42.0
2021,16,ATL,DET,20,16,0,7.5,42.5
2021,16,NYJ,JAX,26,21,0,2.5,42.5
2021,16,HOU,LAC,41,29,0,-13.5,46.0
2021,16,MIN,LA,23,30,0,-3.5,48.5
2021,16,PHI,NYG,34,10,0,11.0,41.0
2021,16,KC,PIT,36,10,0,10.5,44.0
2021,16,CAR,TB,6,32,0,-11.5,44.5
2021,16,DAL,WAS,56,14,0,10.5,45.5
2021,16,NO,MIA,3,20,0,-3.0,37.5
2021,17,DAL,ARI,22,25,0,6.5,53.0
2021,17,BUF,ATL,29,15,0,14.0,46.5
2021,17,NO,CAR,18,10,0,7.0,37.0
2021,17,LAC,DEN,34,13,0,8.0,45.5
2021,17,SEA,DET,51,29,0,8.5,41.5
2021,17,SF,HOU,23,7,0,14.0,44.0
2021,17,NE,JAX,50,10,0,17.5,42.0
2021,17,CIN,KC,34,31,0,-3.5,51.0
2021,17,BAL,LA,19,20,0,-7.0,47.0
2021,17,IND,LV,20,23,0,8.5,46.5
2021,17,TEN,MIA,34,3,0,3.0,41.0
2021,17,GB,MIN,37,10,0,13.0,42.0
2021,17,CHI,NYG,29,3,0,7.0,36.5
2021,17,WAS,PHI,16,20,0,-6.5,44.5
2021,17,NYJ,TB,24,28,0,-14.5,48.0
2021,17,PIT,CLE,26,14,0,-1.0,43.5
2021,18,PHI,DAL,26,51,0,-6.5,46.0
2021,18,DEN,KC,24,28,0,-11.5,44.5
2021,18,TB,CAR,41,17,0,11.0,43.0
2021,18,MIN,CHI,31,17,0,3.5,45.5
2021,18,CLE,CIN,21,16,0,6.5,38.0
2021,18,DET,GB,37,30,0,-4.0,45.0
2021,18,JAX,IND,26,11,0,-14.0,43.0
2021,18,LV,LAC,35,32,0,-3.5,48.0
2021,18,MIA,NE,33,24,0,-6.0,41.0
2021,18,ATL,NO,20,30,0,-4.5,40.0
2021,18,BUF,NYJ,27,10,0,16.0,43.0
2021,18,BAL,PIT,13,16,0,3.0,41.0
2021,18,ARI,SEA,30,38,0,5.5,48.0
2021,18,LA,SF,24,27,0,3.0,46.5
2021,18,HOU,TEN,25,28,0,-10.5,43.0
2021,18,NYG,WAS,7,22,0,-6.0,36.0
2021,19,CIN,LV,26,19,0,6.0,48.5
2021,19,BUF,NE,47,17,0,4.5,43.0
2021,19,TB,PHI,31,15,0,7.5,45.5
2021,19,KC,PIT,42,21,0,13.0,46.0
2021,19,DAL,SF,17,23,0,3.0,51.0
2021,19,LA,ARI,34,11,0,4.0,49.5
2021,20,TEN,CIN,16,19,0,4.0,48.5
2021,20,GB,SF,10,13,0,5.5,47.0
2021,20,KC,BUF,42,36,0,2.5,54.0
2021,20,TB,LA,27,30,0,2.5,48.0
2021,21,KC,CIN,24,27,0,7.0,54.5
2021,21,LA,SF,20,17,0,3.5,45.5
2021,22,CIN,LA,20,23,1,-4.5,48.5
2022,1,LA,BUF,10,31,0,-1.0,51.5
2022,1,NYJ,BAL,9,24,0,-6.5,44.0
2022,1,CAR,CLE,24,26,0,2.5,42.5
2022,1,MIN,GB,23,7,0,2.5,47.0
2022,1,HOU,IND,20,20,0,-7.0,46.0
2022,1,WAS,JAX,28,22,0,3.0,43.5
2022,1,ARI,KC,21,44,0,-6.0,54.0
2022,1,LAC,LV,24,19,0,3.5,52.5
2022,1,MIA,NE,20,7,0,3.0,47.0
2022,1,ATL,NO,26,27,0,-6.0,43.5
2022,1,TEN,NYG,20,21,0,5.5,43.5
2022,1,DET,PHI,35,38,0,-6.0,49.0
2022,1,CIN,PIT,20,23,0,7.5,44.5
2022,1,CHI,SF,19,10,0,-6.5,38.0
2022,1,DAL,TB,3,19,0,-2.5,49.5
2022,1,SEA,DEN,17,16,0,-6.0,44.0
2022,2,KC,LAC,27,24,0,4.0,52.5
2022,2,LV,ARI,23,29,0,5.5,51.5
2022,2,LA,ATL,31,27,0,10.5,46.5
2022,2,NYG,CAR,19,16,0,-1.0,44.0
2022,2,GB,CHI,27,10,0,10.5,42.0
2022,2,DAL,CIN,20,17,0,-7.5,42.0
2022,2,DEN,HOU,16,9,0,10.5,46.0
2022,2,JAX,IND,24,0,0,-3.0,43.5
2022,2,BAL,MIA,38,42,0,3.0,44.0
2022,2,PIT,NE,14,17,0,-3.0,40.0
2022,2,CLE,NYJ,30,31,0,6.5,38.5
2022,2,SF,SEA,27,7,0,8.5,40.0
2022,2,NO,TB,10,20,0,-2.5,44.0
2022,2,DET,WAS,36,27,0,-1.0,48.5
2022,2,PHI,MIN,24,7,0,2.5,49.5
2022,2,BUF,TEN,41,7,0,10.0,47.5
2022,3,CLE,PIT,29,17,0,4.5,38.0
2022,3,SEA,ATL,23,27,0,1.0,43.0
2022,3,NE,BAL,26,37,0,-2.5,45.5
2022,3,MIA,BUF,21,19,0,-4.0,54.0
2022,3,NYJ,CIN,12,27,0,-6.5,46.0
2022,3,MIN,DET,28,24,0,6.5,52.0
2022,3,TB,GB,12,14,0,1.0,41.5
2022,3,CHI,HOU,23,20,0,3.0,40.0
2022,3,LAC,JAX,10,38,0,6.5,46.0
2022,3,IND,KC,20,17,0,-4.5,51.0
2022,3,ARI,LA,12,20,0,-3.5,49.0
2022,3,TEN,LV,24,22,0,-1.5,45.5
2022,3,CAR,NO,22,14,0,-2.0,41.0
2022,3,WAS,PHI,8,24,0,-6.0,47.0
2022,3,DEN,SF,11,10,0,-1.0,44.0
2022,3,NYG,DAL,16,23,0,1.0,38.5
2022,4,CIN,MIA,27,15,0,4.0,48.5
2022,4,CAR,ARI,16,26,0,1.0,44.0
2022,4,BAL,BUF,20,23,0,-3.0,50.0
2022,4,NYG,CHI,20,12,0,3.0,39.0
2022,4,ATL,CLE,23,20,0,-1.0,48.0
2022,4,LV,DEN,32,23,0,2.5,45.5
2022,4,PHI,JAX,29,21,0,6.5,44.0
2022,4,TB,KC,31,41,0,1.0,46.5
2022,4,HOU,LAC,24,34,0,-5.5,45.0
2022,4,NO,MIN,25,28,1,-4.0,42.0
2022,4,GB,NE,27,24,0,10.0,40.5
2022,4,PIT,NYJ,20,24,0,3.0,41.0
2022,4,DET,SEA,45,48,0,3.0,48.5
2022,4,IND,TEN,17,24,0,4.5,43.0
2022,4,DAL,WAS,25,10,0,3.0,40.5
2022,4,SF,LA,24,9,0,1.0,42.0
2022,5,DEN,IND,9,12,0,3.5,42.0
2022,5,TB,ATL,21,15,0,10.5,46.0
2022,5,MIN,CHI,29,22,0,10.0,44.0
2022,5,BAL,CIN,19,17,0,3.0,47.5
2022,5,LA,DAL,10,22,0,5.5,42.0
2022,5,NE,DET,29,0,0,3.0,46.5
2022,5,JAX,HOU,6,13,0,7.0,44.0
2022,5,CLE,LAC,28,30,0,-1.0,47.0
2022,5,NYJ,MIA,40,17,0,-3.0,46.0
2022,5,GB,NYG,22,27,1,8.5,42.0
2022,5,ARI,PHI,17,20,0,-5.5,48.5
2022,5,BUF,PIT,38,3,0,14.0,44.0
2022,5,NO,SEA,39,32,0,5.5,45.5
2022,5,CAR,SF,15,37,0,-6.0,40.0
2022,5,WAS,TEN,17,21,0,-1.0,43.0
2022,5,KC,LV,30,29,0,7.5,51.5
2022,6,CHI,WAS,7,12,0,-1.0,38.5
2022,6,SEA,ARI,19,9,0,-2.5,50.0
2022,6,NYG,BAL,24,20,0,-5.5,46.0
2022,6,KC,BUF,20,24,0,-2.5,54.0
2022,6,LA,CAR,24,10,0,10.0,41.5
2022,6,NO,CIN,26,30,0,-3.0,42.5
2022,6,PHI,DAL,26,17,0,6.5,42.5
2022,6,IND,JAX,34,27,0,1.0,41.0
2022,6,MIA,MIN,16,24,0,-3.0,45.0
2022,6,CLE,NE,15,38,0,2.5,43.0
2022,6,GB,NYJ,10,27,0,7.5,44.5
2022,6,ATL,SF,28,14,0,-3.5,46.0
2022,6,PIT,TB,20,18,0,-10.0,47.0
2022,6,LAC,DEN,19,16,0,3.5,45.5
2022,7,ARI,NO,42,34,0,2.5,44.0
2022,7,CIN,ATL,35,17,0,6.5,47.5
2022,7,BAL,CLE,23,20,0,6.5,46.0
2022,7,DAL,DET,24,6,0,7.0,49.5
2022,7,WAS,GB,23,21,0,-4.0,41.5
2022,7,LV,HOU,38,20,0,7.0,46.0
2022,7,TEN,IND,19,10,0,2.5,43.0
2022,7,SF,KC,23,44,0,-1.0,49.0
2022,7,JAX,NYG,17,23,0,3.0,44.0
2022,7,DEN,NYJ,9,16,0,-2.0,37.0
2022,7,MIA,PIT,16,10,0,7.5,44.5
2022,7,LAC,SEA,23,37,0,5.5,51.5
2022,7,CAR,TB,21,3,0,-13.0,39.5
2022,7,NE,CHI,14,33,0,9.5,40.0
2022,8,TB,BAL,22,27,0,2.0,46.0
2022,8,MIN,ARI,34,26,0,4.0,48.5
2022,8,ATL,CAR,37,34,0,4.5,41.0
2022,8,DAL,CHI,49,29,0,10.5,43.0
2022,8,JAX,DEN,17,21,1,1.0,41.0
2022,8,BUF,GB,27,17,0,10.5,47.0
2022,8,NO,LV,24,0,0,-1.0,48.5
2022,8,DET,MIA,27,31,0,-3.5,52.0
2022,8,NYJ,NE,17,22,0,-3.0,40.0
2022,8,SEA,NYG,27,13,0,3.0,44.5
2022,8,PHI,PIT,35,13,0,11.0,43.0
2022,8,LA,SF,14,31,0,-1.0,42.0
2022,8,HOU,TEN,10,17,0,-1.0,39.0
2022,8,IND,WAS,16,17,0,3.0,40.5
2022,8,CLE,CIN,32,13,0,-3.0,45.0
2022,9,HOU,PHI,17,29,0,-14.0,45.5
2022,9,NYJ,BUF,20,17,0,-11.0,46.0
2022,9,CIN,CAR,42,21,0,7.0,43.0
2022,9,DET,GB,15,9,0,-4.0,49.5
2022,9,NE,IND,26,3,0,5.0,40.0
2022,9,ATL,LAC,17,20,0,-2.5,49.5
2022,9,TB,LA,16,13,0,3.0,43.0
2022,9,JAX,LV,27,20,0,-2.5,47.5
2022,9,CHI,MIA,32,35,0,-4.0,46.0
2022,9,WAS,MIN,17,20,0,-3.0,43.5
2022,9,ARI,SEA,21,31,0,1.5,49.5
2022,9,KC,TEN,20,17,0,14.0,45.0
2022,9,NO,BAL,13,27,0,-1.0,46.0
2022,10,CAR,ATL,25,15,0,-2.5,41.5
2022,10,LA,ARI,17,27,0,3.5,38.0
2022,10,MIA,CLE,39,17,0,3.0,49.0
2022,10,GB,DAL,31,28,0,-3.5,44.5
2022,10,TEN,DEN,17,10,0,2.5,40.0
2022,10,CHI,DET,30,31,0,3.0,48.5
2022,10,NYG,HOU,24,16,0,5.5,41.5
2022,10,LV,IND,20,25,0,4.5,41.0
2022,10,KC,JAX,27,17,0,10.0,51.5
2022,10,SF,LAC,22,16,0,8.5,45.5
2022,10,BUF,MIN,30,33,0,6.5,47.0
2022,10,PIT,NO,20,10,0,1.0,39.5
2022,10,TB,SEA,21,16,1,2.5,45.0
2022,10,PHI,WAS,21,32,0,11.0,43.0
2022,11,GB,TEN,17,27,0,3.0,40.5
2022,11,BAL,CAR,13,3,0,13.0,42.0
2022,11,ATL,CHI,27,24,0,3.0,48.5
2022,11,PIT,CIN,30,37,0,-3.5,39.0
2022,11,BUF,CLE,31,23,1,7.5,50.5
2022,11,MIN,DAL,3,40,0,-1.5,48.5
2022,11,NYG,DET,18,31,0,3.0,44.0
2022,11,LAC,KC,27,30,0,-5.5,52.5
2022,11,NO,LA,27,20,0,2.5,39.5
2022,11,DEN,LV,16,22,0,2.5,41.5
2022,11,NE,NYJ,10,3,0,3.5,38.5
2022,11,IND,PHI,16,17,0,-6.5,45.5
2022,11,HOU,WAS,10,23,0,-3.0,41.0
2022,11,ARI,SF,10,38,1,-10.0,43.5
2022,12,DET,BUF,25,28,0,-10.0,54.0
2022,12,MIN,NE,33,26,0,2.5,42.5
2022,12,DAL,NYG,28,20,0,10.5,45.5
2022,12,WAS,ATL,19,13,0,3.5,40.5
2022,12,JAX,BAL,28,27,0,-3.5,43.0
2022,12,NYJ,CHI,31,10,0,8.5,36.5
2022,12,TEN,CIN,16,20,0,-1.0,43.0
2022,12,CAR,DEN,23,10,0,-1.0,36.5
2022,12,PHI,GB,40,33,0,6.5,46.0
2022,12,MIA,HOU,30,15,0,14.0,47.0
2022,12,ARI,LAC,24,25,0,-2.5,48.5
2022,12,KC,LA,26,10,0,16.5,42.0
2022,12,SEA,LV,34,40,0,4.0,47.5
2022,12,SF,NO,13,0,0,9.5,44.0
2022,12,CLE,TB,23,17,0,-3.0,42.0
2022,12,IND,PIT,17,24,0,2.5,40.0
2022,13,NE,BUF,10,24,0,-3.5,43.5
2022,13,HOU,CLE,14,27,0,-7.5,47.0
2022,13,BAL,DEN,10,9,0,9.5,40.5
2022,13,CHI,GB,19,28,0,-4.0,45.0
2022,13,DAL,IND,54,19,0,11.0,44.5
2022,13,DET,JAX,40,14,0,1.0,51.5
2022,13,CIN,KC,27,24,0,-2.5,53.0
2022,13,LV,LAC,27,20,0,2.5,49.0
2022,13,SF,MIA,33,17,0,4.5,46.0
2022,13,MIN,NYJ,27,22,0,3.0,44.0
2022,13,ATL,PIT,16,19,0,-1.0,43.0
2022,13,LA,SEA,23,27,0,-7.0,41.0
2022,13,PHI,TEN,35,10,0,5.0,44.5
2022,13,NYG,WAS,20,20,0,-2.5,40.0
2022,13,TB,NO,17,16,0,3.5,41.0
2022,14,LA,LV,17,16,0,-6.5,42.5
2022,14,PIT,BAL,14,16,0,1.5,37.0
2022,14,SEA,CAR,24,30,0,3.5,44.5
2022,14,CIN,CLE,23,10,0,4.5,47.0
2022,14,DAL,HOU,27,23,0,17.0,44.5
2022,14,TEN,JAX,22,36,0,3.0,42.0
2022,14,DEN,KC,28,34,0,-8.5,44.5
2022,14,LAC,MIA,23,17,0,-3.0,54.5
2022,14,DET,MIN,34,23,0,2.5,51.5
2022,14,BUF,NYJ,20,12,0,10.0,43.5
2022,14,NYG,PHI,22,48,0,-7.5,44.5
2022,14,SF,TB,35,7,0,3.5,38.0
2022,14,ARI,NE,13,27,0,-2.0,44.0
2022,15,SEA,SF,13,21,0,-3.0,43.0
2022,15,CLE,BAL,13,3,0,2.5,39.5
2022,15,MIN,IND,39,36,0,3.5,46.5
2022,15,BUF,MIA,32,29,0,7.0,44.0
2022,15,DEN,ARI,24,15,0,1.5,37.5
2022,15,NO,ATL,21,18,0,5.0,43.5
2022,15,TB,CIN,23,34,0,-3.5,47.0
2022,15,JAX,DAL,40,34,0,-4.0,48.5
2022,15,NYJ,DET,17,20,0,2.0,44.0
2022,15,HOU,KC,24,30,0,-14.5,48.5
2022,15,LV,NE,30,24,0,1.0,45.0
2022,15,WAS,NYG,12,20,0,4.5,40.5
2022,15,CHI,PHI,20,25,0,-8.5,48.0
2022,15,CAR,PIT,16,24,0,2.5,36.5
2022,15,LAC,TEN,17,14,0,3.0,46.5
2022,15,GB,LA,24,12,0,8.0,39.5
2022,16,NYJ,JAX,3,19,0,2.5,36.5
2022,16,BAL,ATL,17,9,0,6.5,35.0
2022,16,CHI,BUF,13,35,0,-8.0,40.0
2022,16,NE,CIN,18,22,0,-3.0,42.0
2022,16,CAR,DET,37,23,0,-2.5,43.5
2022,16,TEN,HOU,14,19,0,3.0,34.0
2022,16,PIT,LV,13,10,0,2.5,38.5
2022,16,CLE,NO,10,17,0,3.0,32.0
2022,16,MIN,NYG,27,24,0,4.5,48.0
2022,16,DAL,PHI,40,34,0,4.0,48.0
2022,16,KC,SEA,24,10,0,10.5,50.5
2022,16,SF,WAS,37,20,0,6.5,37.5
2022,16,LA,DEN,51,14,0,-3.0,36.5
2022,16,MIA,GB,20,26,0,3.5,49.0
2022,16,ARI,TB,16,19,0,-7.5,41.5
2022,16,IND,LAC,3,20,0,-3.5,44.5
2022,17,TEN,DAL,13,27,0,-14.0,41.0
2022,17,ATL,ARI,20,19,0,7.0,41.0
2022,17,TB,CAR,30,24,0,3.5,40.5
2022,17,DET,CHI,41,10,0,4.5,52.5
2022,17,WAS,CLE,10,24,0,1.0,41.5
2022,17,KC,DEN,27,24,0,13.5,46.0
2022,17,NYG,IND,38,10,0,5.5,38.5
2022,17,HOU,JAX,3,31,0,-3.5,43.0
2022,17,LAC,LA,31,10,0,6.5,41.5
2022,17,NE,MIA,23,21,0,3.0,41.5
2022,17,GB,MIN,41,17,0,3.0,47.5
2022,17,PHI,NO,10,20,0,5.5,41.5
2022,17,SEA,NYJ,23,6,0,-1.0,43.0
2022,17,BAL,PIT,13,16,0,1.0,35.5
2022,17,LV,SF,34,37,0,-10.0,41.5
2022,18,LV,KC,13,31,0,-9.0,51.5
2022,18,JAX,TEN,20,16,0,6.0,39.5
2022,18,SF,ARI,38,13,0,14.0,40.0
2022,18,CIN,BAL,27,16,0,11.0,39.0
2022,18,NO,CAR,7,10,0,3.5,41.5
2022,18,PIT,CLE,28,14,0,2.5,40.0
2022,18,WAS,DAL,26,6,0,-7.5,40.5
2022,18,GB,DET,16,20,0,5.5,49.0
2022,18,IND,HOU,31,32,0,3.0,38.0
2022,18,DEN,LAC,31,28,0,6.0,38.5
2022,18,SEA,LA,19,16,0,5.5,41.5
2022,18,CHI,MIN,13,29,0,-6.5,42.5
2022,18,BUF,NE,35,23,0,8.0,44.0
2022,18,PHI,NYG,22,16,0,16.5,42.5
2022,18,MIA,NYJ,11,6,0,3.5,37.5
2022,18,ATL,TB,30,17,0,6.0,40.5
2022,19,JAX,LAC,31,30,0,-2.0,46.5
2022,19,SF,SEA,41,23,0,10.0,42.0
2022,19,CIN,BAL,24,17,0,7.5,40.0
2022,19,BUF,MIA,34,31,0,14.0,44.0
2022,19,MIN,NYG,24,31,0,2.5,48.0
2022,19,TB,DAL,14,31,0,-2.5,45.5
2022,20,KC,JAX,27,20,0,10.0,52.5
2022,20,PHI,NYG,38,7,0,8.0,48.0
2022,20,BUF,CIN,10,27,0,6.0,48.5
2022,20,SF,DAL,19,12,0,3.5,46.5
2022,21,KC,CIN,23,20,0,2.0,48.5
2022,21,PHI,SF,31,7,0,2.5,45.0
2022,22,PHI,KC,35,38,1,1.0,51.0
2023,1,KC,DET,20,21,0,4.0,53.0
2023,1,WAS,ARI,20,16,0,7.0,38.0
2023,1,ATL,CAR,24,10,0,3.5,40.5
2023,1,CLE,CIN,24,3,0,-1.0,46.5
2023,1,NYG,DAL,0,40,0,-3.5,44.5
2023,1,CHI,GB,20,38,0,1.0,41.0
2023,1,BAL,HOU,25,9,0,9.5,43.5
2023,1,IND,JAX,21,31,0,-4.0,45.5
2023,1,SEA,LA,13,30,0,4.5,45.0
2023,1,DEN,LV,16,17,0,3.0,43.0
2023,1,LAC,MIA,34,36,0,3.0,50.5
2023,1,NE,PHI,20,25,0,-3.5,44.5
2023,1,PIT,SF,7,30,0,-1.5,41.5
2023,1,MIN,TB,17,20,0,4.0,45.0
2023,1,NO,TEN,16,15,0,3.0,41.0
2023,1,NYJ,BUF,22,16,0,-2.5,44.5
2023,2,PHI,MIN,34,28,0,6.0,49.0
2023,2,CIN,BAL,24,27,0,3.5,45.5
2023,2,TB,CHI,27,17,0,2.5,41.0
2023,2,ATL,GB,25,24,0,3.0,40.5
2023,2,HOU,IND,20,31,0,-1.0,40.0
2023,2,JAX,KC,9,17,0,-3.5,50.5
2023,2,TEN,LAC,27,24,0,-2.5,45.5
2023,2,BUF,LV,38,10,0,7.5,47.0
2023,2,NE,MIA,17,24,0,-2.0,46.5
2023,2,ARI,NYG,28,31,0,-5.0,40.0
2023,2,DAL,NYJ,30,10,0,8.5,38.5
2023,2,DET,SEA,31,37,0,4.5,47.5
2023,2,LA,SF,23,30,0,-7.5,45.0
2023,2,DEN,WAS,33,35,0,4.0,38.5
2023,2,PIT,CLE,26,22,0,-2.5,39.0
2023,2,CAR,NO,17,20,0,-3.0,39.5
2023,3,SF,NYG,30,12,0,10.5,43.5
2023,3,DET,ATL,20,6,0,3.0,47.5
2023,3,WAS,BUF,3,37,0,-5.5,44.0
2023,3,SEA,CAR,37,27,0,5.0,42.5
2023,3,KC,CHI,41,10,0,13.0,48.0
2023,3,ARI,DAL,28,16,0,-11.5,43.5
2023,3,MIA,DEN,70,20,0,6.0,47.5
2023,3,JAX,HOU,17,37,0,7.5,43.5
2023,3,BAL,IND,19,22,0,7.5,43.5
2023,3,MIN,LAC,24,28,0,1.0,54.0
2023,3,NYJ,NE,10,15,0,-2.5,35.5
2023,3,GB,NO,18,17,0,-1.5,41.5
2023,3,LV,PIT,18,23,0,3.0,43.5
2023,3,CLE,TEN,27,3,0,3.5,38.0
2023,3,CIN,LA,19,16,0,3.0,45.5
2023,3,TB,PHI,11,25,0,-6.0,44.0
2023,4,GB,DET,20,34,0,-2.5,45.0
2023,4,SF,ARI,35,16,0,15.0,44.0
2023,4,JAX,ATL,23,7,1,3.5,42.5
2023,4,CLE,BAL,3,28,0,-2.0,38.5
2023,4,TEN,CIN,27,3,0,-2.5,41.5
2023,4,CHI,DEN,28,31,0,-3.0,47.0
2023,4,NYJ,KC,20,23,0,-9.5,41.5
2023,4,IND,LA,23,29,0,-1.0,44.5
2023,4,LAC,LV,24,17,0,7.0,49.0
2023,4,BUF,MIA,48,20,0,2.5,53.0
2023,4,CAR,MIN,13,21,0,-4.5,46.5
2023,4,DAL,NE,38,3,0,6.5,43.0
2023,4,HOU,PIT,30,6,0,-3.0,41.5
2023,4,NO,TB,9,26,0,4.0,41.0
2023,4,PHI,WAS,34,31,0,9.5,43.0
2023,4,NYG,SEA,3,24,0,-2.5,46.5
2023,5,WAS,CHI,20,40,0,6.0,45.5
2023,5,PIT,BAL,17,10,0,-4.5,38.5
2023,5,DET,CAR,42,24,0,9.5,43.5
2023,5,ARI,CIN,20,34,0,-3.0,45.5
2023,5,SF,DAL,42,10,0,3.5,45.0
2023,5,ATL,HOU,21,19,0,2.5,42.0
2023,5,BUF,JAX,20,25,1,5.5,48.5
2023,5,MIN,KC,20,27,0,-3.5,52.5
2023,5,NE,NO,0,34,0,2.5,38.5
2023,5,MIA,NYG,31,16,0,12.5,47.5
2023,5,DEN,NYJ,21,31,0,2.5,42.5
2023,5,LA,PHI,14,23,0,-3.5,50.5
2023,5,IND,TEN,23,16,0,-2.5,43.5
2023,5,LV,GB,17,13,0,1.0,45.0
2023,6,KC,DEN,19,8,0,10.5,47.5
2023,6,LA,ARI,26,9,0,7.0,48.0
2023,6,TEN,BAL,16,24,1,-5.5,42.5
2023,6,MIA,CAR,42,21,0,14.0,47.5
2023,6,TB,DET,6,20,0,-3.0,43.5
2023,6,JAX,IND,37,20,0,4.0,44.0
2023,6,CHI,MIN,13,19,0,-3.0,44.5
2023,6,LV,NE,21,17,0,3.0,41.5
2023,6,HOU,NO,20,13,0,-2.0,42.5
2023,6,BUF,NYG,14,9,0,15.5,43.5
2023,6,NYJ,PHI,20,14,0,-6.5,43.0
2023,6,CIN,SEA,17,13,0,3.0,45.5
2023,6,CLE,SF,19,17,0,-9.5,36.0
2023,6,ATL,WAS,16,24,0,1.5,42.0
2023,6,LAC,DAL,17,20,0,-1.5,49.5
2023,7,NO,JAX,24,31,0,2.5,41.0
2023,7,SEA,ARI,20,10,0,9.5,43.5
2023,7,TB,ATL,13,16,0,3.0,37.5
2023,7,NE,BUF,29,25,0,-7.5,41.0
2023,7,IND,CLE,38,39,0,-3.5,40.0
2023,7,BAL,DET,38,6,0,3.0,43.5
2023,7,DEN,GB,19,17,0,1.5,44.0
2023,7,KC,LAC,31,17,0,5.5,48.5
2023,7,CHI,LV,30,12,0,-2.5,38.5
2023,7,PHI,MIA,31,17,0,3.0,52.0
2023,7,LA,PIT,17,24,0,3.5,44.0
2023,7,NYG,WAS,14,7,0,-3.0,37.0
2023,7,MIN,SF,22,17,0,-7.0,44.5
2023,8,BUF,TB,24,18,0,10.0,43.0
2023,8,TEN,ATL,28,23,0,-2.5,35.0
2023,8,ARI,BAL,24,31,0,-9.5,44.5
2023,8,LAC,CHI,30,13,0,9.5,46.0
2023,8,SF,CIN,17,31,0,4.0,44.0
2023,8,SEA,CLE,24,20,0,4.0,39.5
2023,8,CAR,HOU,15,13,0,-3.0,43.0
2023,8,PIT,JAX,10,20,0,-2.5,41.0
2023,8,DEN,KC,24,9,0,-7.0,45.5
2023,8,DAL,LA,43,20,0,6.5,44.5
2023,8,GB,MIN,10,24,0,-1.0,41.5
2023,8,MIA,NE,31,17,0,7.5,46.5
2023,8,IND,NO,27,38,0,-2.0,43.5
2023,8,NYG,NYJ,10,13,0,-3.0,35.0
2023,8,WAS,PHI,31,38,0,-7.0,42.5
2023,8,DET,LV,26,14,0,7.0,46.0
2023,9,PIT,TEN,20,16,0,3.5,37.0
2023,9,CLE,ARI,27,0,0,13.0,38.0
2023,9,CIN,BUF,24,18,0,1.5,51.0
2023,9,NO,CHI,24,17,0,9.0,42.0
2023,9,PHI,DAL,28,23,0,3.5,46.5
2023,9,CAR,IND,13,27,0,-1.5,45.0
2023,9,GB,LA,20,3,0,3.5,38.0
2023,9,KC,MIA,21,14,1,1.0,51.0
2023,9,ATL,MIN,28,31,0,3.5,38.5
2023,9,LV,NYG,30,6,0,1.0,38.5
2023,9,BAL,SEA,37,3,0,6.0,44.5
2023,9,HOU,TB,39,37,0,2.5,39.5
2023,9,NE,WAS,17,20,0,2.5,40.5
2023,9,NYJ,LAC,6,27,0,-3.0,41.0
2023,10,CHI,CAR,16,13,0,3.0,38.0
2023,10,ARI,ATL,25,23,0,-2.0,43.5
2023,10,BAL,CLE,31,33,0,6.0,38.5
2023,10,LAC,DET,38,41,0,-2.5,48.5
2023,10,PIT,GB,23,19,0,3.0,38.5
2023,10,CIN,HOU,27,30,0,5.5,46.0
2023,10,NE,IND,6,10,1,-1.0,42.0
2023,10,MIN,NO,27,19,0,-3.0,41.0
2023,10,DAL,NYG,49,17,0,17.5,38.5
2023,10,LV,NYJ,16,12,0,-1.0,35.5
2023,10,JAX,SF,3,34,0,-3.0,44.5
2023,10,TB,TEN,20,6,0,2.5,39.5
2023,10,SEA,WAS,29,26,0,6.0,44.0
2023,10,BUF,DEN,22,24,0,7.5,47.5
2023,11,BAL,CIN,34,20,0,4.0,46.5
2023,11,HOU,ARI,21,16,0,5.5,48.0
2023,11,DET,CHI,31,26,0,8.0,48.0
2023,11,CAR,DAL,10,33,0,-11.0,43.0
2023,11,GB,LAC,23,20,0,-3.0,44.0
2023,11,MIA,LV,20,13,0,14.0,44.5
2023,11,DEN,MIN,21,20,0,2.5,43.5
2023,11,WAS,NYG,19,31,0,7.5,39.0
2023,11,BUF,NYJ,32,6,0,8.0,39.5
2023,11,CLE,PIT,13,10,0,2.5,34.0
2023,11,LA,SEA,17,16,0,2.5,45.0
2023,11,SF,TB,27,14,0,13.5,41.5
2023,11,JAX,TEN,34,14,0,6.5,40.0
2023,11,KC,PHI,17,21,0,2.5,46.0
2023,12,DET,GB,22,29,0,8.5,47.0
2023,12,SEA,SF,13,31,0,-7.0,43.5
2023,12,DAL,WAS,45,10,0,13.0,48.0
2023,12,NYJ,MIA,13,34,0,-9.5,40.0
2023,12,LAC,BAL,10,20,0,-3.0,49.0
2023,12,PHI,BUF,37,34,0,2.5,49.0
2023,12,TEN,CAR,17,10,0,3.5,36.0
2023,12,DEN,CLE,29,12,0,1.5,37.5
2023,12,HOU,JAX,21,24,0,-1.0,48.0
2023,12,LV,KC,17,31,0,-9.0,42.5
2023,12,ARI,LA,14,37,0,-3.0,45.0
2023,12,NYG,NE,10,7,0,-4.5,36.5
2023,12,ATL,NO,24,15,0,-2.0,42.0
2023,12,CIN,PIT,10,16,0,-2.0,36.0
2023,12,IND,TB,27,20,0,2.5,45.0
2023,12,MIN,CHI,10,12,0,3.0,43.5
2023,13,DAL,SEA,41,35,0,9.5,47.5
2023,13,PIT,ARI,10,24,0,6.0,41.0
2023,13,NYJ,ATL,8,13,0,-2.0,33.0
2023,13,TB,CAR,21,18,0,4.0,37.0
2023,13,LA,CLE,36,19,0,3.5,39.5
2023,13,HOU,DEN,22,17,0,3.5,47.5
2023,13,NO,DET,28,33,0,-4.0,47.5
2023,13,TEN,IND,28,31,0,-1.5,42.0
2023,13,GB,KC,27,19,0,-5.5,43.5
2023,13,NE,LAC,0,6,0,-4.5,38.5
2023,13,WAS,MIA,15,45,0,-8.5,50.0
2023,13,PHI,SF,19,42,0,-3.0,46.5
2023,13,JAX,CIN,31,34,0,10.0,41.0
2023,14,PIT,NE,18,21,0,6.0,30.0
2023,14,KC,BUF,17,20,0,2.0,49.5
2023,14,NO,CAR,28,6,0,5.5,39.0
2023,14,LAC,DEN,7,24,0,3.0,45.0
2023,14,CHI,DET,28,13,0,-3.0,44.5
2023,14,NYJ,HOU,30,6,0,-3.5,33.5
2023,14,CIN,IND,34,14,0,3.0,45.0
2023,14,CLE,JAX,31,27,0,2.5,37.5
2023,14,BAL,LA,37,31,0,7.5,42.0
2023,14,LV,MIN,0,3,0,-3.0,40.5
2023,14,DAL,PHI,33,13,0,3.5,52.5
2023,14,SF,SEA,28,16,0,14.5,44.5
2023,14,ATL,TB,25,29,0,1.5,41.5
2023,14,NYG,GB,24,22,0,-6.0,37.5
2023,14,MIA,TEN,27,28,0,14.0,45.0
2023,15,LV,LAC,63,21,0,3.0,36.0
2023,15,DET,DEN,42,17,0,5.5,49.0
2023,15,CIN,MIN,27,24,0,3.0,41.5
2023,15,IND,PIT,30,13,0,1.5,41.5
2023,15,CAR,ATL,9,7,0,-3.0,32.0
2023,15,JAX,BAL,7,23,0,-4.0,42.5
2023,15,CLE,CHI,20,17,0,3.0,38.0
2023,15,BUF,DAL,31,10,0,2.0,49.5
2023,15,TEN,HOU,16,19,0,3.0,38.0
2023,15,NE,KC,17,27,0,-10.0,39.5
2023,15,NO,NYG,24,6,0,6.0,39.5
2023,15,MIA,NYJ,30,0,0,7.5,36.0
2023,15,ARI,SF,29,45,0,-12.5,48.0
2023,15,GB,TB,20,34,0,4.0,41.5
2023,15,LA,WAS,28,20,0,6.5,48.5
2023,15,SEA,PHI,20,17,0,-5.0,46.0
2023,16,LA,NO,30,22,0,4.0,45.5
2023,16,LAC,BUF,22,24,0,-13.0,44.5
2023,16,PIT,CIN,34,11,0,-3.0,39.5
2023,16,CHI,ARI,27,16,0,4.5,42.0
2023,16,HOU,CLE,22,36,0,-3.0,40.0
2023,16,MIA,DAL,22,20,0,1.5,48.5
2023,16,MIN,DET,24,30,0,-2.5,47.5
2023,16,CAR,GB,30,33,0,-3.5,39.5
2023,16,ATL,IND,29,10,0,3.0,44.0
2023,16,TB,JAX,30,12,0,-2.0,43.0
2023,16,DEN,NE,23,26,0,7.0,37.5
2023,16,TEN,SEA,17,20,0,-3.0,42.0
2023,16,NYJ,WAS,30,28,0,3.0,36.5
2023,16,SF,BAL,19,33,0,6.5,47.5
2023,16,KC,LV,14,20,0,11.0,40.5
2023,16,PHI,NYG,33,25,0,14.0,41.0
2023,17,CLE,NYJ,37,20,0,6.5,33.5
2023,17,DAL,DET,20,19,0,5.5,53.0
2023,17,PHI,ARI,31,35,0,12.0,48.0
2023,17,CHI,ATL,37,17,0,3.0,39.0
2023,17,JAX,CAR,26,0,0,3.5,38.0
2023,17,KC,CIN,25,17,0,7.5,46.0
2023,17,MIN,GB,10,33,0,1.0,42.5
2023,17,DEN,LAC,16,9,0,3.5,39.5
2023,17,NYG,LA,25,26,0,-6.0,43.5
2023,17,IND,LV,23,20,0,3.5,42.5
2023,17,BAL,MIA,56,19,0,3.0,47.0
2023,17,BUF,NE,27,21,0,15.0,40.0
2023,17,TB,NO,13,23,0,2.5,42.5
2023,17,SEA,PIT,23,30,0,4.5,40.5
2023,17,WAS,SF,10,27,0,-14.0,49.0
2023,17,HOU,TEN,26,3,0,5.0,44.0
2023,18,IND,HOU,19,23,0,-1.5,47.5
2023,18,BAL,PIT,10,17,0,-3.0,34.0
2023,18,NO,ATL,48,17,0,3.5,41.5
2023,18,MIA,BUF,14,21,0,-2.5,47.5
2023,18,GB,CHI,17,9,0,2.5,45.5
2023,18,CIN,CLE,31,14,0,7.5,37.0
2023,18,WAS,DAL,10,38,0,-13.0,47.5
2023,18,LV,DEN,27,14,0,3.5,37.5
2023,18,TEN,JAX,28,20,0,-3.5,41.5
2023,18,LAC,KC,12,13,0,3.5,35.0
2023,18,SF,LA,20,21,0,5.5,40.0
2023,18,DET,MIN,30,20,0,3.5,47.5
2023,18,NE,NYJ,3,17,0,2.5,28.5
2023,18,NYG,PHI,27,10,0,-4.5,43.0
2023,18,ARI,SEA,20,21,0,-2.5,48.0
2023,18,CAR,TB,0,9,0,-5.0,36.5
2023,19,HOU,CLE,45,14,0,-2.5,45.0
2023,19,KC,MIA,26,7,0,4.5,43.5
2023,19,DAL,GB,32,48,0,7.0,52.5
2023,19,DET,LA,24,23,0,3.5,52.5
2023,19,TB,PHI,32,9,0,-2.5,43.0
2023,19,BUF,PIT,31,17,0,10.0,39.5
2023,20,SF,GB,24,21,0,10.5,50.5
2023,20,BAL,HOU,34,10,0,10.0,44.0
2023,20,BUF,KC,24,27,0,2.5,45.5
2023,20,DET,TB,31,23,0,6.0,49.5
2023,21,SF,DET,34,31,0,7.5,52.5
2023,21,BAL,KC,10,17,0,4.5,44.0
2023,22,KC,SF,25,22,1,-1.5,47.0
2024,1,KC,BAL,27,20,0,3.0,46.0
2024,1,PHI,GB,34,29,1,2.0,49.5
2024,1,BUF,ARI,34,28,0,6.5,46.0
2024,1,NO,CAR,47,10,0,3.5,41.5
2024,1,CLE,DAL,17,33,0,2.5,42.0
2024,1,SEA,DEN,26,20,0,6.5,42.0
2024,1,IND,HOU,27,29,0,-3.0,49.0
2024,1,MIA,JAX,20,17,0,3.5,49.5
2024,1,DET,LA,26,20,0,5.0,54.0
2024,1,LAC,LV,22,10,0,3.0,41.0
2024,1,NYG,MIN,6,28,0,-1.0,42.5
2024,1,CIN,NE,10,16,0,8.0,40.5
2024,1,ATL,PIT,10,18,0,4.0,43.0
2024,1,CHI,TEN,24,17,0,4.0,43.0
2024,1,TB,WAS,37,20,0,4.0,42.0
2024,1,SF,NYJ,32,19,0,3.5,43.0
2024,2,MIA,BUF,10,31,0,2.5,48.5
2024,2,HOU,CHI,19,13,0,6.0,45.5
2024,2,KC,CIN,26,25,0,6.5,47.5
2024,2,JAX,CLE,13,18,0,3.0,41.5
2024,2,GB,IND,16,10,0,-3.0,41.5
2024,2,CAR,LAC,3,26,0,-5.0,39.0
2024,2,ARI,LA,41,10,0,-1.0,47.5
2024,2,BAL,LV,23,26,0,9.0,41.0
2024,2,DAL,NO,19,44,0,6.5,47.0
2024,2,WAS,NYG,21,18,0,1.5,42.5
2024,2,TEN,NYJ,17,24,0,-3.5,41.5
2024,2,DEN,PIT,6,13,0,-3.0,36.5
2024,2,NE,SEA,20,23,0,-3.5,39.0
2024,2,MIN,SF,23,17,0,-4.5,46.5
2024,2,DET,TB,16,20,0,7.5,51.5
2024,2,PHI,ATL,21,22,0,5.5,46.5
2024,3,NYJ,NE,24,3,0,6.5,39.0
2024,3,DAL,BAL,25,28,0,-1.5,47.5
2024,3,LV,CAR,22,36,0,5.5,40.0
2024,3,IND,CHI,21,16,0,1.5,43.0
2024,3,TB,DEN,7,26,0,6.0,40.5
2024,3,ARI,DET,13,20,0,-3.0,51.5
2024,3,TEN,GB,14,30,0,3.0,37.0
2024,3,MIN,HOU,34,7,0,-2.0,46.0
2024,3,ATL,KC,17,22,0,-3.0,46.0
2024,3,PIT,LAC,20,10,0,3.0,36.0
2024,3,SEA,MIA,24,3,0,4.0,41.5
2024,3,CLE,NYG,15,21,0,6.5,38.0
2024,3,NO,PHI,12,15,0,2.5,49.0
2024,3,LA,SF,27,24,0,-6.0,44.5
2024,3,BUF,JAX,47,10,0,4.0,46.5
2024,3,CIN,WAS,33,38,0,7.5,46.0
2024,4,NYG,DAL,15,20,0,-5.5,45.0
2024,4,BAL,BUF,35,10,0,2.5,46.5
2024,4,CAR,CIN,24,34,0,-4.5,47.0
2024,4,LV,CLE,20,16,0,-2.5,36.5
2024,4,NYJ,DEN,9,10,0,7.5,39.5
2024,4,HOU,JAX,24,20,0,5.5,44.5
2024,4,LAC,KC,10,17,0,-7.5,41.5
2024,4,CHI,LA,24,18,0,3.0,40.0
2024,4,GB,MIN,29,31,0,2.5,44.0
2024,4,SF,NE,30,13,0,10.5,41.5
2024,4,ATL,NO,26,24,0,2.5,41.5
2024,4,TB,PHI,33,16,0,-1.0,42.0
2024,4,IND,PIT,27,24,0,-2.5,40.0
2024,4,ARI,WAS,14,42,0,3.5,49.0
2024,4,DET,SEA,42,29,0,3.5,46.5
2024,4,MIA,TEN,12,31,0,2.5,37.0
2024,5,ATL,TB,36,30,0,2.5,44.0
2024,5,SF,ARI,23,24,0,7.0,48.5
2024,5,CIN,BAL,38,41,0,-2.5,48.5
2024,5,HOU,BUF,23,20,0,1.0,48.0
2024,5,CHI,CAR,36,10,0,4.0,40.0
2024,5,WAS,CLE,34,13,0,3.0,44.0
2024,5,PIT,DAL,17,20,0,2.5,43.5
2024,5,LA,GB,19,24,0,-3.0,49.5
2024,5,JAX,IND,37,34,0,3.5,45.0
2024,5,DEN,LV,34,18,0,3.0,36.0
2024,5,NE,MIA,10,15,0,-2.0,37.0
2024,5,SEA,NYG,20,29,0,7.0,42.5
2024,5,MIN,NYJ,23,17,1,2.5,42.0
2024,5,KC,NO,26,13,0,5.5,43.0
2024,6,SEA,SF,24,36,0,-3.5,49.0
2024,6,GB,ARI,34,13,0,5.5,47.0
2024,6,CAR,ATL,20,38,0,-6.0,45.5
2024,6,NYG,CIN,7,17,0,-4.5,46.0
2024,6,PHI,CLE,20,16,0,8.0,42.0
2024,6,DAL,DET,9,47,0,-3.5,52.5
2024,6,NE,HOU,21,41,0,-6.5,38.5
2024,6,TEN,IND,17,20,0,2.5,42.0
2024,6,CHI,JAX,35,16,1,-1.5,44.5
2024,6,DEN,LAC,16,23,0,-3.0,37.0
2024,6,LV,PIT,13,32,0,-3.5,36.5
2024,6,NO,TB,27,51,0,-3.5,42.5
2024,6,BAL,WAS,30,23,0,6.5,51.5
2024,6,NYJ,BUF,20,23,0,-1.0,42.0
2024,7,NO,DEN,10,33,0,-2.5,37.0
2024,7,WAS,CAR,40,7,0,10.0,51.0
2024,7,CLE,CIN,14,21,0,-5.5,42.0
2024,7,MIN,DET,29,31,0,1.0,50.5
2024,7,GB,HOU,24,22,0,3.0,48.0
2024,7,SF,KC,18,28,0,2.5,47.5
2024,7,LA,LV,20,15,0,7.0,43.0
2024,7,IND,MIA,16,10,0,3.0,44.0
2024,7,JAX,NE,32,16,1,6.5,42.0
2024,7,PIT,NYJ,37,15,0,-3.0,40.0
2024,7,NYG,PHI,3,28,0,-3.0,42.0
2024,7,ATL,SEA,14,34,0,3.0,51.5
2024,7,BUF,TEN,34,10,0,9.5,41.0
2024,7,TB,BAL,31,41,0,-4.5,51.0
2024,7,ARI,LAC,17,15,0,-1.0,44.0
2024,8,LA,MIN,30,20,0,-3.0,47.5
2024,8,MIA,ARI,27,28,0,4.0,46.5
2024,8,TB,ATL,26,31,0,-1.5,47.0
2024,8,CLE,BAL,29,24,0,-7.5,44.5
2024,8,SEA,BUF,10,31,0,-3.0,45.5
2024,8,DEN,CAR,28,14,0,13.0,40.5
2024,8,WAS,CHI,18,15,0,1.5,46.5
2024,8,SF,DAL,30,24,0,5.5,48.0
2024,8,JAX,GB,27,30,0,-3.5,49.0
2024,8,HOU,IND,23,20,0,5.0,45.0
2024,8,LV,KC,20,27,0,-9.0,42.0
2024,8,LAC,NO,26,8,0,7.0,41.5
2024,8,NE,NYJ,25,22,0,-7.0,41.0
2024,8,CIN,PHI,17,37,0,2.5,47.5
2024,8,DET,TEN,52,14,0,12.5,45.0
2024,8,PIT,NYG,26,18,0,6.0,37.5
2024,9,NYJ,HOU,21,13,0,2.5,43.5
2024,9,ARI,CHI,29,9,0,1.5,44.5
2024,9,ATL,DAL,27,21,0,3.0,52.0
2024,9,BAL,DEN,41,10,0,9.0,46.5
2024,9,GB,DET,14,24,0,-2.5,47.5
2024,9,MIN,IND,21,13,0,6.5,47.0
2024,9,PHI,JAX,28,23,0,7.5,46.0
2024,9,CLE,LAC,10,27,0,-2.0,42.5
2024,9,SEA,LA,20,26,0,-1.5,48.5
2024,9,CIN,LV,41,24,0,8.0,45.0
2024,9,BUF,MIA,30,27,0,6.5,49.0
2024,9,TEN,NE,20,17,0,3.0,38.5
2024,9,CAR,NO,23,22,0,-7.0,43.5
2024,9,NYG,WAS,22,27,0,-4.5,44.5
2024,9,KC,TB,30,24,0,9.0,45.5
2024,10,BAL,CIN,35,34,0,6.0,53.0
2024,10,NO,ATL,20,17,0,-3.5,46.5
2024,10,IND,BUF,20,30,0,-4.5,46.5
2024,10,KC,DEN,16,14,0,7.5,42.5
2024,10,HOU,DET,23,26,0,-4.5,49.0
2024,10,JAX,MIN,7,12,0,-7.0,42.5
2024,10,CHI,NE,3,19,0,6.5,37.5
2024,10,CAR,NYG,20,17,1,-6.5,40.5
2024,10,ARI,NYJ,31,6,0,-2.0,45.5
2024,10,DAL,PHI,6,34,0,-7.5,44.5
2024,10,WAS,PIT,27,28,0,1.5,45.0
2024,10,TB,SF,20,23,0,-6.5,50.5
2024,10,LAC,TEN,27,17,0,8.0,40.0
2024,10,LA,MIA,15,23,0,2.5,49.5
2024,11,PHI,WAS,26,18,0,4.5,49.5
2024,11,DEN,ATL,38,6,0,2.0,44.5
2024,11,PIT,BAL,18,16,0,-3.0,48.0
2024,11,LAC,CIN,34,27,0,1.0,48.0
2024,11,NO,CLE,35,14,0,-1.0,44.0
2024,11,CHI,GB,19,20,0,-6.0,41.0
2024,11,NYJ,IND,27,28,0,4.0,43.0
2024,11,DET,JAX,52,6,0,14.0,47.5
2024,11,BUF,KC,30,21,0,2.5,46.5
2024,11,NE,LA,22,28,0,-4.0,42.5
2024,11,MIA,LV,34,19,0,8.0,43.5
2024,11,TEN,MIN,13,23,0,-6.0,40.0
2024,11,SF,SEA,17,20,0,6.0,49.0
2024,11,DAL,HOU,10,34,0,-7.5,41.5
2024,12,CLE,PIT,24,19,0,-3.5,36.5
2024,12,SEA,ARI,16,6,0,-1.0,46.5
2024,12,WAS,DAL,26,34,0,10.5,45.0
2024,12,LV,DEN,19,29,0,-6.5,41.5
2024,12,IND,DET,6,24,0,-7.0,50.5
2024,12,CAR,KC,27,30,0,-11.0,43.0
2024,12,CHI,MIN,27,30,0,-3.0,39.5
2024,12,MIA,NE,34,15,0,7.5,46.0
2024,12,LA,PHI,20,37,0,-3.0,49.0
2024,12,GB,SF,38,10,0,6.5,44.5
2024,12,NYG,TB,7,30,0,-6.5,40.5
2024,12,HOU,TEN,27,32,0,8.0,40.5
2024,12,LAC,BAL,23,30,0,-3.0,51.0
2024,13,DET,CHI,23,20,0,9.5,47.5
2024,13,GB,MIA,30,17,0,3.5,47.5
2024,13,DAL,NYG,27,20,0,4.5,39.0
2024,13,KC,LV,19,17,0,13.5,42.0
2024,13,MIN,ARI,23,22,0,3.5,45.5
2024,13,JAX,HOU,20,23,0,-3.5,44.5
2024,13,NE,IND,24,25,0,-2.5,41.5
2024,13,ATL,LAC,13,17,0,-1.0,47.0
2024,13,NO,LA,14,21,0,-2.5,48.5
2024,13,BAL,PHI,19,24,0,3.0,50.0
2024,13,CIN,PIT,38,44,0,3.0,46.0
2024,13,NYJ,SEA,21,26,0,1.0,41.5
2024,13,BUF,SF,35,10,0,6.5,45.0
2024,13,CAR,TB,23,26,0,-6.5,46.0
2024,13,WAS,TEN,42,19,0,6.0,45.0
2024,13,DEN,CLE,41,32,0,6.5,41.5
2024,14,DET,GB,34,31,0,3.0,53.0
2024,14,MIN,ATL,42,21,0,6.0,46.5
2024,14,LA,BUF,44,42,0,-3.5,49.5
2024,14,PHI,CAR,22,16,0,14.0,44.5
2024,14,SF,CHI,38,13,0,3.0,43.5
2024,14,PIT,CLE,27,14,0,6.0,43.0
2024,14,TEN,JAX,6,10,0,3.0,40.0
2024,14,KC,LAC,19,17,0,5.0,43.5
2024,14,TB,LV,28,13,0,7.0,47.0
2024,14,NYG,NO,11,14,0,-5.5,41.0
2024,14,MIA,NYJ,32,26,0,6.5,45.0
2024,14,ARI,SEA,18,30,0,3.0,45.5
2024,14,DAL,CIN,20,27,0,-5.0,51.0
2024,15,SF,LA,6,12,0,3.0,48.5
2024,15,NYG,BAL,14,35,0,-16.5,43.5
2024,15,DET,BUF,42,48,0,2.5,55.5
2024,15,TEN,CIN,27,37,0,-6.0,46.5
2024,15,CAR,DAL,14,30,0,2.5,42.0
2024,15,SEA,GB,13,30,0,-3.0,48.0
2024,15,DEN,IND,31,13,0,4.5,43.5
2024,15,CLE,KC,7,21,0,-4.5,41.5
2024,15,HOU,MIA,20,12,0,2.5,46.5
2024,15,ARI,NE,30,17,0,6.0,46.5
2024,15,JAX,NYJ,25,32,0,-3.5,41.5
2024,15,PHI,PIT,27,13,0,5.5,43.0
2024,15,LAC,TB,17,40,0,3.0,46.0
2024,15,NO,WAS,19,20,0,-7.5,44.5
2024,15,LV,ATL,9,15,0,-6.5,44.5
2024,15,MIN,CHI,30,12,0,7.0,43.5
2024,16,LAC,DEN,34,27,0,3.0,41.5
2024,16,KC,HOU,27,19,0,3.5,42.5
2024,16,BAL,PIT,34,17,0,7.0,44.5
2024,16,CAR,ARI,36,30,0,-5.5,47.0
2024,16,CIN,CLE,24,6,0,10.0,46.5
2024,16,CHI,DET,17,34,0,-7.0,47.5
2024,16,LV,JAX,19,14,0,2.5,41.5
2024,16,NYJ,LA,9,19,0,-3.0,47.0
2024,16,SEA,MIN,24,27,0,-2.5,43.0
2024,16,BUF,NE,24,21,0,14.0,48.0
2024,16,ATL,NYG,34,7,0,9.5,42.5
2024,16,WAS,PHI,36,33,0,-4.0,47.0
2024,16,MIA,SF,29,17,0,-2.0,44.0
2024,16,DAL,TB,26,24,0,-4.5,47.5
2024,16,IND,TEN,38,30,0,4.0,42.5
2024,16,GB,NO,34,0,0,14.0,44.0
2024,17,HOU,BAL,2,31,0,-5.5,46.5
2024,17,PIT,KC,10,29,0,-3.0,43.5
2024,17,CHI,SEA,3,6,0,-3.5,43.5
2024,17,LA,ARI,13,9,0,6.5,48.0
2024,17,CIN,DEN,30,24,0,3.5,50.5
2024,17,NE,LAC,7,40,0,-6.0,42.0
2024,17,WAS,ATL,30,24,0,3.5,46.5
2024,17,TB,CAR,48,14,0,9.5,47.5
2024,17,PHI,DAL,41,7,0,7.5,37.5
2024,17,MIN,GB,27,25,0,-1.0,49.0
2024,17,NYG,IND,45,33,0,-7.5,40.5
2024,17,NO,LV,10,25,0,-2.0,37.5
2024,17,CLE,MIA,3,20,0,-3.0,32.5
2024,17,BUF,NYJ,40,14,0,10.0,44.5
2024,17,JAX,TEN,20,13,0,-1.0,38.0
2024,17,SF,DET,34,40,0,-4.0,50.5
2024,18,PIT,CIN,17,19,0,-2.5,48.5
2024,18,BAL,CLE,35,10,0,19.5,42.5
2024,18,NE,BUF,23,16,0,-3.0,36.5
2024,18,ATL,CAR,38,44,0,7.5,48.5
2024,18,GB,CHI,22,24,0,10.0,41.5
2024,18,TEN,HOU,14,23,0,2.5,36.5
2024,18,IND,JAX,26,23,0,3.5,45.5
2024,18,DEN,KC,38,0,0,10.5,40.5
2024,18,LV,LAC,20,34,0,-7.0,42.5
2024,18,NYJ,MIA,32,20,0,1.5,39.5
2024,18,DET,MIN,31,9,0,3.0,56.5
2024,18,TB,NO,27,19,0,14.5,44.5
2024,18,PHI,NYG,20,13,0,3.0,36.5
2024,18,LA,SEA,25,30,0,-7.5,38.5
2024,18,ARI,SF,47,24,0,4.5,42.5
2024,18,DAL,WAS,19,23,0,-7.0,43.5
2024,19,HOU,LAC,32,12,0,-3.0,41.5
2024,19,BAL,PIT,28,14,0,9.5,44.5
2024,19,BUF,DEN,31,7,0,7.5,48.5
2024,19,PHI,GB,22,10,0,5.5,45.5
2024,19,TB,WAS,20,23,0,3.0,51.5
2024,19,LA,MIN,27,9,1,-2.5,47.5
2024,20,KC,HOU,23,14,0,9.5,41.5
2024,20,DET,WAS,31,45,0,8.5,55.5
2024,20,BUF,BAL,27,25,0,-1.5,51.5
2024,20,PHI,LA,28,22,0,7.0,43.5
2024,21,KC,BUF,32,29,0,1.5,49.5
2024,21,PHI,WAS,55,23,0,6.0,46.5
2024,22,PHI,KC,40,22,1,-1.5,48.5
2025,1,PHI,DAL,24,20,0,8.5,47.5
2025,1,LAC,KC,27,21,1,-3.0,47.5
2025,1,NO,ARI,13,20,0,-6.0,44.5
2025,1,BUF,BAL,41,40,0,-1.5,50.5
2025,1,JAX,CAR,26,10,0,4.5,45.5
2025,1,CLE,CIN,16,17,0,-5.5,47.5
2025,1,GB,DET,27,13,0,1.5,48.5
2025,1,LA,HOU,14,9,0,3.5,43.5
2025,1,NE,LV,13,20,0,2.5,44.5
2025,1,IND,MIA,33,8,0,1.5,47.5
2025,1,WAS,NYG,21,6,0,6.0,45.5
2025,1,NYJ,PIT,32,34,0,-3.0,37.5
2025,1,SEA,SF,13,17,0,-2.5,43.5
2025,1,ATL,TB,20,23,0,-1.5,47.5
2025,1,DEN,TEN,20,12,0,8.5,42.5
2025,1,CHI,MIN,24,27,0,-1.5,43.5
2025,2,GB,WAS,27,18,0,3.5,48.5
2025,2,MIN,ATL,6,22,0,3.5,44.5
2025,2,NYJ,BUF,10,30,0,-6.0,47.5
2025,2,ARI,CAR,27,22,0,7.0,45.5
2025,2,DET,CHI,52,21,0,6.0,46.5
2025,2,BAL,CLE,41,17,0,12.5,46.5
2025,2,IND,DEN,29,28,0,-2.5,43.5
2025,2,CIN,JAX,31,27,0,3.5,49.5
2025,2,TEN,LA,19,33,0,-5.5,41.5
2025,2,MIA,NE,27,33,0,1.5,43.5
2025,2,DAL,NYG,40,37,0,4.5,44.5
2025,2,KC,PHI,17,20,0,-1.5,46.5
2025,2,PIT,SEA,17,31,0,3.5,40.5
2025,2,NO,SF,21,26,0,-3.0,40.5
2025,2,LV,LAC,9,20,0,-3.5,46.5
2025,2,HOU,TB,19,20,0,2.5,42.5
2025,3,BUF,MIA,31,21,0,12.5,50.5
2025,3,SF,ARI,16,15,0,1.5,44.5
2025,3,CAR,ATL,30,0,0,-5.5,44.5
2025,3,MIN,CIN,48,10,0,3.0,41.5
2025,3,CHI,DAL,31,14,0,-1.5,49.5
2025,3,LAC,DEN,23,20,0,2.5,45.5
2025,3,CLE,GB,13,10,0,-8.5,41.5
2025,3,JAX,HOU,17,10,0,1.5,43.5
2025,3,TEN,IND,20,41,0,-6.0,43.5
2025,3,NYG,KC,9,22,0,-6.0,44.5
2025,3,PHI,LA,33,26,0,3.5,45.5
2025,3,WAS,LV,41,24,0,2.5,43.5
2025,3,SEA,NO,44,13,0,7.5,41.5
2025,3,TB,NYJ,29,27,0,6.5,43.5
2025,3,NE,PIT,14,21,0,-1.5,44.5
2025,3,BAL,DET,30,38,0,4.5,53.5
2025,4,ARI,SEA,20,23,0,-1.5,43.5
2025,4,KC,BAL,37,20,0,-2.5,48.5
2025,4,NE,CAR,42,13,0,5.5,42.5
2025,4,LV,CHI,24,25,0,1.5,47.5
2025,4,DET,CLE,34,10,0,10.0,44.5
2025,4,DAL,GB,40,40,0,-7.0,47.5
2025,4,LA,IND,27,20,0,3.5,49.5
2025,4,SF,JAX,21,26,0,3.5,45.5
2025,4,NYG,LAC,21,18,0,-6.0,43.5
2025,4,PIT,MIN,24,21,1,-2.5,41.5
2025,4,BUF,NO,31,19,0,15.5,48.5
2025,4,TB,PHI,25,31,0,-3.5,44.5
2025,4,HOU,TEN,26,0,0,7.5,39.5
2025,4,ATL,WAS,34,27,0,2.5,43.5
2025,4,DEN,CIN,28,3,0,7.5,44.5
2025,4,MIA,NYJ,27,21,0,2.5,44.5
2025,5,LA,SF,23,26,0,8.5,43.5
2025,5,NYJ,DAL,22,37,0,1.5,48.5
2025,5,PHI,DEN,17,21,0,3.5,44.5
2025,5,CIN,DET,24,37,0,-10.5,49.5
2025,5,BAL,HOU,10,44,0,-2.5,41.5
2025,5,IND,LV,40,6,0,7.0,46.5
2025,5,CAR,MIA,27,24,0,-1.5,44.5
2025,5,CLE,MIN,17,21,1,-3.5,35.5
2025,5,BUF,NE,20,23,0,7.5,49.5
2025,5,NO,NYG,26,14,0,1.5,41.5
2025,5,SEA,TB,35,38,0,3.5,44.5
2025,5,ARI,TEN,21,22,0,7.5,41.5
2025,5,LAC,WAS,10,27,0,2.5,47.5
2025,5,JAX,KC,31,28,0,-3.5,45.5
2025,6,NYG,PHI,34,17,0,-7.0,40.5
2025,6,IND,ARI,31,27,0,8.5,46.5
2025,6,GB,CIN,27,18,0,14.0,44.5
2025,6,PIT,CLE,23,9,0,5.5,37.5
2025,6,CAR,DAL,30,27,0,-3.0,47.5
2025,6,NYJ,DEN,11,13,1,-7.5,43.5
2025,6,KC,DET,30,17,0,2.5,51.5
2025,6,MIA,LAC,27,29,0,-3.5,45.5
2025,6,BAL,LA,3,17,0,-7.0,43.5
2025,6,NO,NE,19,25,0,-3.5,46.5
2025,6,JAX,SEA,12,20,0,-1.5,47.5
2025,6,TB,SF,30,19,0,3.5,46.5
2025,6,LV,TEN,20,10,0,3.5,41.5
2025,6,ATL,BUF,24,14,0,-3.5,49.5
2025,6,WAS,CHI,24,25,0,5.5,49.5
2025,7,CIN,PIT,33,31,0,-5.5,45.5
2025,7,SF,ATL,20,10,0,1.5,46.5
2025,7,NYJ,CAR,6,13,0,1.5,39.5
2025,7,ARI,GB,23,27,0,-7.0,44.5
2025,7,LAC,IND,24,38,0,2.5,48.5
2025,7,JAX,LA,7,35,1,-3.0,44.5
2025,7,KC,LV,31,0,0,13.5,44.5
2025,7,CLE,MIA,31,6,0,2.5,34.5
2025,7,TEN,NE,13,31,0,-6.5,40.5
2025,7,CHI,NO,26,14,0,4.5,43.5
2025,7,DEN,NYG,33,32,0,7.5,39.5
2025,7,MIN,PHI,22,28,0,-2.5,43.5
2025,7,DAL,WAS,44,22,0,1.5,54.5
2025,7,SEA,HOU,27,19,0,3.0,41.5
2025,7,DET,TB,24,9,0,6.0,54.5
2025,8,LAC,MIN,37,10,0,3.0,45.5
2025,8,CAR,BUF,9,40,0,-7.0,47.5
2025,8,BAL,CHI,30,16,0,2.5,45.5
2025,8,NE,CLE,32,13,0,7.0,40.5
2025,8,DEN,DAL,44,24,0,3.5,51.5
2025,8,PIT,GB,25,35,0,-3.0,46.5
2025,8,ATL,MIA,10,34,0,7.0,44.5
2025,8,PHI,NYG,38,20,0,7.0,43.5
2025,8,CIN,NYJ,38,39,0,5.5,43.5
2025,8,HOU,SF,26,15,0,2.5,41.5
2025,8,NO,TB,3,23,0,-4.5,46.5
2025,8,IND,TEN,38,14,0,15.5,47.5
2025,8,KC,WAS,28,7,0,10.5,48.5
2025,9,MIA,BAL,6,28,0,-7.5,51.5
2025,9,NE,ATL,24,23,0,5.5,45.5
2025,9,GB,CAR,13,16,0,12.5,43.5
2025,9,CIN,CHI,42,47,0,-3.0,51.5
2025,9,HOU,DEN,15,18,0,1.5,40.5
2025,9,PIT,IND,27,20,0,-3.5,51.5
2025,9,LV,JAX,29,30,0,-2.5,43.5
2025,9,BUF,KC,28,21,0,-2.5,53.5
2025,9,TEN,LAC,20,27,0,-10.0,44.5
2025,9,DET,MIN,24,27,0,9.5,47.5
2025,9,LA,NO,34,10,0,14.0,44.5
2025,9,WAS,SEA,14,38,0,-2.5,47.5
2025,9,NYG,SF,24,34,0,-2.5,47.5
2025,9,DAL,ARI,17,27,0,3.5,53.5
2025,10,DEN,LV,10,7,0,9.5,42.5
2025,10,SEA,ARI,44,22,0,7.0,44.5
2025,10,IND,ATL,31,25,1,6.5,48.5
2025,10,MIN,BAL,19,27,0,-4.5,48.5
2025,10,MIA,BUF,30,13,0,-8.5,50.5
2025,10,NYJ,CLE,27,20,0,-1.5,37.5
2025,10,WAS,DET,22,44,0,-8.5,49.5
2025,10,HOU,JAX,36,29,0,-1.5,37.5
2025,10,SF,LA,26,42,0,-5.5,49.5
2025,10,TB,NE,23,28,0,2.5,48.5
2025,10,CAR,NO,7,17,0,5.5,38.5
2025,10,CHI,NYG,24,20,0,4.5,45.5
2025,10,LAC,PIT,25,10,0,3.0,45.5
2025,10,GB,PHI,7,10,0,1.5,45.5
2025,11,NE,NYJ,27,14,0,12.5,43.5
2025,11,CLE,BAL,16,23,0,-7.5,37.5
2025,11,ATL,CAR,27,30,0,4.5,42.5
2025,11,MIN,CHI,17,19,0,3.0,47.5
2025,11,PIT,CIN,34,12,0,5.5,48.5
2025,11,PHI,DET,16,9,0,2.5,46.5
2025,11,NYG,GB,20,27,0,-7.5,41.5
2025,11,TEN,HOU,13,16,0,-5.5,37.5
2025,11,DEN,KC,22,19,0,-3.5,44.5
2025,11,JAX,LAC,35,6,0,-3.0,43.5
2025,11,LA,SEA,21,19,0,3.0,49.5
2025,11,ARI,SF,22,41,0,-3.5,48.5
2025,11,BUF,TB,44,32,0,6.0,46.5
2025,11,MIA,WAS,16,13,1,2.5,47.5
2025,11,LV,DAL,16,33,0,-3.5,48.5
2025,12,HOU,BUF,23,19,0,-5.5,43.5
2025,12,NO,ATL,10,24,0,1.5,41.5
2025,12,LV,CLE,10,24,0,3.0,35.5
2025,12,KC,IND,23,20,0,3.5,50.5
2025,12,ARI,JAX,24,27,0,-2.5,47.5
2025,12,GB,MIN,23,6,0,6.5,41.5
2025,12,CIN,NE,20,26,0,-7.5,50.5
2025,12,DET,NYG,34,27,0,14.0,50.5
2025,12,BAL,NYJ,23,10,0,14.0,44.5
2025,12,DAL,PHI,24,21,0,-3.0,47.5
2025,12,CHI,PIT,31,28,0,3.0,46.5
2025,12,TEN,SEA,24,30,0,-12.5,41.5
2025,12,LA,TB,34,7,0,7.0,49.5
2025,12,SF,CAR,20,9,0,7.5,48.5
2025,13,BAL,CIN,14,32,0,7.0,52.5
2025,13,DET,GB,24,31,0,2.5,48.5
2025,13,DAL,KC,31,28,0,-3.5,53.5
2025,13,PHI,CHI,15,24,0,7.0,43.5
2025,13,TB,ARI,20,17,0,4.5,44.5
2025,13,NYJ,ATL,27,24,0,-3.0,38.5
2025,13,PIT,BUF,7,26,0,-3.0,44.5
2025,13,WAS,DEN,26,27,0,-6.5,43.5
2025,13,IND,HOU,16,20,0,3.0,44.5
2025,13,TEN,JAX,3,25,0,-6.0,42.5
2025,13,CAR,LA,31,28,0,-10.0,44.5
2025,13,LAC,LV,31,14,0,10.0,40.5
2025,13,SEA,MIN,26,0,0,12.5,42.5
2025,13,MIA,NO,21,17,0,5.5,41.5
2025,13,CLE,SF,8,26,0,-5.5,35.5
2025,13,NE,NYG,33,15,0,7.0,46.5
2025,14,DET,DAL,44,30,0,3.5,55.5
2025,14,GB,CHI,28,21,0,6.5,44.5
2025,14,BUF,CIN,39,34,0,6.0,54.5
2025,14,LV,DEN,17,24,0,-8.5,40.5
2025,14,KC,HOU,10,20,0,4.5,41.5
2025,14,JAX,IND,36,19,0,-2.5,44.5
2025,14,ARI,LA,17,45,0,-9.5,49.5
2025,14,NYJ,MIA,10,34,0,-2.5,41.5
2025,14,TB,NO,20,24,0,7.5,41.5
2025,14,BAL,PIT,22,27,0,5.5,43.5
2025,14,ATL,SEA,9,37,0,-7.0,44.5
2025,14,CLE,TEN,29,31,0,4.5,33.5
2025,14,MIN,WAS,31,0,0,-1.5,43.5
2025,14,LAC,PHI,22,19,0,-1.5,41.5
2025,15,TB,ATL,28,29,0,6.0,43.5
2025,15,HOU,ARI,40,20,0,10.5,42.5
2025,15,CIN,BAL,0,24,0,-2.5,51.5
2025,15,NE,BUF,31,35,0,-2.5,49.5
2025,15,NO,CAR,20,17,0,-2.5,41.5
2025,15,CHI,CLE,31,3,0,7.5,38.5
2025,15,LA,DET,41,34,0,5.5,54.5
2025,15,DEN,GB,34,26,0,-1.5,42.5
2025,15,SEA,IND,18,16,0,13.5,41.5
2025,15,KC,LAC,13,16,0,5.5,41.5
2025,15,PHI,LV,31,0,0,12.5,37.5
2025,15,DAL,MIN,26,34,0,5.5,47.5
2025,15,JAX,NYJ,48,20,0,13.5,40.5
2025,15,SF,TEN,37,24,0,12.5,44.5
2025,15,NYG,WAS,21,29,0,2.5,46.5
2025,15,PIT,MIA,28,15,0,3.0,42.5
2025,16,SEA,LA,38,37,0,1.5,42.5
2025,16,CHI,GB,22,16,0,1.5,45.5
2025,16,WAS,PHI,18,29,0,-7.0,43.5
2025,16,ARI,ATL,19,26,0,-2.5,48.5
2025,16,CLE,BUF,20,23,0,-10.5,41.5
2025,16,MIA,CIN,21,45,0,-3.5,48.5
2025,16,DEN,JAX,20,34,0,3.5,46.5
2025,16,TEN,KC,26,9,0,-3.5,37.5
2025,16,DAL,LAC,17,34,0,1.5,50.5
2025,16,HOU,LV,23,21,0,14.5,39.5
2025,16,NYG,MIN,13,16,0,-2.5,41.5
2025,16,BAL,NE,24,28,0,3.5,48.5
2025,16,NO,NYJ,29,6,0,6.5,39.5
2025,16,DET,PIT,24,29,0,7.5,52.5
2025,16,CAR,TB,23,20,0,-3.0,44.5
2025,16,IND,SF,27,48,0,-4.5,46.5
2025,17,WAS,DAL,23,30,0,-8.5,50.5
2025,17,KC,DEN,13,20,0,-13.5,37.5
2025,17,MIN,DET,23,10,0,-7.0,45.5
2025,17,GB,BAL,24,41,0,2.5,38.5
2025,17,LAC,HOU,16,20,0,1.5,40.5
2025,17,CIN,ARI,37,14,0,7.0,52.5
2025,17,SF,CHI,42,38,0,3.5,51.5
2025,17,IND,JAX,17,23,0,-3.5,48.5
2025,17,NYJ,NE,10,42,0,-12.5,42.5
2025,17,TEN,NO,26,34,0,-1.5,39.5
2025,17,LV,NYG,10,34,0,-3.0,40.5
2025,17,BUF,PHI,12,13,0,3.0,45.5
2025,17,CLE,PIT,13,6,0,-4.5,35.5
2025,17,CAR,SEA,10,27,0,-6.5,42.5
2025,17,MIA,TB,20,17,0,-5.5,44.5
2025,17,ATL,LA,27,24,0,-7.5,48.5
2025,18,TB,CAR,16,14,0,3.0,43.5
2025,18,SF,SEA,3,13,0,-2.5,47.5
2025,18,LA,ARI,37,20,0,14.5,49.5
2025,18,PIT,BAL,26,24,0,-4.5,41.5
2025,18,CIN,CLE,18,20,0,9.5,47.5
2025,18,NYG,DAL,34,17,0,-3.0,50.5
2025,18,CHI,DET,16,19,0,3.5,51.5
2025,18,MIN,GB,16,3,0,12.5,37.5
2025,18,HOU,IND,38,30,0,9.5,37.5
2025,18,LV,KC,14,12,0,-3.5,36.5
2025,18,DEN,LAC,19,3,0,14.5,37.5
2025,18,NE,MIA,38,10,0,14.0,44.5
2025,18,ATL,NO,19,17,0,4.5,43.5
2025,18,BUF,NYJ,35,8,0,12.5,39.5
2025,18,JAX,TEN,41,7,0,12.5,46.5
2025,18,PHI,WAS,17,24,0,3.0,38.5
2025,19,CHI,GB,31,27,0,-2.5,45.5
2025,19,CAR,LA,31,34,0,-10.0,44.5
2025,19,JAX,BUF,24,27,0,1.5,51.5
2025,19,NE,LAC,16,3,0,3.5,45.5
2025,19,PHI,SF,19,23,0,6.0,44.5
2025,19,PIT,HOU,6,30,0,-3.0,38.5
2025,20,DEN,BUF,33,30,0,1.5,45.5
2025,20,SEA,SF,41,6,0,6.5,44.5
2025,20,NE,HOU,28,16,0,3.0,40.5
2025,20,CHI,LA,17,20,0,-3.5,49.5
2025,21,SEA,LA,31,27,0,2.5,45.5
2025,21,DEN,NE,7,10,0,-3.5,43.5
2025,22,NE,SEA,13,29,1,-4.5,45.5
2026,1,SEA,NE,13,10,0,3.0,44.5
2026,1,LA,SF,7,27,1,3.5,47.5
2026,1,LAC,ARI,14,26,0,8.5,47.5
2026,1,PIT,ATL,20,13,0,6.5,40.5
2026,1,IND,BAL,23,41,0,-3.0,48.5
2026,1,HOU,BUF,31,36,0,-1.5,44.5
2026,1,CAR,CHI,37,59,0,-3.0,47.5
2026,1,JAX,CLE,34,10,0,8.5,40.5
2026,1,NYG,DAL,28,20,0,-3.0,47.5
2026,1,MIN,GB,39,22,0,1.5,46.5
2026,1,LV,MIA,27,13,0,3.0,40.5
2026,1,DET,NO,31,30,0,7.0,49.5
2026,1,TEN,NYJ,10,23,0,1.5,39.5
2026,1,CIN,TB,33,27,0,3.5,50.5
2026,1,PHI,WAS,24,22,0,6.0,43.5
2026,1,KC,DEN,31,10,0,2.5,42.5
2026,2,BUF,DET,41,31,0,5.5,54.5
2026,2,ATL,CAR,3,34,0,-2.5,43.5
2026,2,HOU,CIN,6,20,0,3.0,45.5
2026,2,TB,CLE,19,23,0,8.5,41.5
2026,2,NYJ,GB,17,20,0,-3.5,44.5
2026,2,KC,IND,33,30,0,6.0,46.5
2026,2,DEN,JAX,20,13,0,2.5,45.5
2026,2,LAC,LV,14,26,0,6.5,43.5
2026,2,SF,MIA,35,13,0,12.5,44.5
2026,2,CHI,MIN,3,9,0,4.5,46.5
2026,2,BAL,NO,17,24,0,8.5,45.5
2026,2,TEN,PHI,20,24,0,-7.0,39.5
2026,2,NE,PIT,20,3,0,4.5,41.5
2026,2,ARI,SEA,7,31,0,-3.5,40.5
2026,2,DAL,WAS,37,20,0,3.5,51.5
2026,2,LA,NYG,28,6,0,6.5,47.5
2026,3,GB,ATL,,,0,6.0,43.5
2026,3,SF,ARI,,,0,8.5,47.5
2026,3,DAL,BAL,,,1,-3.0,52.5
2026,3,CLE,CAR,,,0,-2.5,42.5
2026,3,PIT,CIN,,,0,-3.5,42.5
2026,3,IND,HOU,,,0,-2.5,43.5
2026,3,MIA,KC,,,0,-11.5,46.5
2026,3,BUF,LAC,,,0,7.0,50.5
2026,3,DEN,LA,,,0,-2.5,45.5
2026,3,NO,LV,,,0,3.0,43.5
2026,3,TB,MIN,,,0,-1.5,42.5
2026,3,JAX,NE,,,0,3.0,45.5
2026,3,DET,NYJ,,,0,6.5,48.5
2026,3,WAS,SEA,,,0,-7.0,40.5
2026,3,NYG,TEN,,,0,3.5,40.5
2026,3,CHI,PHI,,,0,-3.5,43.5
2026,4,CLE,PIT,,,0,,
2026,4,NYG,ARI,,,0,,
2026,4,HOU,DAL,,,0,,
2026,4,SF,DEN,,,0,,
2026,4,CAR,DET,,,0,,
2026,4,TB,GB,,,0,,
2026,4,WAS,IND,,,1,,
2026,4,CIN,JAX,,,0,,
2026,4,LV,KC,,,0,,
2026,4,SEA,LAC,,,0,,
2026,4,PHI,LA,,,0,,
2026,4,MIN,MIA,,,0,,
2026,4,BUF,NE,,,0,,
2026,4,CHI,NYJ,,,0,,
2026,4,BAL,TEN,,,0,,
2026,4,NO,ATL,,,0,,
2026,5,DAL,TB,,,0,,
2026,5,ATL,BAL,,,0,,
2026,5,GB,CHI,,,0,,
2026,5,MIA,CIN,,,0,,
2026,5,NYJ,CLE,,,0,,
2026,5,LAC,DEN,,,0,,
2026,5,ARI,DET,,,0,,
2026,5,TEN,HOU,,,0,,
2026,5,PIT,IND,,,0,,
2026,5,NE,LV,,,0,,
2026,5,NO,MIN,,,0,,
2026,5,WAS,NYG,,,0,,
2026,5,JAX,PHI,,,0,,
2026,5,SEA,SF,,,0,,
2026,5,LA,BUF,,,0,,
2026,6,DEN,SEA,,,0,,
2026,6,LA,ARI,,,0,,
2026,6,CLE,BAL,,,0,,
2026,6,LV,BUF,,,0,,
2026,6,PHI,CAR,,,0,,
2026,6,ATL,CHI,,,0,,
2026,6,GB,DAL,,,0,,
2026,6,JAX,HOU,,,1,,
2026,6,KC,LAC,,,0,,
2026,6,NYG,NO,,,0,,
2026,6,NE,NYJ,,,0,,
2026,6,TB,PIT,,,0,,
2026,6,IND,TEN,,,0,,
2026,6,SF,WAS,,,0,,
2026,7,CHI,NE,,,0,,
2026,7,BAL,CIN,,,0,,
2026,7,TEN,CLE,,,0,,
2026,7,ARI,DEN,,,0,,
2026,7,DET,GB,,,0,,
2026,7,MIN,IND,,,0,,
2026,7,SEA,KC,,,0,,
2026,7,LV,LA,,,0,,
2026,7,NYJ,MIA,,,0,,
2026,7,HOU,NYG,,,0,,
2026,7,NO,PIT,,,1,,
2026,7,ATL,SF,,,0,,
2026,7,CAR,TB,,,0,,
2026,7,PHI,DAL,,,0,,
2026,8,GB,CAR,,,0,,
2026,8,DAL,ARI,,,0,,
2026,8,TB,ATL,,,0,,
2026,8,BUF,BAL,,,0,,
2026,8,PIT,CLE,,,0,,
2026,8,JAX,IND,,,0,,
2026,8,DEN,KC,,,0,,
2026,8,LA,LAC,,,0,,
2026,8,NYJ,LV,,,0,,
2026,8,DET,MIN,,,0,,
2026,8,MIA,NE,,,0,,
2026,8,WAS,PHI,,,0,,
2026,8,CIN,TEN,,,0,,
2026,8,SEA,CHI,,,0,,
2026,9,BAL,JAX,,,0,,
2026,9,SEA,ARI,,,0,,
2026,9,ATL,CIN,,,1,,
2026,9,NO,CLE,,,0,,
2026,9,IND,DAL,,,0,,
2026,9,CAR,DEN,,,0,,
2026,9,MIA,DET,,,0,,
2026,9,NE,GB,,,0,,
2026,9,LAC,HOU,,,0,,
2026,9,WAS,LA,,,0,,
2026,9,SF,LV,,,0,,
2026,9,PHI,NYG,,,0,,
2026,9,KC,NYJ,,,0,,
2026,9,CHI,TB,,,0,,
2026,9,MIN,BUF,,,0,,
2026,10,NYG,WAS,,,0,,
2026,10,NYJ,BUF,,,0,,
2026,10,NO,CAR,,,0,,
2026,10,CLE,HOU,,,0,,
2026,10,TEN,JAX,,,0,,
2026,10,ATL,KC,,,0,,
2026,10,ARI,LA,,,0,,
2026,10,IND,MIA,,,0,,
2026,10,GB,MIN,,,0,,
2026,10,DET,NE,,,1,,
2026,10,CIN,PIT,,,0,,
2026,10,LV,SEA,,,0,,
2026,10,DAL,SF,,,0,,
2026,10,BAL,LAC,,,0,,
2026,11,HOU,IND,,,0,,
2026,11,KC,ARI,,,0,,
2026,11,CAR,BAL,,,0,,
2026,11,NYG,JAX,,,0,,
2026,11,DEN,LV,,,0,,
2026,11,BUF,MIA,,,0,,
2026,11,SF,MIN,,,1,,
2026,11,CHI,NO,,,0,,
2026,11,LAC,NYJ,,,0,,
2026,11,PHI,PIT,,,0,,
2026,11,DET,TB,,,0,,
2026,11,DAL,TEN,,,0,,
2026,11,WAS,CIN,,,0,,
2026,12,LA,GB,,,0,,
2026,12,DET,CHI,,,0,,
2026,12,BUF,KC,,,0,,
2026,12,DAL,PHI,,,0,,
2026,12,PIT,DEN,,,0,,
2026,12,MIN,ATL,,,0,,
2026,12,HOU,BAL,,,0,,
2026,12,CLE,LV,,,0,,
2026,12,LAC,NE,,,0,,
2026,12,CIN,NO,,,0,,
2026,12,IND,NYG,,,0,,
2026,12,MIA,NYJ,,,0,,
2026,12,SF,SEA,,,0,,
2026,12,JAX,TEN,,,0,,
2026,12,ARI,WAS,,,0,,
2026,12,TB,CAR,,,0,,
2026,13,LA,KC,,,0,,
2026,13,NE,BUF,,,0,,
2026,13,MIN,CAR,,,0,,
2026,13,CLE,CIN,,,0,,
2026,13,ATL,DET,,,0,,
2026,13,NO,GB,,,0,,
2026,13,PIT,HOU,,,0,,
2026,13,CHI,JAX,,,0,,
2026,13,TB,LAC,,,0,,
2026,13,DEN,MIA,,,0,,
2026,13,ARI,PHI,,,0,,
2026,13,NYG,SF,,,0,,
2026,13,TEN,WAS,,,0,,
2026,13,SEA,DAL,,,0,,
2026,14,NE,MIN,,,0,,
2026,14,CLE,ATL,,,0,,
2026,14,GB,BUF,,,0,,
2026,14,MIA,CHI,,,0,,
2026,14,NYJ,DEN,,,0,,
2026,14,WAS,HOU,,,0,,
2026,14,PHI,IND,,,0,,
2026,14,CIN,KC,,,0,,
2026,14,LV,LAC,,,0,,
2026,14,SF,LA,,,0,,
2026,14,CAR,NO,,,0,,
2026,14,SEA,NYG,,,0,,
2026,14,BAL,TB,,,0,,
2026,14,DET,TEN,,,0,,
2026,14,JAX,PIT,,,0,,
2026,15,LAC,SF,,,0,,
2026,15,BUF,CHI,,,0,,
2026,15,PHI,SEA,,,0,,
2026,15,WAS,ATL,,,0,,
2026,15,PIT,BAL,,,0,,
2026,15,CAR,CIN,,,0,,
2026,15,NYG,CLE,,,0,,
2026,15,LA,DAL,,,0,,
2026,15,LV,DEN,,,0,,
2026,15,MIN,DET,,,0,,
2026,15,TEN,IND,,,0,,
2026,15,HOU,JAX,,,0,,
2026,15,GB,MIA,,,0,,
2026,15,TB,NO,,,0,,
2026,15,ARI,NYJ,,,0,,
2026,15,KC,NE,,,0,,
2026,16,PHI,HOU,,,0,,
2026,16,DEN,BUF,,,0,,
2026,16,CHI,GB,,,0,,
2026,16,SEA,LA,,,0,,
2026,16,NO,ARI,,,0,,
2026,16,PIT,CAR,,,0,,
2026,16,IND,CIN,,,0,,
2026,16,BAL,CLE,,,0,,
2026,16,DAL,JAX,,,0,,
2026,16,MIA,LAC,,,0,,
2026,16,NYJ,NE,,,0,,
2026,16,KC,SF,,,0,,
2026,16,ATL,TB,,,0,,
2026,16,LV,TEN,,,0,,
2026,16,MIN,WAS,,,0,,
2026,16,DET,NYG,,,0,,
2026,17,CIN,BAL,,,0,,
2026,17,MIA,BUF,,,0,,
2026,17,NE,DEN,,,0,,
2026,17,CHI,DET,,,0,,
2026,17,CLE,IND,,,0,,
2026,17,LAC,KC,,,0,,
2026,17,TB,LA,,,0,,
2026,17,ARI,LV,,,0,,
2026,17,NYJ,MIN,,,0,,
2026,17,ATL,NO,,,0,,
2026,17,DAL,NYG,,,0,,
2026,17,SF,PHI,,,0,,
2026,17,TEN,PIT,,,0,,
2026,17,CAR,SEA,,,0,,
2026,17,JAX,WAS,,,0,,
2026,17,GB,HOU,,,0,,
2026,18,CAR,ATL,,,0,,
2026,18,MIN,CHI,,,0,,
2026,18,CIN,CLE,,,0,,
2026,18,WAS,DAL,,,0,,
2026,18,GB,DET,,,0,,
2026,18,IND,JAX,,,0,,
2026,18,DEN,LAC,,,0,,
2026,18,KC,LV,,,0,,
2026,18,NE,MIA,,,0,,
2026,18,BUF,NYJ,,,0,,
2026,18,NYG,PHI,,,0,,
2026,18,BAL,PIT,,,0,,
2026,18,LA,SEA,,,0,,
2026,18,ARI,SF,,,0,,
2026,18,NO,TB,,,0,,
2026,18,HOU,TEN,,,0,,
